Item Description,GTIN,Pack Type,Price,UOM,Category
100 Grand Single Sticks,10099900715067,12/36/1.5 oz,$510.84/$42.57,CS/BX,Singles-Chocolate
3 Musketeers 2 To Go,10040000246036,6/24/3.28 oz,$304.51/$50.75,CS/BX,Big Block/King Size
3 Musketeers Singles,10040000422089,10/36/1.92 oz,$442.03/$44.20,CS/BX,Singles-Chocolate
3 Musketeers Singles Vend,10040000532887,10/36/1.92 oz,$431.80/$43.18,CS/BX,Singles-Chocolate
5th Ave Standard Brand,20034000155037,24/18/2 oz,$564.82/$23.53,CS/BX,Singles-Chocolate
AirHeads Bar Assorted 5 Pack,00073390610982,8/18/2.75 oz,$158.81/$19.85,CS/BX,Singles-Non-Chocolat
Airheads Bites Peg Bag,00073390672065,12/6 oz,$22.92,CS,Singles - No UPC
Airheads Bites Stand Up Bag,00073390672171,12/9 oz,$31.93,CS,Count Goods
Airheads Fruit Bites Bag,00073390672041,8/18/2 oz,$158.81/$19.85,CS/BX,Singles - No UPC
AirHeads Soft Bites Peg Bag,00073390678524,12/6 oz,$22.92,CS,Bag Candy
AirHeads Sourfuls Xtremes,00073390678678,12/6 oz,$22.92,CS,Bag Candy
AirHeads Theater Box,00073390610418,12/3.3 oz,$14.19,CS,Concessions
AirHeads Xtreme Bts RnbwBrry,00073390678371,12/3.8 oz,$14.19,CS,Miscellaneous
AirHeads Xtreme Rainbow Belts,00073390670757,12/12/3 oz,$185.00/$15.42,CS/BX,Singles-Non-Chocolat
AirHeads Xtreme Sour Belt Tray,00073390677190,12/18/2 oz,$238.21/$19.85,CS/BX,Miscellaneous
AirHeads Xtremes Rainbow Berry,00073390678388,12/6 oz,$22.92,CS,Bag Candy
AirHeads Xtrms Bts Rainbow Bry,00073390678449,8/18/2 oz,$158.81/$19.85,CS/BX,Seasonal
ALMOND BLANCHED SLICED,10074865320655,3/2LB,$60.59,CS,ALMONDS
ALMOND BLANCHED SLIVERED RAW,10074865112601,3/2LB,$59.54,CS,ALMONDS
Almond Bold Elote,10041570148942,10/8/4 oz,$211.30/$21.13,CS/BX,Nuts
Almond Classic Dry Roast Sltd,10072238041848,30/1.5 oz,$39.57,CS,Nuts
Almond Cocoa Mini,00851562008061,24/.46 oz,$19.90,CS,Nuts
Almond Cream Brulee,10072238040490,30/1.5 oz,$39.57,CS,Nuts
Almond Dark Choc Coated,10824295134373,14/2 oz,$31.34,CS,Bagged Vend Size
Almond Dark Choc Coated,10824295134373,14/2 oz,$32.02,CS,Bagged Vend Size
Almond Dipped Lemon Bliss Skny,10851562008037,10/3.5 oz,$40.16,CS,Nuts
Almond Dipped Peanut Butter,10866515000372,10/3.5 oz,$40.16,CS,Nuts
Almond Honey Roasted,10041570148607,6/12 oz,$44.70,CS,Nuts
Almond Hot Honey,10041570152505,12/12/1.5 oz,$156.91,CS,Nuts
Almond Joy King Size,20034000052206,8/18/3.2 oz,$329.07/$41.13,CS/BX,Concessions
Almond Joy Snack Size,10034000020406,12/11.3 oz,$68.35,CS,Count Goods
Almond Lemon Bliss,20851562008607,40/1.2 oz,$66.33,CS,Nuts
Almond Lemon Bliss Skinny Dipp,10851562008358,24/.46 oz,$19.90,CS,Nuts
Almond Mix Mango Tango,10848996000379,12/9/1.5 oz,$162.45/$13.54,CS/BX,Nuts
Almond Peanut Butter Dipped,20851562008386,40/1.2 oz,$66.33,CS,Nuts
Almond Spicy Dill Pickle,10041570143589,12/12/1.5 oz,$156.91,CS,Nuts
Almonds Berry Macaroon Mix,30893869003616,18/1.5 oz,$27.66,CS,Nuts
Almonds Berry Macaroon Mix,10848996000133,12/9/1.5 oz,$162.45/$13.54,CS/BX,Nuts
Almonds Berry Macaroon Mix,30893869003616,18/1.5 oz,$27.08,CS,Nuts
Almonds California,10848996000188,12/9/1.5 oz,$162.45/$13.54,CS/BX,Nuts
Almonds California Dry Roasted,30893869003296,18/1.5 oz,$27.66,CS,Nuts
Almonds California Dry Roasted,30893869003296,18/1.5 oz,$27.08,CS,Nuts
Almonds Chocolate Dark Cocoa,20851562008379,40/1.2 oz,$66.33,CS,Nuts
Almonds Chocolate Tuxedo,10034856006937,48/3.5 oz,$91.68,CS,Bag Candy
Almonds Cocoa Skinny Dipped,10861297000305,10/3.5 oz,$40.16,CS,Nuts
Almonds Dark Chocolate,10824295136629,30/2 oz,$64.31,CS,Nuts
Almonds Dipped Lemon Greek,10851562008037,10/3.5 oz,$40.16,CS,Nuts
Almonds Honey Glazed Mix,30893869003272,18/1.5 oz,$27.66,CS,Nuts
Almonds Honey Glazed Mix,30893869003272,18/1.5 oz,$27.08,CS,Nuts
Almonds Milk Chocolate,10034856126918,12/5 oz,$34.11,CS,Box Candy
Almonds Mix Mango Tango,30893869003593,18/1.5 oz,$27.66,CS,Nuts
Almonds Mix Mango Tango,30893869003593,18/1.5 oz,$27.08,CS,Nuts
Almonds Premium,00028400106085,6/8/2.25 oz,$103.28/$17.21,CS/BX,Nuts
Almonds Salted,10077034084495,12/3 oz,$38.37,CS,Nuts
Almonds w Cranberries Honey SS,10848996000102,12/9/1.5 oz,$162.45/$13.54,CS/BX,Nuts
Almonds W Crnbrry Hny Sea Salt,00893869005183,6/4 oz,$24.45,CS,Nuts
Almonds Whole Natural 100 cal,00415700537990,6/7/.0625 oz,$18.68/$3.11,CS/BX,Nuts
Amino Energy Sparkling Cherry,60748927062733,12/12 oz,$19.54,CS,Miscellaneous
Amino Energy Sprklng Orange,60748927066007,12/12 oz,,CS,Miscellaneous
Amino Enrgy Sprklng Mngo Pnppl,60748927062740,12/12 oz,$19.54,CS,Miscellaneous
ANDOUILLE EN CROUTE K706,00745378706009,200 / 1.1 OZ,$238.42,CS,PREPARED FOODS
Andy Capp Hot Fries,20026200496140,12/3 oz,$11.43,CS,Bagged Vend Size
APPLE SLICE IN WATER,10024000249761,6/#10CAN,$60.69,CS,SLICED/RINGS
Apples 2 The Core,10185889000666,12/2.8 oz,$40.37,CS,Miscellaneous Snack
Apples 2 The Core,10185889000666,12/2.8 oz,$39.52,CS,Miscellaneous Snack
Applesauce Apple Cinnamon,20848860043317,2/20/3.2 oz,$29.14,CS,Singles-Non-Chocolat
Applesauce Cinnamon GoGo Sqz,00848860001825,18/3.2 oz,$14.48,CS,Snak-Pak (Fruit&Pud)
Applesauce Cinnamon GoGo Sqz,00848860001825,18/3.2 oz,$14.18,CS,Snak-Pak (Fruit&Pud)
Applesauce GoGo Squeeze,00848860000552,18/3.2 oz,$14.48,CS,Snak-Pak (Fruit&Pud)
Applesauce GoGo Squeeze,00848860000552,18/3.2 oz,$14.18,CS,Snak-Pak (Fruit&Pud)
Applesauce Jar PET,00014800001853,12/1/24 oz,$28.32,CS,General Grocery
APPLESAUCE NAT PCH SNCK&GO LS,00014800103151,48/3.2 OZ,$29.06,CS,MISC.
APPLESAUCE NATURAL,00014800001907,8/46OZ,$32.08,CS,UNSWEETENED
APPLESAUCE NATURAL,00014800003260,72/4.5 OZ,$28.12,CS,UNSWEETENED
APPLESAUCE ORIG TRAY PK 4 OZ,10014800000105,6/12CT,$32.63,CS,FLAVORED
APPLESAUCE ORIGINAL PET,00014800001884,8/48 OZ.,$28.45,CS,SWEETENED
APRICOT DRIED WHL TURKISH #4,00687080004946,1/5 LB,$83.33,CS,APRICOTS
APRICOT HVS PLD IN FRUIT JUICE,10078982616004,6/#10,$82.20,CS,IMPORTED
ARANCINI RSTD TOM BASIL MASCARPONE K8143,00745378814308,180 / 0.85 OZ,$156.86,CS,PREPARED FOODS
ARANCINI WILD MUSHROOM AND TRUFFLE K8142,00745378814209,180 / 0.85 OZ,$151.79,CS,PREPARED FOODS
AREPA MINI CHEESE AND JALAPENO K8314,00745378831404,196 / 1 OZ,$125.21,CS,PREPARED FOODS
ART GR RA DCF FRNCH 32/9OZ,10025869146628,32/9 OZ,$486.02,CS,ARTISAN
ART GR RA DCF FRNCH 48/3OZ,10025869146611,48/3 OZ,$114.75,CS,ARTISAN
ART RA DCF FRNCH 2/5LB,10025869146604,1/5 LB,$128.68,EA,ARTISAN
ARTICHOKE HEART 40/50IMP,10041224405308,6/2.5 KG,$81.34/$13.56,CS/EA,MISC
ARTICHOKE HEART QUARTER,10041224405124,6/88 OZ,$89.58,CS,MISC
Artichokes Basil   Thyme,10857513007319,10/1.58 oz,,CS,General Grocery
Avocado Toast,10040822344880,8/2.7 oz,$25.75,CS,Lunchables/Snacks
Awake Chocolate Dark Mint,10891325004913,50/.48 oz,$31.05,BX,Miscellaneous
Baby Ruth Share Pack,00099900358168,8/18/3.3 oz,$279.95/$34.99,CS/BX,Big Block/King Size
Baby Ruth Singles,00099900867806,12/24/1.9 oz,$340.57/$28.38,CS/BX,Singles-Chocolate
BACON BIT IMITATION,10052100010738,6/13 OZ.,$36.46/$6.08,CS/EA,BITS - PURE
BACON WRAP CHICKEN W/JALAPENO CHS K6105,00745378610504,100 / 1 OZ,$158.86,CS,PREPARED FOODS
Bag Jerky Baby Blues BBQ,20852089007319,16/1 oz,$45.89,CS,Meat Snacks
Bag Jerky OG Hickory,20852089007296,16/1 oz,$45.89,CS,Meat Snacks
Bag Popcorn 130oz Stock,00859302003314,1/500 ct,$72.65,CS,MISC FOOD
Bag Popcorn 170oz Stock,00859302003703,1/500 ct,$93.21,CS,MISC FOOD
Bag Popcorn 46oz,,1/1000 ct,$92.60,CS,MISC FOOD
Bag Popcorn 85oz Stock,00859302003857,1/1000 ct,$100.53,CS,MISC FOOD
Bagel Bites Pepperoni Cheese,00070085035020,8/7 oz,$20.91,CS,Miscellaneous
Bagel Chips Garden Veg Dip Crm,10021000062352,2/5/2.5 oz,$19.88/$9.94,CS/BX,Lunchables/Snacks
Bagel Cinn Rsn CrmChs IW,10823056111349,24/4.67 oz,$35.47,CS,Miscellaneous
Bagel Everything Sausg Egg Chs,10817058011639,24/5.25 oz,$58.53,CS,Breakfast
Bagel Plain Cream Chs IW,10823056111387,24/4.07 oz,$35.47,CS,Miscellaneous
Bagel Saus Egg   Cheese BW,10077900513722,12/5.2 oz,$23.05,CS,Breakfast
Baked Variety Pack LSS,00028400499354,2/30/2 oz,$44.05/$22.03,CS/BX,Large Single Serve
BAKING POWDER SINGLE ACTING,,1 / 32 OZ,$12.70,CS,PANTRY
BAKING SODA,10041617007508,24/16OZ,$27.91,CS,PACKAGES
Balance Break SrpChd Cash Cran,00046100019030,4/3/1.5z,$14.88/$3.72,CS/BX,Lunchables/Snacks
Balance Break WtChd Almd Cran,00046100019009,4/3/1.5z,$14.88/$3.72,CS/BX,Lunchables/Snacks
BAMBOO SHOOT SLI,10041224420004,24/8 OZ,$37.04,CS,MISC.
BANANA CHOCOLATE WALNUT BAR,10858030008254,72/1.83OZ,$130.51,CS,MISC
Banana Dipped in PB Drk Chocol,10850012117190,8/5 oz,$34.02,CS,Miscellaneous
BANANA DRIED IN DARK CHOCOLATE,00850241008217,12/2.3 OZ,$25.03,CS,MISC.
Bar Almond   Coconut,00602652178283,12/1.4 oz,$18.73,BX,Miscellaneous Snack
Bar Almond   Coconut,00602652178283,6/12/1.4 oz,$110.01/$18.34,CS/BX,Miscellaneous Snack
Bar Almond Blueberry,00811452030282,6/12/1 oz,$92.10/$15.35,CS/BX,Snacks
Bar Almond Butter,20855569210285,2/8/2.3 oz,$38.09,CS,Miscellaneous Snack
Bar Almond Joy Original,20034000018165,12/24/1.61 oz,$376.55/$31.38,CS/BX,Singles-Chocolate
Bar Almond Vanilla Mini,00752830079694,50/.6 oz,$53.30,CS,Snacks
Bar Apple Pie,00021908418711,16/1.6 oz,$24.56,BX,Granola Bars
Bar Apple Pie,00021908418711,4/16/1.6 oz,$94.76/$23.69,CS/BX,Granola Bars
Bar Banana Bread,10021908495757,16/1.6 oz,$24.56,BX,Granola Bars
Bar Banana Bread,10021908495757,4/16/1.6 oz,$74.29/$18.57,CS/BX,Granola Bars
Bar Banana Bread Protein,30850075778493,12/12/1.94 oz,$325.76/$27.15,CS/BX,Snacks
Bar Big 100 Van Car Churro,10786560000656,4/9/100 gm,$96.79/$24.20,CS/BX,Miscellaneous
Bar Birthday Cake,00788434108102,6/12/2.12 oz,$150.09/$25.02,CS/BX,Miscellaneous
Bar Bluberry Muffin,00021908418667,4/16/1.6 oz,$68.98/$17.25,CS/BX,Granola Bars
Bar Blueberry,00038000357459,3/16/1.3 oz,$35.25/$11.75,CS/BX,Granola Bars
Bar Blueberry,00038000357459,16/1.3 oz,$12.00,BX,Granola Bars
Bar Blueberry Bliss,00722252272010,16/15/1.69 oz,$338.26/$21.14,CS/BX,Miscellaneous Snack
Bar Blueberry Cobbler,00788434106856,6/12/2.12 oz,$150.09/$25.02,CS/BX,Miscellaneous
Bar Blueberry Crisp,00722252502605,12/2.4 oz,$18.15,BX,Miscellaneous Snack
Bar Blueberry Crisp,00722252502605,16/12/2.4 oz,$284.26/$17.77,CS/BX,Miscellaneous Snack
Bar Blueberry Muffin Oat,00602652551611,5/8/1.2 oz,$39.99,CS,Granola Bars
Bar Blueberry Vanilla Cashew,00602652180392,6/12/1.4 oz,$110.01/$18.34,CS/BX,Miscellaneous Snack
Bar Brkfst Almond Butter,00602652419355,6/1.76 oz,$5.75,BX,Miscellaneous Snack
Bar Brkfst Almond Butter,00602652419355,5/6/1.76 oz,$28.13,CS,Miscellaneous Snack
Bar Brkfst Blueberry Oat 4CT,10705599018401,12/7.05 oz,$54.58,CS,Granola Bars
Bar Brkfst Cinnamon   Apple 4c,10705599018449,12/7.05 oz,$54.58,CS,Granola Bars
Bar Brkfst Drk Choc PenutButer,10850011623425,12/12/1.8 oz,$249.44,CS,Granola Bars
Bar Brownie Batter Protein,30850075778486,12/12/1.94 oz,$325.76/$27.15,CS/BX,Snacks
Bar Brownie Crunch,00753656701547,10/2.1 oz,$19.97,BX,Miscellaneous Snack
Bar Brownie Crunch,00753656701547,12/10/2.1 oz,$234.51/$19.54,CS/BX,Miscellaneous Snack
Bar Buddy 3ct Value Line FOA,00072250001113,12/8/3 oz,$67.07/$5.59,CS/BX,Pastry
Bar Builders Choc Pnut Butter,00722252602411,12/2.4 oz,$21.93,BX,Miscellaneous Snack
Bar Builders Choc Pnut Butter,00722252602411,12/12/2.4 oz,$257.54/$21.46,CS/BX,Miscellaneous Snack
Bar Builders Chocolate,00722252602428,12/2.4 oz,$21.93,BX,Miscellaneous Snack
Bar Builders Chocolate,00722252602428,12/12/2.4 oz,$257.54/$21.46,CS/BX,Miscellaneous Snack
Bar Builders Chocolate Mint,00722252602442,12/2.4 oz,$21.93,BX,Miscellaneous Snack
Bar Builders Chocolate Mint,00722252602442,12/12/2.4 oz,$257.54/$21.46,CS/BX,Miscellaneous Snack
Bar Builders Cookie Cream,00722252602404,12/12/2.4 oz,$257.54/$21.46,CS/BX,Miscellaneous Snack
Bar Builders Vanilla Almond,00722252602459,12/2.4 oz,$21.93,BX,Miscellaneous Snack
Bar Builders Vanilla Almond,00722252602459,12/12/2.4 oz,$257.54,CS,Miscellaneous Snack
Bar Caramel Almond   Sea Salt,00602652185335,12/1.4 oz,$18.73,BX,Miscellaneous Snack
Bar Caramel Almond   Sea Salt,00602652185335,6/12/1.4 oz,$110.01/$18.34,CS/BX,Miscellaneous Snack
Bar Caramel Almond   Sea Slt,00602652429644,6/10/.74 oz,$51.66/$8.61,CS/BX,Granola Bars
Bar Caramel Almond SSalt Mini,00602652279607,8/10/.7 oz,$63.01/$7.88,CS/BX,Miscellaneous Snack
Bar Caramel Milk 2 Bite,10990484200584,6/20/1.2 oz,$125.52,CS,Bag Candy
Bar Caramel Milk 2 Bite,10990484200607,120/1.2 oz,$125.52,CS,Bag Candy
Bar Caramello Premium Large,10034000040961,14/4 oz,$38.84,CS,Big Block/King Size
Bar Caramello Standard RTL,20034000026412,20/18/1.6 oz,$470.68/$23.53,CS/BX,Singles-Chocolate
Bar Cashew Cherry Chocolate,00602652418914,3/20/.74 oz,$51.66/$17.22,CS/BX,Miscellaneous Snack
Bar Cashew Coconut,00811452030589,6/12/1 oz,$92.10/$15.35,CS/BX,Snacks
Bar Cashew Cookie,00021908418735,4/16/1.7 oz,$94.76/$23.69,CS/BX,Granola Bars
Bar Cashew Cookie,00021908418735,16/1.7 oz,$24.56,BX,Granola Bars
Bar Cereal Cinn Toast Crunch,10016000455761,96/1.42 oz,$41.66,CS,Granola Bars
Bar Cereal Cinnamon W  Almond,00602652430091,36/1.55 oz,$33.76,CS,Miscellaneous Snack
Bar Cereal Dark Choc W almond,00602652429897,6/6/1.55 oz,$33.76,CS,Miscellaneous Snack
Bar Cereal Honey Nut,00602652430008,36/1.55 oz,$33.76,CS,Miscellaneous Snack
Bar Cereal Lucky Charms Treats,10016000435695,12/1.7 oz,$14.31,BX,Granola Bars
Bar Cereal Nutri Grain Asst,00038000058721,3/16/1.3 oz,$38.09,CS,Granola Bars
Bar Cherrie Pie,00021908418742,4/16/1.77 oz,$68.98/$17.25,CS/BX,Granola Bars
Bar Cherry Almond Chocolate MK,10897785001363,12/12/2.02 oz,$281.41/$23.45,CS/BX,Miscellaneous Snack
Bar Chewy Chocolate Chip,10030000311827,8/.84 oz,$4.20,BX,Granola Bars
Bar Chewy Chocolate Chip,10705599016292,12/5/1.23 oz,$54.58,CS,Miscellaneous
Bar Chewy Chocolate Chip,10030000315658,8/10/1.48 oz,$61.57/$7.70,CS/BX,Granola Bars
Bar Chewy Chocolate Chip,10030000311827,12/8/.84 oz,$48.94,CS,Granola Bars
Bar Chewy Granola Fruit   Nut,10016000151205,8/16/1.2 oz,$90.58/$11.32,CS/BX,Granola Bars
Bar Chewy Granola Fruit   Nut,10016000151205,16/1.2 oz,$11.77,BX,Granola Bars
Bar Chewy Oats   Chocolate,10016000146522,8/16/1.4 oz,$102.72/$12.84,CS/BX,Granola Bars
Bar Chewy Oats   Chocolate,10016000146522,16/1.4 oz,$13.35,BX,Granola Bars
Bar Chewy PntBtr Choc Chip,10030000315665,8/10/1.48 oz,$61.57/$7.70,CS/BX,Granola Bars
Bar Chicken Sriracha,10732153125244,12/1.3 oz,$29.08,BX,Granola Bars
Bar Chicken Sriracha,10732153125244,4/12/1.3 oz,$100.91/$25.23,CS/BX,Granola Bars
BAR CHOC & PNUT BTR PRTN 1.83Z,10857777004710,6/12 PK,$130.51,CS,MISC.
Bar Choc Chip Oat,00602652551604,5/8/1.2 oz,$39.99,CS,Granola Bars
BAR CHOC CHIP PEANUT BUTR,00021908418698,64/1.6 OZ,$88.99,CS,MISC
Bar Choc Protein,20788434115814,6/12/2.12 oz,$150.09/$25.02,CS/BX,Singles-Chocolate
Bar ChocChip Cookie Dough,10786560557358,4/9/100 gm,$96.79/$24.20,CS/BX,Miscellaneous
Bar Choco Chip Cookie Dough,10021908117871,8/10/0.78 oz,$56.48/$7.06,CS/BX,Granola Bars
Bar Choco Dipped Coconut,00722252300690,16/15/1.69 oz,$338.26/$21.14,CS/BX,Miscellaneous Snack
Bar Chocolate Brownie,00722252501806,12/2.4 oz,$18.15,BX,Miscellaneous Snack
Bar Chocolate Brownie,00722252501806,16/12/2.4 oz,$284.26/$17.77,CS/BX,Miscellaneous Snack
Bar Chocolate Caramel,10891325001066,6/12/1.55 oz,,CS/BX,Singles-Chocolate
Bar Chocolate Chip,00722252500908,12/2.4 oz,$18.15,BX,Miscellaneous Snack
Bar Chocolate Chip,00722252500908,16/12/2.4 oz,$284.26/$17.77,CS/BX,Miscellaneous Snack
Bar Chocolate Chip,10839138002542,6/12/3.10 oz,$162.03/$27.01,CS/BX,Snacks
Bar Chocolate Chip,00749826133539,8/6/50 gm,$74.48/$9.31,CS/BX,Miscellaneous
Bar Chocolate Chip Brownie,00021908418681,4/16/1.6 oz,$94.76/$23.69,CS/BX,Granola Bars
Bar Chocolate Chip Stuffd,00829262001040,4/12/2.5 oz,,CS,Snacks
Bar Chocolate Cool Mint,00722252502001,12/2.4 oz,$18.15,BX,Miscellaneous Snack
Bar Chocolate Cool Mint,00722252502001,16/12/2.4 oz,$284.26/$17.77,CS/BX,Miscellaneous Snack
Bar Chocolate Dark   Caramel,00602652269615,6/12/1.4 oz,$110.01/$18.34,CS/BX,Miscellaneous
Bar Chocolate Dark Bulk,10990484200966,105/1.34 oz,$142.06,CS,Bulk Candy
Bar Chocolate Dark Cocoa 2pk,00602652419362,6/1.76 oz,$5.75,BX,Miscellaneous Snack
Bar Chocolate Dark Cocoa 2pk,00602652419362,5/6/1.76 oz,$28.13/$5.63,CS/BX,Miscellaneous Snack
Bar Chocolate Dark Coconut,10857484006540,6/4.2 oz,$25.23,CS,Count Goods
Bar Chocolate Dark Coconut,10857484006540,6/4.2 oz,$25.77,CS,Count Goods
Bar Chocolate Dark Double,00602652260360,12/1.76 oz,$21.93,BX,Miscellaneous
Bar Chocolate Dark Double,00602652260360,6/12/1.76 oz,$128.77/$21.46,CS/BX,Miscellaneous
Bar Chocolate Dark Nut SSalt,00602652429590,10/.74 oz,$8.80,BX,Granola Bars
Bar Chocolate Dark PButter,00193908007186,6/12/1.9 oz,$135.59/$22.60,CS/BX,Snacks
Bar Chocolate Dark Sea Salt,10857851005046,6/9/1.6 oz,$70.35/$11.73,CS/BX,Snacks
Bar Chocolate Deluxe,00749826138091,8/6/50 gm,$74.48/$9.31,CS/BX,Miscellaneous
Bar Chocolate Deluxe,00749826138091,8/6/50 gm,$74.48/$9.31,CS/BX,Miscellaneous
Bar Chocolate Dough,30850000429674,12/1.94 oz,$26.72,BX,Granola Bars
Bar Chocolate Milk Caffeinated,10891325001059,6/12/1.55 oz,,CS/BX,Singles-Chocolate
Bar Chocolate Nuts 20ct,00602652279645,4/14 oz,$59.93,CS,Miscellaneous Snack
Bar Chocolate Peanut Butter,10857777004710,12/1.83 oz,$23.09,BX,Miscellaneous
Bar Chocolate Peanut Butter,00602652434709,12/2.2 oz,$25.56,BX,Miscellaneous Snack
Bar Chocolate Peanut Butter,10857777004710,6/12/1.83 oz,$135.59/$22.60,CS/BX,Miscellaneous
Bar Chocolate Peanut Butter,00749826138053,8/6/50 gm,$74.48/$9.31,CS/BX,Miscellaneous
Bar Chocolate Peppermint Stick,00722252304100,15/1.69 oz,$21.60,BX,Miscellaneous Snack
Bar Chocolate Peppermint Stick,00722252304100,16/15/1.69 oz,$338.26/$21.14,CS/BX,Miscellaneous Snack
Bar Chocolate Pretzel Recovery,10052000010166,12/2.8 oz,,CS,Granola Bars
Bar Chunky Peanut Butter,00753656701530,10/2.1 oz,$19.97,BX,Miscellaneous Snack
Bar Chunky Peanut Butter,00753656701530,12/10/2.1 oz,$234.51/$19.54,CS/BX,Miscellaneous Snack
Bar Chwey S more,10705599016421,12/5/1.23 oz,$54.58,CS,Miscellaneous
Bar Cinnamon Toast Crunch XL,10016000323930,8/12/2.2 oz,$110.54/$13.82,CS/BX,Granola Bars
Bar Cinnamon Toast Crunch XL,10016000323930,12/2.2 oz,$14.31,BX,Granola Bars
Bar Coconut AlmondBtr CC Orgnc,00853555006702,12/12/2.3 oz,$330.88/$27.57,CS/BX,Miscellaneous Snack
Bar Coconut Cream Pie,00021908418773,16/1.7 oz,$24.56,BX,Granola Bars
Bar Coconut Cream Pie,00021908418773,4/16/1.7 oz,$90.16/$22.54,CS/BX,Granola Bars
Bar Complete Cookies   Creme,00787692333004,12/9/1.59 oz,$140.71/$11.73,CS/BX,Miscellaneous
Bar Complt Choc Almnd Sea Salt,00787692311002,12/9/1.59 oz,$140.71/$11.73,CS/BX,Miscellaneous
Bar Cookie   Cream,30850000429643,12/1.94 oz,$26.72,BX,Granola Bars
Bar Cookie Choco Chip Dough,00021908418674,16/1.6 oz,$24.56,BX,Granola Bars
Bar Cookie Choco Chip Dough,00021908418674,4/16/1.6 oz,$94.76/$23.69,CS/BX,Granola Bars
Bar Cookie Dough,20854198004180,8/10/1.5 oz,$106.13/$13.27,CS/BX,Granola Bars
Bar Cookies   Creme,10722252069440,16/12/2.4 oz,$284.26/$17.77,CS/BX,Miscellaneous Snack
Bar Cookies and Creme,00753656709239,10/2.1 oz,$19.97,BX,Miscellaneous Snack
Bar Cookies and Creme,00753656709239,12/10/2.1 oz,$234.51/$19.54,CS/BX,Miscellaneous Snack
Bar Cookies N Creme RTL,20034000239003,36/1.54 oz,$50.09,BX,Singles-Chocolate
Bar Cookies N Creme RTL,20034000239003,12/36/1.54 oz,$564.82/$47.07,CS/BX,Singles-Chocolate
Bar Cran Alm   Antioxdnts,00602652172113,12/1.4 oz,$18.73,BX,Miscellaneous Snack
Bar Cran Alm   Antioxdnts,00602652172113,6/12/1.4 oz,$110.01/$18.34,CS/BX,Miscellaneous Snack
Bar Creamy Peanut Butter,00753656701509,10/2.1 oz,$19.97,BX,Miscellaneous Snack
Bar Creamy Peanut Butter,00753656701509,12/10/2.1 oz,$234.51/$19.54,CS/BX,Miscellaneous Snack
Bar Crunchy Peanut Butter,00722252501202,12/2.4 oz,$18.15,BX,Miscellaneous Snack
Bar Crunchy Peanut Butter,00722252501202,16/12/2.4 oz,$284.26/$17.77,CS/BX,Miscellaneous Snack
Bar Cupcake Batter,00753656710983,10/1.4 oz,$13.79,BX,Miscellaneous Snack
Bar Cupcake Batter,00753656710983,12/10/1.4 oz,$162.03/$13.50,CS/BX,Miscellaneous Snack
Bar Dairy Milk Large,00034000040230,14/3.5 oz,$38.84,CS,Miscellaneous
Bar Dark Choc Mocha Almond,00602652185540,6/12/1.4 oz,$110.01/$18.34,CS/BX,Miscellaneous Snack
Bar Dark Choc Nuts   Sea Salt,00602652178511,12/1.4 oz,$18.73,BX,Miscellaneous Snack
Bar Dark Choc Nuts   Sea Salt,00602652178511,6/12/1.4 oz,$110.01/$18.34,CS/BX,Miscellaneous Snack
Bar Dark Choco Almond Coconut,00602652199875,12/1.4 oz,$18.73,BX,Miscellaneous Snack
Bar Dark Choco Almond Coconut,00602652199875,6/12/1.4 oz,$110.01/$18.34,CS/BX,Miscellaneous Snack
Bar Dark Choco Almond Mint,00602652199882,12/1.4 oz,$18.73,BX,Miscellaneous Snack
Bar Dark Choco Almond Mint,00602652199882,6/12/1.4 oz,$110.01/$18.34,CS/BX,Miscellaneous Snack
Bar Dark Chocolate,10891325002544,6/12/1.34 oz,$97.25/$16.21,CS/BX,Singles-Chocolate
Bar Dark Chocolate,10891325002544,12/1.34 oz,$17.25,BX,Singles-Chocolate
Bar Dark Chocolate Coconut,20857484006516,6/12/1.3 oz,$102.33/$17.06,CS/BX,Singles-Chocolate
Bar Dark Chocolate Hazelnut,00850052627065,6/20/1.4 oz,,CS,Singles-Chocolate
Bar Dark Chocolate Nuts Mini,00602652279591,10/.7 oz,$8.05,BX,Miscellaneous Snack
Bar Dark Chocolate Nuts Mini,00602652279591,8/10/.7 oz,$63.01/$7.88,CS/BX,Miscellaneous Snack
Bar Dark Intense Sea Salt Soir,10747599611756,12/3.5 oz,$53.07,CS,Box Candy
Bar Dark Salted Caramel 20ct,00602652279706,4/14 oz,$59.93,CS,Miscellaneous Snack
Bar Dk Choc Caramel Peanut,10857484006526,6/3.4 oz,$25.23,CS,Count Goods
Bar Dk Choc Caramel Peanut,10857484006526,6/3.4 oz,$25.77,CS,Count Goods
Bar Dk Choc Cherry Csh A,00602652172502,12/1.4 oz,$18.73,BX,Miscellaneous Snack
Bar Dk Choc Cherry Csh A,00602652172502,6/12/1.4 oz,$110.01/$18.34,CS/BX,Miscellaneous Snack
Bar DkChocoChip Peanut Butter,20855569110622,2/8/2.3 oz,$39.41/$19.71,CS/BX,Miscellaneous Snack
Bar Energy Drk Choc Chnk,00602652670749,4/10/1.4 oz,$32.17/$8.04,CS/BX,Miscellaneous Snack
Bar Energy Mixed Berry,00602652670732,4/10/1.4 oz,$32.17/$8.04,CS/BX,Miscellaneous Snack
Bar Energy Pb Drk Choc,00602652670756,4/10/1.4 oz,$32.17/$8.04,CS/BX,Miscellaneous Snack
Bar Fig Apple Cinn Whole Wheat,00047495112573,7/12/2 oz,$73.88/$10.55,CS/BX,Miscellaneous Snack
Bar Fig Raspberry Gluten Free,10047495710455,7/12/2 oz,$82.58,CS,Granola Bars
Bar Fig Raspberry Whole Wheat,00047495013030,7/12/2 oz,$73.88/$10.55,CS/BX,Miscellaneous Snack
Bar Fig Strawberry Whole Wheat,00047495120035,7/12/2 oz,$73.88/$10.55,CS/BX,Miscellaneous Snack
Bar Fruit   Nut Delight,00602652178245,12/1.4 oz,$18.73,BX,Miscellaneous Snack
Bar Fruit   Nut Delight,00602652178245,6/12/1.4 oz,$110.01/$18.34,CS/BX,Miscellaneous Snack
Bar Fruit   Nut Premium Large,00034000040216,14/3.5 oz,$38.84,CS,Miscellaneous
Bar Fruit Apple Blueberry,10850397004146,12/12/1.2 oz,$192.73/$16.06,CS/BX,Miscellaneous Snack
Bar Fruit Apple Cherry,10850397004030,12/12/1.2 oz,$192.73,CS,Miscellaneous Snack
Bar Fruit Apple Mango,10850397004085,12/12/1.2 oz,$192.73/$16.06,CS/BX,Miscellaneous Snack
Bar Fruit Apple Strawberry,10850397004221,12/12/1.2 oz,$192.73/$16.06,CS/BX,Miscellaneous Snack
BAR FRUIT BLUBRY PRTN 1.83 OZ,10857777004260,6/12 PK,$130.51,CS,MISC.
Bar Golden Graham Trt ChocMrsh,10016000423364,12/2.1 oz,$14.31,BX,Granola Bars
Bar Granola Blueberry Pmengrt,50857127036109,48/1 oz,$30.02,CS,Granola Bars
Bar Granola Blueberry Pmengrt,30857127003442,6/12/1 oz,$47.44,CS,Granola Bars
Bar Granola Blueberry Pomegrnt,10857127003622,120/2 oz,$106.60,CS,Cookies
BAR GRANOLA CHOC CHIP CHEWY,10030000311827,12/8CT,$40.72,CS,MISC
Bar Granola Choc Chip Chewy,00024300742064,8/12/1.7 oz,$57.37/$7.17,CS/BX,Granola Bars
Bar Granola Chocolate Cherry,10857127003615,120/2 oz,$106.60,CS,Cookies
Bar Granola Chwy Var,10030000311889,12/8 ct,$48.94,CS,Granola Bars
Bar Granola Crunch Oat Dk Choc,10016000312613,6/18/1.49 oz,$66.49/$11.08,CS/BX,Granola Bars
Bar Granola Crunch Oat Dk Choc,10016000312613,18/1.49 oz,$11.62,BX,Granola Bars
BAR GRANOLA HONEY ALMOND FLAX,00018627379492,6/12 CT,$57.46,CS,MISC
Bar Granola Low Fat Smores,10030000311810,12/8/.84 oz,$48.94/$4.08,CS/BX,Granola Bars
Bar Granola Oat   Honey,10016000238203,6/28/1.5 oz,$85.51/$14.25,CS/BX,Granola Bars
Bar Granola Oat   Honey,10016000115825,144/.74 oz,$43.08,CS,Granola Bars
Bar Granola Oat   Honey,10016000238203,28/1.5 oz,$14.85,BX,Granola Bars
Bar Granola Oat   Honey Retail,10016000335308,6/18/1.5 oz,$76.46/$12.74,CS/BX,Granola Bars
Bar Granola Oat   Honey Retail,10016000335308,18/1.5 oz,$13.28,BX,Granola Bars
Bar Granola Oat Cranberry,30857127003459,6/12/1 oz,$47.44,CS,Granola Bars
Bar Granola Peanut Butter,10016000238401,6/28/1.5 oz,$87.27/$14.55,CS/BX,Granola Bars
Bar Granola Peanut Butter,10016000335506,6/18/1.5 oz,,CS/BX,Granola Bars
Bar Granola Peanut Butter,10016000238401,28/1.5 oz,$15.14,BX,Granola Bars
Bar Granola Peanut Butter,10016000335506,18/1.5 oz,$13.28,BX,Granola Bars
Bar Granola Sweet   Salty Alm,10016000420684,8/16/1.2 oz,$85.10/$10.64,CS/BX,Granola Bars
Bar Granola Sweet   Salty Alm,10016000420684,16/1.2 oz,$11.08,BX,Granola Bars
Bar Granola Sweet Salty Pnt,10016000420677,8/16/1.2 oz,$85.10/$10.64,CS/BX,Granola Bars
Bar Granola Sweet Salty Pnt,10016000420677,16/1.2 oz,$11.08,BX,Granola Bars
BAR GRANOLA TRAIL MIX,00018627379478,6/12 CT,$57.46,CS,MISC
Bar Grass Fed Bison Bacon Chry,00732153125148,4/12/1.3 oz,$100.91/$25.23,CS/BX,Granola Bars
Bar Honey Cinnamon Peanut,00193908005335,12/1.94 oz,$23.09,BX,Miscellaneous
Bar Honey Roasted Nut SeaSalt,00602652199905,12/1.4 oz,$18.73,BX,Miscellaneous Snack
Bar Honey Roasted Nut SeaSalt,00602652199905,6/12/1.4 oz,,CS/BX,Miscellaneous Snack
Bar Keto Chocolate PB Pie,00753656718415,10/1.41 oz,$19.97,BX,Miscellaneous Snack
Bar Keto Chocolate PB Pie,00753656718415,12/10/1.41 oz,$234.51/$19.54,CS/BX,Miscellaneous Snack
Bar Lemon Coconut Ginger,10897785001530,12/12/2.2 oz,$281.41/$23.45,CS/BX,Miscellaneous Snack
Bar Lemon Zest,00722252303301,15/1.69 oz,$21.60,BX,Miscellaneous Snack
Bar Lemon Zest,00722252303301,16/15/1.69 oz,$338.26/$21.14,CS/BX,Miscellaneous Snack
Bar Lemon Zest Blueberry,00722252283177,16/15/1.69 oz,$338.26/$21.14,CS/BX,Miscellaneous Snack
Bar Madagascar Vanilla Almond,00602652178504,6/12/1.4 oz,,CS/BX,Miscellaneous Snack
Bar Mango Pineapple Nut,00602652674457,6/12/1.4 oz,$110.01,CS,Granola Bars
Bar Maple Glaze Doughnut,00788434106771,6/12/2.12 oz,$150.09/$25.02,CS/BX,Miscellaneous
Bar Maple Glazed Pecan SeaSalt,00602652179303,6/12/1.4 oz,$110.01/$18.34,CS/BX,Miscellaneous Snack
Bar Marshmallow Peanut Rd,30850064950411,12/12/1.94 oz,$313.82,CS,Snacks
Bar Milk Choc W Almonds XL,00034000171217,12/4.25 oz,$33.29,CS,Miscellaneous
Bar Milk Choc With Peanut,00850052627041,6/24/1.2 OZ,$155.53/$25.92,CS/BX,Singles-Chocolate
Bar Mini Dk Chocolate Hazelnut,00850052627140,6/80/.3 oz,,CS/BX,Singles-Chocolate
Bar Minis Chocolate Chip,00722252376541,4/20/1 oz,$61.12/$15.28,CS/BX,Miscellaneous Snack
Bar Minis Crunchy Peanut Buttr,00722252364128,4/20/1 oz,$61.12/$15.28,CS/BX,Miscellaneous Snack
Bar Minis Wht Choc Macadamia,00722252372956,4/20/1 oz,$61.12/$15.28,CS/BX,Miscellaneous Snack
Bar Mint Chip Brownie,10021908490851,4/16/1.6 oz,$74.29/$18.57,CS/BX,Granola Bars
Bar Mint Chocolate Chunk,10888849001375,12/12/2.12 oz,$337.70/$28.14,CS/BX,Miscellaneous
Bar Mounds Dark Chocolate,20034000018172,12/24/1.75 oz,$376.55/$31.38,CS/BX,Singles-Chocolate
Bar Nut Btr Choc Peanut Butter,00722252568014,12/12/1.76 oz,$257.54/$21.46,CS/BX,Miscellaneous Snack
Bar Nut Butter Peanut Butter,00722252568038,12/1.76 oz,$21.93,BX,Miscellaneous Snack
Bar Nut Butter Peanut Butter,00722252568038,12/12/1.76 oz,$257.54/$21.46,CS/BX,Miscellaneous Snack
Bar Nutri Grain Apple Cinnamon,00038000356025,8/1.3 oz,$3.72,BX,Granola Bars
Bar Nutri Grain Apple Cinnamon,00038000356025,12/8/1.3 oz,$43.64/$3.64,CS/BX,Granola Bars
Bar Nutri Grain Blueberry,00038000357022,12/8/1.3 oz,$43.64/$3.64,CS/BX,Granola Bars
Bar Nutri Grain Raspberry,00038000358029,8/1.3 oz,$3.72,BX,Granola Bars
Bar Nutri Grain Strawberry,00038000359026,12/8/1.3 oz,$43.64/$3.64,CS/BX,Granola Bars
BAR NUTRITIONAL CKIE CASHEW,00021908418735,64/1.7 OZ,$88.99,CS,MISC
Bar Nutty Buddy,00024300097270,12/24/.67 oz,$59.74,CS,Snacks
Bar Nutty FOA Vend MicroMrkt,00024300895661,12/6/3 oz,$58.55/$4.88,CS/BX,Pastry
Bar Nutty Vend MicroMrkt,00024300891663,12/6/3 oz,$55.73,CS,Snack Pastry
Bar Nutz Over Chocolate,00722252303103,15/1.69 oz,$21.60,BX,Miscellaneous Snack
Bar Nutz Over Chocolate,00722252303103,16/15/1.69 oz,$338.26/$21.14,CS/BX,Miscellaneous Snack
Bar Oat Coconut,00829262000500,4/12/3 oz,$95.51,CS,Snacks
Bar Oat Double Chocolate Chip,10850056328156,12/12/1.8 oz,$249.44,CS,Granola Bars
Bar Oatmeal Chocolate Chip,10888849004642,12/12/2.12 oz,$337.70/$28.14,CS/BX,Miscellaneous
Bar Oatmeal Chocolate Chip,20854198004616,8/10/1.5 oz,$106.13/$13.27,CS/BX,Granola Bars
Bar Oatmeal Crumble Apple,00047495820706,7/12/1.41 oz,$68.65,CS,Miscellaneous Snack
Bar Oatmeal Raisin Walnut,00722252500236,12/2.4 oz,$18.15,BX,Miscellaneous Snack
Bar Oatmeal Raisin Walnut,00722252500236,16/12/2.4 oz,$284.26/$17.77,CS/BX,Miscellaneous Snack
Bar Otml Crumble Bar Strwbry,00047495820720,7/12/1.41 oz,$68.65,CS,Miscellaneous Snack
Bar Pastry Crisps Strawberry,00038000569234,9/.88 oz,$6.32,BX,Granola Bars
Bar PB Chocolate Chip Mini,10021908116874,8/10/0.78 oz,$56.48/$7.06,CS/BX,Granola Bars
Bar PB Dk Choc Protein,00602652172564,12/1.4 oz,$18.73,BX,Miscellaneous Snack
Bar PB Dk Choc Protein,00602652172564,6/12/1.4 oz,$110.01/$18.34,CS/BX,Miscellaneous Snack
Bar Peanut Btr Banana Dk Choc,00722252560193,12/2.4 oz,$18.15,BX,Miscellaneous Snack
Bar Peanut Btr Banana Dk Choc,00722252560193,16/12/2.4 oz,$284.26/$17.77,CS/BX,Miscellaneous Snack
Bar Peanut Btr Chocolate Chip,00021908418698,4/16/1.6 oz,$94.76/$23.69,CS/BX,Granola Bars
Bar Peanut Btr Chocolate Chip,00021908418698,16/1.6 oz,$24.56,BX,Granola Bars
Bar Peanut Butter,00855569003227,18/8/2.5 oz,$342.82/$19.05,CS/BX,Miscellaneous Snack
Bar Peanut Butter Choc Chip,20854198004203,8/10/1.5 oz,$106.13/$13.27,CS/BX,Granola Bars
Bar Peanut Butter Dark Choco,10897785001349,12/12/2.2 oz,$281.41/$23.45,CS/BX,Miscellaneous Snack
Bar Peanut Butter Drk Chc Mini,00602652279614,8/10/.7 oz,$63.01/$7.88,CS/BX,Miscellaneous Snack
Bar Peanut Butter Granola,10705599016308,4/12/1.59 oz,,CS/BX,Miscellaneous
Bar Peanut Dark Chocolate,00811452030565,6/12/1 oz,$92.10/$15.35,CS/BX,Snacks
Bar PeanutBtr Choc Chip Organc,00181945000307,12/12/2.4 oz,,CS/BX,Miscellaneous Snack
Bar Pmpkin Seed Rspbry Drk Cho,00602652433511,12/1.4 oz,$18.73,BX,Miscellaneous
Bar Pnut Btr Chocolate Oat,10039978029024,12/12/1.76 oz,$160.35,CS,Granola Bars
Bar PomegrBlubPist Antxd,00602652172212,6/12/1.4 oz,,CS/BX,Miscellaneous Snack
Bar Pork BBQ Rinds,10732153024929,12/2.5 oz,$40.07,CS,Miscellaneous
Bar Pork Salt   Pepper Rinds,10732153024936,12/2.5 oz,$40.07,CS,Miscellaneous
Bar Pork Salt   Pepper Rinds,10732153024936,12/2.5 oz,$39.22,CS,Miscellaneous
Bar Protein 20 G Peanut Butter,30850064950381,12/12/1.94 oz,$313.82,CS,Snacks
Bar Protein Birthday Cake,10888849005960,12/12/2.12 oz,$337.70/$28.14,CS/BX,Miscellaneous
Bar Protein Birthday Cake,30850054108617,12/12/1.94 oz,$313.82/$26.15,CS/BX,Snacks
Bar Protein Blueberry,10857777004260,12/1.83 oz,$23.09,BX,Miscellaneous
Bar Protein Blueberry,10857777004260,6/12/1.83 oz,$135.59/$22.60,CS/BX,Miscellaneous
Bar Protein Blueberry Muffin,10888849004635,12/12/2.12 oz,$337.70/$28.14,CS/BX,Miscellaneous
Bar Protein Brownie Batter,00038000291876,6/8/1.59 oz,$73.91/$12.32,CS/BX,Granola Bars
Bar Protein Caramel,10052000104339,12/2.82 oz,$23.95,CS,Granola Bars
Bar Protein Caramel Cashew,30850000429667,12/12/1.94 oz,$313.82/$26.15,CS/BX,Granola Bars
Bar Protein Caramel Cashew,30850000429667,12/1.94 oz,$26.72,BX,Granola Bars
Bar Protein Caramel Peanut,30850054108785,12/12/1.94 oz,$313.82,CS,Snacks
Bar Protein Choc Brownie,10888849000422,12/12/2.12 oz,$337.70/$28.14,CS/BX,Miscellaneous
Bar Protein Choc Peanut,00851724008953,6/12/1.94 oz,$150.09/$25.02,CS/BX,Snacks
Bar Protein Choc Peanut Butter,10052000010128,12/2.8 oz,$23.95,CS,Granola Bars
Bar Protein Choc PntBtr,00038000291890,8/1.59 oz,$12.58,BX,Granola Bars
Bar Protein Choc PntBtr,00038000291890,6/8/1.59 oz,$73.91/$12.32,CS/BX,Granola Bars
Bar Protein Choc Sltd Caraml,00851724008380,6/12/1.94 oz,$150.09/$25.02,CS/BX,Snacks
Bar Protein Choco PButter,10817719020611,9/1.62 oz,$14.81,BX,Snacks
Bar Protein Choco PButter,10817719020611,9/9/1.62 oz,$130.48/$14.50,CS/BX,Snacks
Bar Protein Choco Sea Salt,10857777004307,12/1.83 oz,$23.09,BX,Miscellaneous
Bar Protein Choco Sea Salt,10857777004307,6/12/1.83 oz,$135.59/$22.60,CS/BX,Miscellaneous
Bar Protein Chocolat Chip Mint,10817719021083,9/1.62 oz,$14.81,BX,Snacks
Bar Protein Chocolat Chip Mint,10817719021083,9/9/1.62 oz,$130.48/$14.50,CS/BX,Snacks
Bar Protein Chocolate Chip,10052000104322,12/2.82 oz,$23.95,CS,Granola Bars
Bar Protein Chocolate Dough,30850000429674,12/12/1.94 oz,$313.82/$26.15,CS/BX,Granola Bars
Bar Protein Chocolate PntBtr,10888849000460,12/12/2.12 oz,$337.70/$28.14,CS/BX,Miscellaneous
Bar Protein Cinnamon Roll,00788434107525,6/12/2.12 oz,$150.09/$25.02,CS/BX,Snacks
Bar Protein Coconut Chocolate,10857777004284,12/1.83 oz,$23.09,BX,Miscellaneous
Bar Protein Coconut Chocolate,10857777004284,6/12/1.83 oz,$135.59/$22.60,CS/BX,Miscellaneous
Bar Protein Cookie Dough,10817719020833,9/9/1.62 oz,$130.48/$14.50,CS/BX,Snacks
Bar Protein Cookies   Caramel,30850054108556,12/12/1.94 oz,$313.82/$26.15,CS/BX,Snacks
Bar Protein Cookies   Cream,10052000104308,12/2.82 oz,$23.95,CS,Granola Bars
Bar Protein Cookies   Cream,10888849000026,12/12/2.12 oz,$337.70/$28.14,CS/BX,Miscellaneous
Bar Protein Cookies   Cream,30850000429643,12/12/1.94 oz,$313.82/$26.15,CS/BX,Granola Bars
Bar Protein Creamy Crisp,30850000429810,12/1.94 oz,$26.72,BX,Snacks
Bar Protein Creamy Crisp,30850000429810,12/12/1.94 oz,$313.82/$26.15,CS/BX,Snacks
Bar Protein Double Choc Chunk,10888849000248,12/12/2.12 oz,$337.70/$28.14,CS/BX,Miscellaneous
Bar Protein Lemon Delight,00753656712048,10/2.01 oz,$19.97,BX,Miscellaneous Snack
Bar Protein Lemon Delight,00753656712048,12/10/2.01 oz,$234.51/$19.54,CS/BX,Miscellaneous Snack
Bar Protein Meal Strawberry,00038000291852,8/1.59 oz,$12.58,BX,Granola Bars
Bar Protein Meal Strawberry,00038000291852,6/8/1.59 oz,$73.91/$12.32,CS/BX,Granola Bars
Bar Protein Mint Chocolate Cru,10052000101710,12/2.8 oz,$23.95,CS,Granola Bars
Bar Protein Oreo,10722252069709,12/12/2.4 oz,$257.54/$21.46,CS/BX,Snacks
Bar Protein PB Dark Chocolate,00016000130524,30/1.42 oz,$17.97,CS,Miscellaneous
Bar Protein Peanut Butter,10857777004277,12/1.83 oz,$23.09,BX,Miscellaneous
Bar Protein Peanut Butter,10857777004277,6/12/1.83 oz,$135.59/$22.60,CS/BX,Miscellaneous
Bar Protein Peanut Butter,10817719022059,6/12/2.89 oz,$162.03/$27.01,CS/BX,Snacks
Bar Protein Plus Apple Pie,10786560557280,4/9/100 gm,$96.79/$24.20,CS/BX,Miscellaneous
Bar Protein Plus Cookie Crunch,10786560557273,4/9/100 gm,$96.79/$24.20,CS/BX,Miscellaneous
Bar Protein S mores,10888849001238,12/12/2.12 oz,$337.70/$28.14,CS/BX,Miscellaneous
Bar Protein Salted Caramel,00753656710983,10/1.41 oz,$13.79,BX,Miscellaneous Snack
Bar Protein Salted Caramel,00753656710983,12/10/1.41 oz,$162.03/$13.50,CS/BX,Miscellaneous Snack
Bar Protein Salty Peanut,30850000429650,12/12/1.94 oz,$313.82/$26.15,CS/BX,Granola Bars
Bar Protein Salty Peanut,30850000429650,12/1.94 oz,$26.72,BX,Granola Bars
Bar Protein Strawberry PB,00193908008664,6/12/2.1 oz,$149.24/$24.87,CS/BX,Miscellaneous
Bar Protein Vanilla PB,00193908008633,6/12/2.1 oz,$149.24/$24.87,CS/BX,Miscellaneous
Bar Protein Whi Choc Almond,30850000429100,12/12/1.94 oz,$313.82,CS,Snacks
Bar Protein Wht Choc Raspberry,10888849000224,12/12/2.12 oz,$337.70/$28.14,CS/BX,Miscellaneous
Bar Prtn Crunchy Peanut Butter,00602652260261,12/1.76 oz,$21.93,BX,Miscellaneous
Bar Prtn Crunchy Peanut Butter,00602652260261,6/12/1.76 oz,$128.77/$21.46,CS/BX,Miscellaneous
Bar Prtn Peanut Butter Dk Choc,10016000318493,16/1.42 oz,$25.03,BX,Granola Bars
Bar Reese s Nutrageous KS,20034000109320,8/18/3.1 oz,$329.07/$41.13,CS/BX,Big Block/King Size
BAR RICE KRISPIES TREAT MINI,00038000123467,4/50CT,$43.23,CS,MISC
Bar Roast Almond Premium Large,00034000040193,14/3.5 oz,$38.84,CS,Miscellaneous
Bar Rspbry Cocoa Crisp,00602652674624,6/12/2.2 oz,$150.09,CS,Snacks
Bar S mores Chwy Granola,10705599017367,10/12.35 oz,$11.76,BX,Granola Bars
Bar Trail Almond,10705599020343,12/5/1.23 oz,$59.56,CS,Granola Bars
Bar Trail Crnbry Choc Chip,10705599019330,12/5/1.23 oz,$59.56,CS,Granola Bars
Bar Wafer Peanut Butter,10016000152622,4/12/1.3 oz,,CS/BX,Miscellaneous
Bar Wafer Peanut Butter,10016000152622,12/1.3 oz,$15.29,BX,Miscellaneous
Bar Wafer Peanut Butter Chocol,10016000152639,12/1.3 oz,$15.29,BX,Miscellaneous
Bar Whi Choc Macadamia Mini,10850025501467,9/24/1.1 oz,$225.13/$25.01,CS/BX,Granola Bars
Bar White Choc Macadamia,00722252300676,16/15/1.69 oz,$338.26/$21.14,CS/BX,Miscellaneous Snack
Bar White Chocolate,00753656706375,10/2.1 oz,$19.97,BX,Miscellaneous Candy
Bar White Chocolate,00753656706375,12/10/2.1 oz,$234.51/$19.54,CS/BX,Miscellaneous Candy
Bar White Chocolate Macadamia,00722252561091,12/2.4 oz,$18.15,BX,Miscellaneous Snack
Bar White Chocolate Macadamia,00722252561091,16/12/2.4 oz,$284.26/$17.77,CS/BX,Miscellaneous Snack
Bar ZBar Chocolate Brownie,00722252191700,9/6/1.27 oz,$49.03/$5.45,CS/BX,Miscellaneous Snack
Bar Zbar Chocolate Chip,00722252190840,9/18/1.27 oz,$155.42/$17.27,CS/BX,Miscellaneous Snack
Bar Zbar Chocolate Chip,00722252961884,9/6/1.27 oz,$49.03/$5.45,CS/BX,Miscellaneous Snack
BarFruit Apple Banana,10850397004122,12/12/1.2 oz,$192.73/$16.06,CS/BX,Miscellaneous Snack
BarGreekYogurt Dark Choc Vanil,10861703000103,10/1.76 oz,$13.60,CS,Yogurt/Parfaits
BarGreekYogurt DarkChoc Strawb,10861703000110,10/1.76 oz,$13.60,CS,Yogurt/Parfaits
Bark Thins Almond DkChocolate,10859686004003,12/4.7 oz,$53.21,CS,Miscellaneous Candy
Bark Thins Almond DkChocolate,10859686004003,12/4.7 oz,$52.08,CS,Miscellaneous Candy
Bark Thins Coconut Almd DkChoc,10859686004171,12/4.7 oz,$52.08,CS,Miscellaneous Candy
Bark Thins Pretzel DkChocolate,10859686004010,12/4.7 oz,$53.21,CS,Miscellaneous Candy
Bark Thins Pretzel DkChocolate,10859686004010,12/4.7 oz,$52.08,CS,Miscellaneous Candy
BARLEY PEARLED,00030000072301,12/16 OZ,$28.32,CS,BARLEY
Bars Banana Chocolate Chip,00829262000517,4/12/3 oz,,CS/BX,Snacks
Bars Chocolate Chip,00829262000555,4/12/3 oz,$95.51/$23.88,CS/BX,Snacks
Bars Dark Chocolate Coconut,20857484006486,6/40/.53 oz,$150.66/$25.11,CS/BX,Singles-Chocolate
Bars Dk Chocolate Crml Peanut,20857484006479,6/30/.67 oz,$150.66/$25.11,CS/BX,Singles-Chocolate
Bars Granola Oatmeal Cranberry,50857127036154,48/1 oz,$30.02,CS,Granola Bars
Bars Oat Lemon Poppy Seed GF,00829262000616,4/12/3 oz,$95.51/$23.88,CS/BX,Snacks
Bars Oat Peanut Butter,00829262000562,4/12/3 oz,$95.51/$23.88,CS/BX,Snacks
Bars Peanut Butter Choco Chip,00829262001729,4/12/3 oz,,CS,Snacks
BASE BEEF LSOD NO MSG GF,00074826332607,6/1 LB,$60.24,CS,BEEF
BASE BEEF NO MSG,00074826114067,6/1 LB,$36.64,CS,BEEF
BASE BEEF NO MSG 6/1 LB,00074826329065,6/1 LB,$58.89,CS,BEEF
BASE CHICKEN LSOD NO MSG GF,00074826462601,6/1 LB,$60.29,CS,CHICKEN
BASE CHICKEN NO MSG ZTF,00074826459601,6/1 LB,$51.81,CS,CHICKEN
BASE VEG LSOD NOMSG GF,00074826057609,6/1 LB,$52.26,CS,BEEF
BASE VEG NO MSG GF,00074826033603,6/1 LB,$39.33,CS,MISC.
BATTER CHEESECAKE CREAM CHEESE,10021000045294,4/48 OZ,$74.42,CS,BULK/TUB
BC CHIPOLTE MAYO (e) 4/1GL,10076539000436,1/1 GL,$42.10,EA,TABLE SERVICE
BC EXTRA HVY MAYO (e) 4/1GL,10076539000405,1/1 GL,$30.03,EA,TABLE SERVICE
BC EXTRA HVY MAYO (e) TUB 30LB,10076539000542,1/28 LB,$142.48,EA,TABLE SERVICE
BEAN BAKED VEGETARIAN RED SOD,10039400016387,6/#10,$51.92,CS,VEGETARIAN
BEAN BLACK LOW SODIUM,10039400018855,6/#10,$38.78,CS,MEXICAN FD-MISC
BEAN BLK TURTLE DRIED,00074865075329,1/20 LB,$23.12,CS,BEANS
BEAN CANNELLINI,00074865630443,1/10 LB,$41.28,CS,BEANS
BEAN CANNELLINI,00790429800076,1/10 #,$25.98,CS,KIDNEY
BEAN CANNELLINI LOW SODIUM,10039400018732,6/111 OZ,$42.75,CS,KIDNEY
BEAN GARBANZO LOW SODIUM,10039400017018,6/#10,$38.78,CS,GARBANZO
BEAN GREAT NRTHRN FCY,10039400017889,6/#10,$38.78,CS,OTHER
BEAN KIDNEY DARK RED DRIED,00074865075367,1/20 LB,$26.55,CS,BEANS
BEAN KIDNEY DK RED LOW SODIUM,10039400017452,6/#10,$38.78,CS,KIDNEY
BEAN LENTIL BLK BELUGA,70000000000009,1/10#,$36.88,CS,MISC.
BEAN LENTIL CRIMSON PET,00687080004151,1/10 LB,$53.35,CS,BEANS
BEAN LENTIL CRIMSON SPLT PETIT,00687080534900,1/10 LB,$49.59,CS,BEANS
BEAN LENTIL DRIED,00074865075398,1/20 LB,$22.01,CS,LENTILS
BEAN LENTIL GREEN FRENCH,00074865635257,1/10 LB,$49.02,CS,BEANS
BEAN LENTIL RED PETITE,00790429800328,1/10 #,$20.58,CS,MISC.
BEAN NAVY DRIED,70000000000009,1/25 LB,$23.39,CS,BEANS
BEAN PINTO DRIED MULTI-CLEAN,00074865066006,1/20 LB,$20.29,CS,BEANS
BEAN PINTO LOW SODIUM,10039400018190,6/#10,$38.78,CS,OTHER
BEAN PINTO TEXAS RANCHERO,10039400010712,6/#10,$51.92,CS,OTHER
BEAN REFRIED,10044300106410,6/#10,$55.10,CS,OTHER
BEAN REFRIED SMOOTH DEHY,10011140829489,6/29.77Z,$38.89,CS,MISC.
BEAN REFRIED VEGETARIAN,10072101025968,6/#10,$55.06,CS,OTHER
BEAN REFRIED VEGTRN,10011140549141,6/27.09Z,$40.07,CS,MISC.
BEAN REFRIED VEGTRN NO OIL,10011140103022,6/26.25Z,$39.91,CS,MISC.
BEEF EMPANADAS K715,00745378715001,100 / 1 OZ,$114.44,CS,PREPARED FOODS
Beef Jalapeno Stick,00856584004251,24/1.15 oz,$49.66,BX,Meat Snacks
BEEF JERKY ORIG,10017082877151,1/48 CT,$81.60,CS,MISC.
BEEF PATTY JAMAICAN K7117 MTO,00745378711706,100 / 1 OZ,$130.41,CS,PREPARED FOODS
BEEF SATAY K150,00745378150000,100 / 0.8 OZ,$154.31,CS,PREPARED FOODS
Beef Strip Wagyu,10732153029610,20/.8 oz,$34.46,BX,Meat Snacks
BEET DICED FCY,10074865106198,6/#10,$44.17,CS,MISC.
BEET PKLD SLI MED FCY,10074865106242,6/#10,$46.98,CS,PICKLED
BEGGARS PURSE FIG & MASCARPONE K753,00745378753010,100 / 0.72 OZ,$121.82,CS,PREPARED FOODS
Belvita Coconut,10044000050150,5/1.76 oz,$4.62,BX,Cookies
Berry Blast Candy Box,00070970495342,12/4.25 oz,$11.33,CS,Singles - No UPC
Birthday Cake Cookie Dgh Bites,06559560095482,12/3.1 oz,$13.92,CS,Bag Candy
Biscuit Bacon Egg   Cheese BW,10077900513623,12/3.65 oz,$22.13,CS,Breakfast
Biscuit Blazin Hot Ssge Egg Ch,10077900513289,12/5 oz,$22.72,CS,Breakfast
Biscuit Breakfast Blueberry,10044000029088,8/1.76 oz,$8.23,BX,Cookies
Biscuit Breakfast Blueberry,10044000029088,8/8/1.76 oz,$64.44/$8.06,CS/BX,Cookies
Biscuit Breakfast Cinn Sugar,20850010272263,8/8/1.6 oz,$64.54,CS,Cookies
Biscuit Breakfast Cinna BrwSug,10044000032736,8/1.76 oz,$8.23,BX,Cookies
Biscuit Breakfast Cinna BrwSug,10044000032736,8/8/1.76 oz,$64.44/$8.06,CS/BX,Cookies
Biscuit Cinmn w Almond Butter,10016000478791,6/16/1.35 oz,$89.01/$14.84,CS/BX,Cookies
Biscuit Cinmn w Almond Butter,10016000478791,16/1.35 oz,$15.48,BX,Cookies
Biscuit Double Sausge   Cheese,00071421001532,12/7.1 oz,$19.39,CS,Breakfast
Biscuit Grands Butter Tastin,10018000002112,12/16.3 oz,$41.21,CS,Miscellaneous
Biscuit Grands Buttermilk,,12/16.3 oz,$41.21,CS,Miscellaneous
Biscuit Jalpno Chorizo Egg Chs,00041433126899,10/5 oz,,CS,Breakfast
BISCUIT MINI BACON EGG AND CHEESE K7989,00745378798905,112 / 2.45 OZ,$164.81,CS,PREPARED FOODS
BISCUIT MIX GLUTEN FREE BISQUK,10016000277462,6/16 OZ,$28.52,CS,PACKAGES
Biscuit Sauage Egg   Cheese BW,10077900513746,12/4.9 oz,$22.67,CS,Breakfast
Biscuit Sausage BW,10077900513784,12/3.5 oz,$17.25,CS,Breakfast
Biscuit Sausage Egg Chs Jumbo,10077900513777,12/4.9 oz,$18.71,CS,Breakfast
Biscuit Sausage Twin,10077900103251,60/3.4 oz,$65.67,CS,Breakfast
BISCUIT SLIDER BBQ PORK K5015,00745378501505,96 / 1 OZ,$134.88,CS,PREPARED FOODS
Biscuit SpySsg Egg Jalpno Chs,10817058011615,24/5.2 oz,$50.58,CS,Breakfast
Biscuit Ssge JalpnBcn Egg Chse,00041433130001,8/6.3 oz,,CS,Breakfast
Biscuit Turkey Sausage,10850075822048,20/7 oz,$79.66,CS,Burritos
Bites Caramel Singles,10891325004531,6/50/.48 oz,$175.05/$29.18,CS/BX,Bag Candy
Bites Caramel Singles,10891325004531,50/.48 oz,$31.05,BX,Bag Candy
Bites Choc PB Nut Butter,10850032677278,2/12/1.4 oz,$41.45/$20.73,CS/BX,Singles-Chocolate
Bites Oatml Rsin Nut Btter,10850032677285,2/12/1.4 oz,$41.45/$20.73,CS/BX,Singles-Chocolate
Bites Singles Changemaker PB,10891325004609,50/0.58 oz,$31.05,BX,Bag Candy
Bites Singles Changemaker PB,10891325004609,6/50/0.58 oz,$175.05/$29.18,CS/BX,Bag Candy
Bites Strawberry Filled,00829262002283,3/25/1.3 oz,,CS,Snacks
Blue M m s,00040000583257,1/10 lb,$102.71,CS,Bulk Candy
Bodywash Deep Moisture,00011111123410,6/11 oz,$37.13,CS,Miscellaneous
BOIL CRAB LIQUID PAK,10071429145167,4/1GAL,$105.29/$26.32,CS/EA,MISC.
BombBurrito Beef W Green Chile,10027086190286,12/12 oz,$32.50,CS,Burritos
Bowl Chicken Chili Hot   Spicy,00070662195031,6/4.37 oz,$11.10,CS,Soup
Bowl Taste Asia Spicy Miso,00041789903526,6/3.38 oz,$7.37,CS,Soup
BREAD MIX RICE PANKO GF,00850040029314,1/11 LB,$65.24,CS,MISC.
BREADING SEASONED FISH FRI,10071429024639,1/25LB,$38.55,CS,BULK
BREAKFAST BAR CINN TST CRNCH,10016000455761,96/1.42OZ,$40.09,CS,MISC
BREAKFAST BAR NUTRI-GRN APPLE,00038000356452,48/1.3 OZ,$33.93,CS,MISC.
BREAKFAST BAR NUTRI-GRN APPLE,00038000597794,96/1.55OZ,$67.85,CS,MISC.
BREAKFAST BAR NUTRI-GRN BLUBRY,00038000357459,48/1.3 OZ,$33.93,CS,MISC.
BREAKFAST BAR NUTRI-GRN RASP,00038000358456,48/1.3 OZ,$33.93,CS,MISC.
BREAKFAST BAR NUTRI-GRN STWBRY,00038000359453,48/1.3 OZ,$33.93,CS,MISC.
BREAKFAST BAR NUTRI-GRN STWBRY,00038000597725,96/1.55OZ,$67.85,CS,MISC.
BREAKFAST BAR TRIX,10016000319155,96/1.42OZ,$40.09,CS,MISC
Breakfast Bowl Bacon,10077900471312,8/7 oz,$24.61,CS,Breakfast
Breakfast Bowl Biscuits Gravy,10077900471503,8/9 oz,$24.61,CS,Breakfast
Breakfast Bowl Meat Lovers,10077900706155,8/7 oz,$24.61,CS,Breakfast
Breakfast Bowl Sausage,10077900471329,8/7 oz,$24.61,CS,Breakfast
Breakfast Bowl Turkey Sausage,10077900471336,8/7 oz,$24.61,CS,Breakfast
BRIE ENCROUT RASPBERRY K7135,00745378713502,200 / 1.1 OZ,$264.45,CS,PREPARED FOODS
BRIE PEAR ALMOND BEGGARS PURSE K7391,00745378739106,100 / .76 OZ,$142.64,CS,PREPARED FOODS
Brittle Brownie M M,70711747011578,8/2.25 oz,$15.35,CS,Miscellaneous Snack
Brittle Choco Chip Brownie,70711747011127,8/2.75 oz,$15.35,CS,Miscellaneous Snack
Brittle Choco Chip Brownie,60711747016255,6/5 oz,$17.41,CS,Miscellaneous Snack
Brittle Chocolate Chip Brownie,70711747011257,72/1 oz,$39.23,CS,Miscellaneous Snack
Brittle Salted Caramel Brownie,70711747011134,8/2.75 oz,$15.35,CS,Miscellaneous Snack
Brittle Salted Caramel Brownie,60711747016354,6/5 oz,$17.41,CS,Miscellaneous Snack
Brittle Salted Caramel Brownie,70711747011356,72/1 oz,$39.23,CS,Miscellaneous Snack
Brittle Toffee Crunch,60711747016453,6/5 oz,$17.41,CS,Miscellaneous Snack
Brittle Toffee Crunch Brownie,70711747011141,8/2.75 oz,$15.35,CS,Miscellaneous Snack
Brownie Big Chocolate Chewy,10044000080188,2/7/2.5 oz,$20.57/$10.29,CS/BX,Cookies
Brownie Brittle,0,,$2.70,1,
Brownie Brittle Chocolate Chip,60711747016224,8/6/1 oz,$28.62/$3.58,CS/BX,Miscellaneous Snack
Brownie Choc Chip IW,10013087243946,48/3 oz,$51.06,CS,Pastry
Brownie Chocolate Chip Single,10857488004085,24/2 oz,$48.53,CS,Pastry
Brownie Chocolate Mini Bulk,10628251360413,60/.67 oz,$40.44,CS,Pastry
Brownie Fudge,00024300097409,6/18/2.15 oz,$42.20,CS,Snacks
Brownie Oreo FOA,20072250051075,6/8/3 oz,$65.23/$10.87,CS/BX,Pastry
Brownie Rnd W M m,10815216018209,48/3 oz,$42.07,CS,Cookies
Brwnie Csmic Vend MicroMrkt,00024300891861,10/6/4.0 oz,$49.49,CS,Snack Pastry
Buddy Bar 2ct Value Line FOA,00072250041706,12/12/2 oz,$97.26/$8.11,CS/BX,Pastry
Bugles Chili Cheese,10016000172712,6/3 oz,$10.88,CS,Granola Bars
Bugles Nacho,00016000148376,6/3 oz,$12.55,CS,Bulk Snacks
Bugles Nacho,00016000148376,6/3 oz,$10.88,CS,Bulk Snacks
Bugles Nacho,10016000614601,60/.875 oz,$23.05,CS,Bagged Vend Size
Bugles Nacho Cheese LSS,10016000113326,36/1.5 oz,$19.16,CS,Large Single Serve
Bugles Original,00016000148345,6/3 oz,$12.55,CS,Bulk Snacks
Bugles Original,00016000148345,6/3 oz,$10.88,CS,Bulk Snacks
Bugles Original,00016000613706,60/.875 oz,$23.05,CS,Bagged Vend Size
Bugles Original LSS,00016000368101,36/1.5 oz,$19.16,CS,Bagged Vend Size
Bugles Ranch,00016000148420,6/3 oz,$12.55,CS,Bulk Snacks
Bugles Ranch,00016000148420,6/3 oz,$10.88,CS,Bulk Snacks
Bugles Ranch LSS,10016000470368,36/1.5 oz,$19.16,CS,Bulk Snacks
Bugles Sweet   Salty Caramel,00016000148383,7/3.5 oz,$19.16,CS,Bulk Snacks
Bugles Tabasco Crispy Corn,10016000225630,6/3 oz,$10.88,CS,Large Single Serve
BULGUR WHEAT #1 FINE  10 LB,,1 / 10 LB,$19.32,CS,PANTRY
Buncha Crunch Conc Box DRC,00099900126262,12/3.2 oz,$16.10,CS,Miscellaneous
Burrito Bean   Cheese,10042272000712,12/6 oz,$36.62,CS,Burritos
Burrito Bean   Cheese Organic,10850416002252,12/5 oz,$34.96,CS,Burritos
Burrito Bean   Cheese XXL,10071007064392,12/9.5 oz,$18.75,CS,Burritos
Burrito Bean Cheese,10071007069939,24/5 oz,$21.49,CS,Burritos
Burrito Beef   Bean XXL,10071007016698,12/9.5 oz,$18.75,CS,Burritos
Burrito Beef Bean,10071007019927,24/5 oz,$21.49,CS,Burritos
Burrito Beef Bean Red Hot,10071007039840,24/5 oz,$21.49,CS,Burritos
Burrito Beef Bean Spcy Red Hot,00041433129227,10/8 oz,$29.17,CS,Burritos
Burrito Beef Cheese HBW,20027086183124,12/7 oz,$25.04,CS,Burritos
Burrito Beef W Red Chile,10027086190279,12/12 oz,$32.50,CS,Burritos
BURRITO BFAST EGG HAM & CHS K7878 MTO,00745378787800,100 / 3 OZ,$186.94,CS,PREPARED FOODS
Burrito Breakfast Bacon Egg,20027086184312,12/7 oz,$26.07,CS,Burritos
Burrito Breakfast Sausage Egg,20027086184329,12/7 oz,$26.07,CS,Burritos
Burrito Brkfst Triple Play,10027086287375,12/7 oz,$24.65,CS,Burritos
Burrito Brkfst Whl 9 Yard FZ,20027086184503,12/7 oz,$26.07,CS,Burritos
Burrito Chicken   Cheese,10850416002221,12/5 oz,$34.96,CS,Burritos
Burrito Chicken Cheese HBW,20027086183131,12/7 oz,$24.01,CS,Burritos
Burrito Chicken Chipotle,10027086190309,12/12 oz,$32.50,CS,Burritos
Burrito Chicken Fajita,10745471791756,20/8 oz,$68.63,CS,Burritos
Burrito Chicken Rice   Cheese,00041433129258,10/8 oz,$29.17,CS,Burritos
Burrito Chile Verde Breakfast,10611665888017,12/8 oz,$41.18,CS,Breakfast
Burrito Ckn App Saus Egg Gouda,10891627008589,12/5 oz,$21.47,CS,Breakfast
Burrito Egg Bacon Chs   Salsa,10071007143172,12/8 oz,$19.52,CS,Burritos
BURRITO EGG PEPPERS AND CHEESE K7879 MTO,00745378787909,100 / 3 OZ,$155.70,CS,PREPARED FOODS
Burrito Egg Saus Potato Cheese,10071007142465,12/8 oz,$19.56,CS,Burritos
Burrito Egg Sausage Cheese,00041433124888,12/6.2 oz,$38.97,CS,Burritos
Burrito Egg Sausage Potato Chs,10071007145718,24/4.5 oz,$33.04,CS,Burritos
Burrito Gluten Fr Bean Chese,10042272003539,12/5.5 oz,$40.59,CS,Burritos
Burrito Sausage Breakfast,10745471791558,20/8 oz,$68.63,CS,Burritos
Burrito Sausage Breakfast,10611665888024,12/8 oz,$41.18,CS,Breakfast
Burrito Southwestern,10042272000767,12/5.5 oz,$36.62,CS,Burritos
Burrito Spicy Breakfast,10891627008541,12/5 oz,$21.47,CS,Breakfast
Burrito Spicy Red Hot XXL,10071007032773,12/9.5 oz,$18.75,CS,Burritos
Burrito Steak Cheese All Natrl,10071007157230,24/5 oz,$33.27,CS,Burritos
Burrito Steak Jalapeno,00027086183380,12/7 oz,$26.80,CS,Burritos
Butterfat,10026700158770,4/10 lb,$248.14,CS,Salt & Toppings
Butterfinger Bar Singles,00099900531059,8/36/1.9 oz,$340.57/$42.57,CS/BX,Singles-Chocolate
Butterfinger Bites SUB,00099900100439,12/8 oz,$58.67,CS,Count Goods
Butterfinger Funsize,00099900891962,12/10.2 oz,$72.99,CS,Count Goods
Butterfinger Share Pack,00099900100804,8/18/3.7 oz,$279.95/$34.99,CS/BX,Big Block/King Size
ButterFinger Unwrpd Minis Box,10099900715593,9/2.8 oz,$12.08,CS,Box Candy
BYD 100% COLO 4/5LB,10025869148431,1/5 LB,$62.85,EA,BOYD'S
BYD 100% DT COLO 4/5LB,10025869147151,1/5 LB,$63.40,EA,BOYD'S
BYD 100% SUMATRA 4/5LB,10025869147175,1/5 LB,$86.70,EA,BOYD'S
BYD BUTTERY PECAN 6/2LB,10025869148448,1/2 LB,$23.48,EA,BOYD'S
BYD CAFÃ‰ DE OLLA 6/2LB,10025869147182,117410,$37.27,EA,BOYD'S
BYD DCF STEADY HND 4/5LB,10025869147144,1/5 LB,$59.30,EA,BOYD'S
BYD FRENCH NO.6 4/5LB,10025869147137,1/5 LB,$65.00,EA,BOYD'S
BYD FRENCH NO6 10G SC 6/12CT,10840825033664,1/12 CT,$6.12,EA,BOYD'S
BYD FRENCH NO6 1CUP IR 300CT,10840825033466,1/300 CT,$132.63,CS,BOYD'S
BYD FRENCH VANILLA 6/2LB,10025869147199,1/2 LB,$24.24,EA,BOYD'S
BYD GM 10G SC 6/12CT,10840825033640,1/12 CT,$6.12,EA,BOYD'S
BYD GOOD MORNING 4/5LB,10025869147106,1/5 LB,$54.35,EA,BOYD'S
BYD GOOD MRN ESP D55 70CT,10840825033480,1/100 CT,$52.46,CS,BOYD'S
BYD GOOD MRN ESP S45 100CT,10840825033497,1/300 CT,$126.59,CS,BOYD'S
BYD GR 100% BRAZIL 50/2.5OZ,10025869147441,50/2.5 OZ,$103.52,CS,BOYD'S
BYD GR 100% COLO 40/3OZ,10025869148417,40/3 OZ,$94.28,CS,BOYD'S
BYD GR 100% COLO 50/2.5OZ,10025869148400,50/2.5 OZ,$98.20,CS,BOYD'S
BYD GR 100% DT COLO 32/9OZ,10025869147267,32/9 OZ,$198.18,CS,BOYD'S
BYD GR 100% DT COLO 40/3OZ,10025869147342,40/3 OZ,$94.80,CS,BOYD'S
BYD GR 100% DT COLO 50/2.5OZ,10025869147434,50/2.5 OZ,$98.75,CS,BOYD'S
BYD GR 100% SUMATRA 40/3OZ,10025869147366,40/3 OZ,$206.07,CS,BOYD'S
BYD GR BUTTER PECAN 46/2.5OZ,10025869147540,46/2.5 OZ,$84.38,CS,BOYD'S
BYD GR CAFÃ‰ DE OLLA 46/2.5OZ,10025869147465,46/2.5 OZ,$87.04,CS,BOYD'S
BYD GR CARAMEL 46/2.5OZ,10025869147519,46/2.5 OZ,$87.76,CS,BOYD'S
BYD GR DCF STEADY HND 32/9OZ,10025869147250,32/9 OZ,$186.84,CS,BOYD'S
BYD GR DCF STEADY HND 40/3OZ,10025869147335,40/3 OZ,$88.65,CS,BOYD'S
BYD GR DCF STEADY HND50/2.5OZ,10025869147427,50/2.5 OZ,$98.28,CS,BOYD'S
BYD GR FRENCH NO.6 32/9OZ,10025869147243,32/9 OZ,$232.38,CS,BOYD'S
BYD GR FRENCH NO.6 40/3OZ,10025869147328,40/3 OZ,$97.20,CS,BOYD'S
BYD GR FRENCH NO.6 50/2.5OZ,10025869147410,50/2.5 OZ,$101.25,CS,BOYD'S
BYD GR FRENCH VAN 46/2.5OZ,10025869147472,46/2.5 OZ,$87.04,CS,BOYD'S
BYD GR GOOD MORNING 32/9OZ,10025869147212,32/9 OZ,$194.04,CS,BOYD'S
BYD GR GOOD MORNING 40/3OZ,10025869147298,40/3 OZ,$81.23,CS,BOYD'S
BYD GR GOOD MORNING 50/2.5OZ,10025869147380,50/2.5 OZ,$84.61,CS,BOYD'S
BYD GR HAZELNUT 46/2.5OZ,10025869147489,46/2.5 OZ,$87.76,CS,BOYD'S
BYD GR HGHLNDR GROGG 46/2.5OZ,10025869147502,46/2.5 OZ,$73.31,CS,BOYD'S
BYD GR HI REV 30/4OZ,10025869147373,30/3 OZ,$81.45,CS,BOYD'S
BYD GR ISLAND HZLNUT 46/2.5OZ,10025869147496,46/2.5 OZ,$87.76,CS,BOYD'S
BYD GR ORIGINAL ROAST 32/9OZ,10025869147229,32/9 OZ,$199.26,CS,BOYD'S
BYD GR ORIGINAL ROAST 40/3OZ,10025869147304,40/3 OZ,$85.73,CS,BOYD'S
BYD GR ORIGINAL RST 50/2.5OZ,10025869147397,50/2.5 OZ,$88.20,CS,BOYD'S
BYD GR PUMPKIN SPICE 46/2.5OZ,10025869147960,46/2.5 OZ,$159.98,CS,BOYD'S
BYD GR RED WAGON 40/3OZ,10025869147311,40/3 OZ,$171.82,CS,BOYD'S
BYD GR RED WAGON 50/2.5OZ,10025869147403,50/2.5 OZ,$108.20,CS,BOYD'S
BYD HAZELNUT 6/2LB,10025869147205,1/2 LB,$24.24,EA,BOYD'S
BYD ORIG RST 10G SC 6/12CT,10840825033657,1/12 CT,$6.22,EA,BOYD'S
BYD ORIGINAL ROAST 4/5LB,10025869147113,1/5 LB,$56.35,EA,BOYD'S
BYD RED WAGON 4/5LB,10025869147120,1/5 LB,$65.85,EA,BOYD'S
BYD STDY HND DCF 1CUP IR 300CT,10840825033473,1/70 CT,$138.22,CS,BOYD'S
BYD STDY HND ESP DCF S45 100CT,10840825033503,1/100 CT,$53.12,CS,BOYD'S
Cabinet Pop A Lot Staging,,1/1 ct,$976.04/$976.04,CS/EA,MISC FOOD
Cable Usb Type C 6Ft,20707062706416,24/1 ea,$234.03,CS,Independent Items
CAINS SUGAR SUB PACKS 1/2000CT,10840825012232,1/2000 CT,$23.10,CS,TABLE SERVICE
Cake Bar Carrot FOA,00072250910095,6/8/3.5 oz,$45.02/$7.50,CS/BX,Pastry
Cake Be My Valentine Vanilla,00024300890284,9/6/2.8 oz,$40.40,CS,Snack Pastry
Cake Butter Ooey Gooey Caramel,00797884362200,6/10/2 oz,$62.82/$10.47,CS/BX,Pastry
Cake Butter Ooey Gooey Lemon,00797884361203,6/10/2 oz,$85.07/$14.18,CS/BX,Pastry
Cake Butter Ooey Gooey Orig,00797884305207,6/10/2 oz,$87.98/$14.66,CS/BX,Pastry
Cake Carrot Square,20076064020463,6/6/3.6 oz,$54.45,CS,Pastry
Cake Christmas Tree,00024300890789,9/6/3 oz,$51.21,CS,Snack Pastry
Cake Cinnamon Crumb Mini Loaf,10013087201700,2/12/4 oz,$33.45/$16.73,CS/BX,Pastry
Cake Coffee 2ct FOA,30888109302369,6/8/2.89 oz,$38.34/$6.39,CS/BX,Pastry
Cake Golden Cream Fill 2ct FOA,30888109302260,6/6/2.55 oz,$28.75/$4.79,CS/BX,Pastry
Cake Lemon Loaf Slcd,10823056500075,4/13/4 oz,$66.15,CS,Pastry
Cake Lemon Mini Loaf,10013087201687,2/12/4 oz,$32.74/$16.37,CS/BX,Pastry
Cake Pecan Twirls 3ct FOA,00072250910927,4/12/3 oz,$45.02/$11.26,CS/BX,Pastry
Cake Pound Chocolate Iced IW,00797884213205,3/10/4 oz,$45.77,CS,Pastry
Cake Pound Lemon Iced IW,00797884212208,3/10/4 oz,,CS,Pastry
Cake Tree Chrstms Vnlla FOA,00024300895784,9/6/3.0 oz,$53.80,CS,Pastry
Cake Triple Chocolate 2pk FOA,20072250013745,6/6/3.5 oz,$50.81/$8.47,CS/BX,Pastry
Cake Zebra,00024300891953,9/6/3 oz,$44.90/$4.99,CS/BX,Pastry
Cake Zebra Vend MicroMrkt,00024300892950,54/3.1 oz,$42.74,CS,Snack Pastry
Cakes Banana Creme FOA 2ct,30072250013773,6/6/3.5 oz,$50.81/$8.47,CS/BX,Pastry
Cakes Confetti FOA 2ct,20072250012212,6/6/3.5 oz,$50.81/$8.47,CS/BX,Pastry
CALZONE PEPPERONI K885,00745378885001,100 / 1 OZ,$136.92,CS,PREPARED FOODS
Calzone Pepperoni Pizza,10817058011677,12/7 oz,$25.64,CS,Meals
CANDIED APPLE PORK BELLY,,200 / 0.80 OZ,$312.17,CS,PREPARED FOODS
CANDY - Mike & Ike,943926,12/5oz BOX,$11.29/$1.13,Case/Each,
CANDY - Skittles,943927,12/3.5oz BOX,$16.05/$1.34,Case/Each,
CANDY - Sour Patch Kids,943928,12/3.5oz BOX,$10.74/$0.90,Case/Each,
Candy Airhead Bites,00073390678937,1/1000 ct,$62.30,CS,Candy
Candy Airhead Sour Mini,10073390614635,5/5 lb,$72.43/$14.49,CS/BX,Candy
Candy Atomic Fireball Tub,00041420052903,6/64.8 oz,,CS/BX,Count Goods
CANDY BAR CHOC MILK,20034000240009,1/36CT,$48.02,EA,CANDY BARS
CANDY BAR COOKIES N CREME,20034000239003,12/36 CT,$458.00,CS,CANDY BARS
CANDY BAR KIT KAT 1.5 OZ,20034000246001,12/36 CT,$576.20/$48.02,CS/EA,CANDY BARS
Candy Bar Mini Assorted,10073390612747,5/5 lb,$72.43/$14.49,CS/BX,Candy
CANDY BAR SNICKER 1.86 OZ,10040000424311,8/48CT,$481.53/$60.19,CS/EA,CANDY BARS
CANDY BAR SNICKERS,10040000015021,12/4.4OZ,$31.87,CS,CANDY BARS
CANDY BAR TWIX CARAMEL 1.79 OZ,10040000353918,10/36CT,$419.84/$41.98,CS/EA,CANDY BARS
Candy Caramels Chocolate,20034000457988,12/18/1.7 oz,$282.41,CS,Singles-Chocolate
Candy Choc Bits Twix Bite Sz,00040000641247,5/8 oz,$28.71,CS,Bag Candy
Candy Choc Hazelnut Dunes,10860011168802,4/12/1.12 oz,$54.03,CS,Singles-Chocolate
Candy Crawlers Electric,00041420080494,9/6.3 oz,$18.52,CS,Bag Candy
Candy Dark Chocolate Coconut,00850034219998,24/.53 oz,$19.10,CS,Singles-Chocolate
Candy Drk Choc Dunes,10860011168819,4/12/1.12 oz,$54.03,CS,Singles-Chocolate
Candy Fruit Chews Mamba,00072799055653,6/24/2.80 oz,$152.26/$25.38,CS/BX,Singles-Non-Chocolat
Candy Gummy Peg Bag,10010700702620,12/7 oz,$29.06,CS,Bag Candy
Candy Gummy Sour Peg Bag,10010700557107,12/6.5 oz,$29.06,CS,Bag Candy
Candy Gummy Star Mix,00042238725348,12/5 oz,$15.56,CS,Bag Candy
Candy LIK M AID Fun Dip,00079200194635,12/48/.43 oz,$109.83/$9.15,CS/BX,Concessions
CANDY M&M PEANUT BX,10040000497537,12/3.1 OZ,$15.26,CS,MISC.
CANDY M&M PEANUT PEG PK,10040000017322,12/5.3 OZ,$29.64,CS,HARD/SOFT
CANDY M&M PLAIN 1.69 OZ,00040000499909,9/36 CT,$406.29/$45.14,CS/EA,MISC.
CANDY M&M PLAIN BOX,10040000497513,12/3.1 OZ,$16.42,CS,MISC.
CANDY M&M PLAIN BULK,00040000182313,1/25 LB,$106.55,CS,MISC.
Candy Mega Roulette,00042238371033,8/24/1.59 oz,,CS/BX,Singles-Non-Chocolat
Candy Milk Choc Hazelnut,10850067385094,4/12/1.62 oz,$60.58,CS,Singles-Chocolate
CANDY MINT BUTTER WHT THANK U,00041412005009,1000/1EA,$39.22,CS,MINTS
CANDY MINT STARLIGHT POUCH PPM,00074865731546,1/30 LB,$99.07,CS,MINTS
Candy Peanut Bttr Drk Choc Cup,00850034219035,24/.53 oz,$19.10,CS,Box Candy
Candy Reese s Pieces,10034000116437,12/4.8 oz,$31.11,CS,Bag Candy
Candy Rope,00041420084829,12/5 oz,$26.47,CS,Miscellaneous
Candy Sour Assrtd 5pk Singles,10073390614581,8/18/18 ct,,CS/BX,Singles-Non-Chocolat
Candy Sour Brite Eggs Peg Bag,10020709012088,12/1/4 oz,$18.29,CS,Bag Candy
CANDY SOUR PATCH KID SFT&CHEWY,00070462062496,12/3.5OZ,$10.81,CS,HARD/SOFT
CANDY STARBRST FRUIT CHW 2.07Z,10040000011511,10/36 CT,$451.44/$45.14,CS/EA,MISC.
Candy Super Sour Gushers,10016000223759,6/18/1.9 oz,$122.18,CS,Singles-Non-Chocolat
Candy Tajin Watermelon Ring,00087076896102,12/2.25 oz,$13.65,CS,Bag Candy
CAPER SPANISH NONPAREIL,10041224700182,6/32 OZ,$65.44,CS,CAPERS
CAPP TOPPG FROTHY(d) 16OZ/12CS,10840825028646,1/1 LB,$4.87,EA,TABLE SERVICE
CapriSun Drink Fruit Punch,10087684002046,4/10/6 oz,$23.05,CS,Miscellaneous
Caramel Creamy Filled,00072799490195,12/5.5 oz,$26.74,CS,Singles-Non-Chocolat
Caramel Original Sugar Free,00072799831417,12/2.75 oz,$26.74,CS,Bag Candy
Caramel Sweet N Salty TravelPk,10077034086529,12/5.5oz,$38.37,CS,Nuts
Caramello KS,20034000052404,8/18/2.7 oz,$329.07/$41.13,CS/BX,Big Block/King Size
CARDAMOM BLACK WHOLE/POD INDIA,,1 / 12 OZ,$24.00,CS,PANTRY
CARDAMOM GREEN WHOLE/POD GUATEMALA,,1 / 14 OZ,$35.59,CS,PANTRY
CARDAMOM GROUND BLACK EXTRA FANCY,,1 / 16 OZ,$36.66,CS,PANTRY
Carmex Squeeze Tube Carded,20792554620011,24/6/.35 oz,$256.43/$10.68,CS/BX,Independent Items
Carrots Pickled,10074329123402,12/2.25 oz,$17.55,CS,Miscellaneous
Cashew Hunk Covered Chocolate,50850180006850,6/10/1 oz,$106.60/$17.77,CS/BX,Snacks
Cashew Macadamia Van Tangerine,10848996111112,12/9/1.5 oz,$162.45/$13.54,CS/BX,Nuts
Cashew Macadmia Glaze Vanilla,10893869000031,6/4 oz,$26.44,CS,Nuts
Cashew Salted Caramel Dipped,10851562008419,10/3.5 oz,$41.02,CS,Nuts
Cashew Salted Caramel Dipped,10851562008419,10/3.5 oz,$40.16,CS,Nuts
Cashew Van Tangerine Macadamia,10893869000154,18/1.5 oz,$27.66,CS,Nuts
Cashew Van Tangerine Macadamia,10893869000154,18/1.5 oz,$27.08,CS,Nuts
Cashew W Pomegranate Vanilla,00893869005176,6/4 oz,$26.44,CS,Nuts
Cashews Cinnamon Sweet   Slty,10850034219650,10/4 oz,$41.34,CS,Nuts
Cashews Honey Roasted RTL,10029000074498,12/3 oz,$23.45,CS,Nuts
Cashews Honey Roasted Tube,10029000075396,6/18/1.5 oz,$121.52/$20.25,CS/BX,Nuts
Cashews Pomegranate Van Glz Mx,20893869003282,18/1.5 oz,$27.66,CS,Nuts
Cashews Pomegranate Van Glz Mx,20893869003282,18/1.5 oz,$27.08,CS,Nuts
Cashews Salted,10077034089803,100/1 oz,$75.80,CS,Nuts
Cashews Salted RTL,10029000074368,12/3 oz,$23.45,CS,Nuts
Cashews Salted Tube,10029000075389,6/18/1.5 oz,$121.52/$20.25,CS/BX,Nuts
Cashews Unsalted,10077034084884,12/3 oz,$38.37,CS,Nuts
Cashews w Pomegranate Vanilla,10848996000270,12/9/1.5 oz,$162.45/$13.54,CS/BX,Nuts
Cashews Whole,00028400077002,6/8/2.25 oz,$103.28/$17.21,CS/BX,Nuts
CEREAL APPLE JACKS,00038000029912,4/31 OZ,$51.84,CS,BULK
Cereal Apple Jacks Cup,00038000124693,10/6/1.5 oz,$82.71/$8.27,CS/BX,Cereal
Cereal Apple Jacks Original,00041192100369,18/8.9 oz,$99.32,CS,Cereal
CEREAL ASSORTED ADULT CUP,10016000310794,1/60 EA,$74.20,CS,SINGLE SERVE
CEREAL ASSORTED CLASSIC PK CP,00038000126093,60/EA,$72.50,CS,SINGLE SERVE
CEREAL ASSORTED FAMILY PACK,00038000220555,72/INDIV,$56.63,CS,SINGLE SERVE
CEREAL ASSORTED GOODNESS CUP,10016000311548,1/60 CT,$77.05,CS,PACKAGES
Cereal Assorted In A Cup,00038000126093,60/1.25-2.1oz,$79.77,CS,Cereal
CEREAL ASSORTED PACK  CUP,10016000141510,60/1.9ZAV,$74.20,CS,SINGLE SERVE
CEREAL ASSORTED WELLNESS CUP,00038000183157,60/EA,$73.85,CS,SINGLE SERVE
Cereal Bar Apple Cinnamon LF,00038000356452,3/16/1.3 oz,$35.25/$11.75,CS/BX,Granola Bars
Cereal Bar Apple Cinnamon LF,00038000356452,16/1.3 oz,$12.00,BX,Granola Bars
Cereal Bar Strwbry Tff,00038000359453,16/1.3 oz,$12.00,BX,Granola Bars
Cereal Bar Strwbry Tff,00038000359453,3/16/1.3 oz,$35.25/$11.75,CS/BX,Granola Bars
CEREAL CAP N CRUNCH,10030000431402,4/34 OZ,$41.27,CS,BULK
CEREAL CHEERIOS GLTN FR,10016000487724,14/12 OZ,$75.07,CS,SINGLE SERVE
CEREAL CHEERIOS GLTN FR BLKPK,10016000119779,4/29OZ,$48.38,CS,BULK
CEREAL CHEERIOS HNY NUT GLTN F,10016000119885,4/39 OZ,$63.41,CS,BULK
Cereal Choc Peanut Butter,10850017468693,2/12/1.27 oz,$34.17/$17.09,CS/BX,Cereal
CEREAL CINN TST 25% LESS SGR,10016000148861,60/2 OZ,$70.69,CS,SINGLE SERVE
CEREAL CINN TST CRUN BULKPAK,10016000118130,4/45OZ,$63.46,CS,BULK
CEREAL CINN TST RDUC SUG BWLPK,10016000294445,96/1 OZ,$51.49,CS,SINGLE SERVE
Cereal Cinnamon Chex,10016000148830,60/2 oz,$76.29,CS,Cereal
Cereal Cinnamon Toast,10850017468723,2/12/1.27 oz,$41.36/$20.68,CS/BX,Cereal
Cereal Cinnamon Toast Cup,10016000138978,10/6/2.01 oz,$76.29/$7.63,CS/BX,Cereal
CEREAL CINNAMON TST CRUN BWLPK,10016000118154,96/1 OZ,$51.49,CS,SINGLE SERVE
Cereal Cocoa Krispies Cup,00038000319662,10/6/2.3 oz,$82.71/$8.27,CS/BX,Cereal
Cereal Cocoa Puffs 25 Less Sug,10016000148854,60/2 oz,$76.29,CS,Cereal
CEREAL COCOA PUFFS BULKPAK,10016000119991,4/35 OZ,$57.10,CS,BULK
CEREAL COCOA PUFFS BWLPK 25%LS,10016000148854,60/2 OZ,$70.69,CS,BULK
CEREAL CORN CHEX BLUEBERRY GF,10016000172620,60/2 OZ,$70.69,CS,SINGLE SERVE
CEREAL CORN CHEX GLTN FR BLKPK,10016000133263,4/33OZ,$55.31,CS,BULK
CEREAL CORN FLAKES,00038000001918,4/26OZ,$25.75,CS,BULK
CEREAL CORN FLAKES BWLPK,00038000001963,96/3/4 OZ,$48.40,CS,SINGLE SERVE
CEREAL CORN GLUTEN FREE,10016000487823,8/12 OZ,$66.59,CS,PACKAGES
CEREAL CREAM OF WHEAT 2.5 MIN,10019320013796,12/28 OZ,$62.93,CS,PACKAGES
Cereal Cup Cap n Crnch,00030000579053,12/1.51 oz,$15.27,CS,Cereal
Cereal Cups Honey Nut Cheerios,10016000148823,60/2 oz,$76.29,CS,Cereal
Cereal Froot Loops,00038000308796,6/6/2 oz,$63.71,CS,Cereal
Cereal Froot Loops Cup,00038000124655,10/6/1.5 oz,$82.71/$8.27,CS/BX,Cereal
CEREAL FROOT LOOPS INDIV BOX,00038000219733,70/.95 OZ,$47.63,CS,SINGLE SERVE
CEREAL FROSTED FLAKE BWLPK,00038000015960,96/1 OZ,$48.40,CS,SINGLE SERVE
CEREAL FROSTED FLAKES,00038000015915,4/40 OZ,$49.68,CS,BULK
Cereal Frosted Flakes Cup,00038000124686,10/6/2.1 oz,$82.71/$8.27,CS/BX,Cereal
CEREAL FROSTED FLAKES INDIV BX,00038000219627,70/1.20OZ,$46.58,CS,SINGLE SERVE
Cereal Frosted Flakes Original,00041192100420,18/12 oz,$99.32,CS,Cereal
CEREAL FRUITY PEBBLES,10884912129748,12/15OZ,$71.68,CS,PACKAGES
Cereal Fruity Snack Keto,10850017468709,2/12/1.27 oz,$34.17/$17.09,CS/BX,Snack Mixes
CEREAL GOLDEN GRAHAM BULKPAK,10016000119892,4/43.5OZ,$63.46,CS,BULK
CEREAL GRANOLA FRUIT BULKPAK,10016000119878,4/50OZ,$64.56,CS,BULK
CEREAL GRANOLA OAT N HNY BLKPK,10021908127726,4/44 OZ,$64.52,CS,BULK
CEREAL GRANOLA OATS AND HNY,10016000233369,4/50 OZ,$68.24,CS,BULK
CEREAL GRANOLA OATSN HNY BLKPK,10016000271118,4/50OZ,$68.25,CS,BULK
CEREAL GRANOLA W/RAISINS LFAT,00038000220135,70/2.22OZ,$55.91,CS,SINGLE SERVE
Cereal Honey Nut Cheerios,10016000124797,12/10.8 oz,$66.24/$5.52,CS/BX,Cereal
Cereal Honey Nut Cheerios Cup,10016000138985,10/6/1.83 oz,$76.29/$7.63,CS/BX,Cereal
CEREAL HOT GRITS OLD FSHN,10030000573775,8/5 LB,$39.85,CS,BULK
CEREAL HOT GRITS QUICK,00030000043783,8/5LB,$39.85,CS,BAKE NEEDS-MISC
CEREAL HOT GRITS QUICK HOMINY,00030000041604,12/24OZ,$31.60,CS,PACKAGES
CEREAL HOT GRITS QUICK INSTANT,00030000041383,8/36 OZ,$53.35,CS,PACKAGES
CEREAL HOT OAT INST LOOSE PK,10030000436612,48/1OZ,$16.36,CS,SINGLE SERVE
CEREAL HOT OAT KETTLE HEARTY,10030000432690,12/47 OZ,$70.73,CS,PACKAGES
CEREAL HOT OAT OLD FASHIONED,10030000432935,12/42 OZ,$63.34,CS,PACKAGES
CEREAL HOT OAT QUICK,10030000432850,12/42OZ,$63.34,CS,PACKAGES
CEREAL HOT OATMEAL VARIETY,00030000316825,64/.98 OZ,$27.77,CS,SINGLE SERVE
CEREAL KIX BULKPAK,10016000119656,4/25 OZ,$50.64,CS,BULK
Cereal Luck Charms Cup,10016000138992,10/6/1.73 oz,$76.29/$7.63,CS/BX,Cereal
CEREAL LUCKY CHARM GLTN FR BLK,10016000119984,4/35OZ,$59.20,CS,BULK
CEREAL LUCKY CHARM GLTNFR BWL,10016000319179,96/1 OZ,$51.49,CS,SINGLE SERVE
CEREAL MULTI-GRAIN CHOC KRAVE,00038000720109,4/35 OZ,$59.85,CS,BULK
CEREAL OATMEAL MAPLE BRN SUG,00030000319710,24/1.69OZ,$30.59,CS,SINGLE SERVE
CEREAL RAISIN BRAN,00038000008917,4/56 OZ,$47.31,CS,BULK
CEREAL RAISIN BRAN BWLPK,00038000008962,96/1.25OZ,$48.40,CS,SINGLE SERVE
Cereal Raisin Bran Crunch,00041192102066,10/15.4 oz,$52.71/$5.27,CS/BX,Cereal
Cereal Raisin Bran Crunch Cup,00038000124747,10/6/2.8 oz,$82.71/$8.27,CS/BX,Cereal
CEREAL RAISIN BRAN INDIV BOX,00038000219429,70/1.52OZ,$46.58,CS,SINGLE SERVE
Cereal Reeses Peanut Butter,10016000122229,12/11.5 oz,$66.24/$5.52,CS/BX,Cereal
CEREAL RICE CHEX GLTN FR BLKPK,10016000133256,4/33 OZ,$57.10,CS,BULK
CEREAL RICE KRISPIES,00038000005916,4/27OZ,$33.00,CS,BULK
CEREAL RICE KRISPIES BWLPK,00038000005961,96/5/8 OZ,$48.40,CS,SINGLE SERVE
CEREAL SPECIAL K,00038000016912,4/2 LB,$50.63,CS,BULK
CEREAL SPECIAL K BWLPK,00038000016967,96/5/8 OZ,$49.38,CS,SINGLE SERVE
CEREAL SPECIAL K INDIV BOX,00038000219689,70/.81 OZ,$49.72,CS,SINGLE SERVE
CEREAL SPECIAL K W/RED BERRIES,00038000181665,4/44 OZ,$83.98,CS,BULK
CEREAL TOTAL RSN BRAN BULK PAK,10016000116631,4/56 OZ,$67.95,CS,BULK
Cereal Trix,10016000275321,12/10.7 oz,$59.83/$4.99,CS/BX,Cereal
CEREAL TRIX,10016000275321,12/10.7OZ,$72.97,CS,PACKAGES
CEREAL TRIX BULKPAK,10016000119632,4/32 OZ,$54.04,CS,BULK
CEREAL TRIX BWLPK 25% LESS SGR,10016000319223,96/1 OZ,$51.49,CS,SINGLE SERVE
Chai Latte K cup,10099555068051,4/24 ct,$74.51,CS,Single Cup (ex:Kcup)
Cheese Ball Cheddar,10854934004934,24/1 oz,$27.00,CS,Bagged Vend Size
CHEESE BLUE STUFFED OLIVES,70000000000009,2/30 CT,$35.59,CS,CHEESE MISC
CHEESE DIP NACHO CUP TOSTITOS,00028400479035,30/3.625Z,$38.98,CS,MISC.
CHEESE HOT AND EASY,543927,4-140OZ,$73.71,cs,
CHEESE PARM GRTD DRY PKT USA,10734730561513,200/3.5GRM,$14.80,CS,PARM/ROM/ASIAGO
CHEESE PARMESAN GRATED 100%,10840370900756,200/6 GRAM,$24.64,CS,MISC.
Cheese Parmesan Grated Packet,00806795042665,200/3.5 gm,$20.60,CS,General Grocery
Cheese Puffs Aged White Ched,10015665601049,24/1 oz,$24.45,CS,Bagged Vend Size
CHEESE QUESO BRAVO DIP BAG WHT,10034500482384,6/5LB,$93.52,CS,LOAF
Cheese Stick Colby Jack,10041716125738,4/24/.833 oz,$43.53/$10.88,CS/BX,Dairy(Cheese & Butr)
Cheese Sticks Colby   Mont Jck,00021000056637,2/14/2 oz,$37.40,CS,Lunchables/Snacks
Cheese Sticks Mild Cheddar,00021000056620,2/14/2 oz,$37.40,CS,Lunchables/Snacks
Cheese String Mozzar Organic,10742365005944,2/24/1 oz,$46.05/$23.03,CS/BX,Snacks
Cheese Stringles Mozzarella,20093966000058,4/24/1 oz,,CS,Miscellaneous
Cheeseburger Bites,10717854131091,6/16 oz,$19.56,CS,Miscellaneous
CHEESEBURGER MINI BLACK ANGUS K501,00745378501000,96 / 1.5 OZ,$188.66,CS,PREPARED FOODS
CHEESECAKE MIX,10043000826208,6/4LB,$88.76,CS,BAKE NEEDS-MISC
Cheesecake Whipped,10041458548918,12/5.4 oz,$37.65,CS,Miscellaneous
Cheesit Snpd SourCream   Onion,00024100120758,60/1.5 oz,$37.67,CS,Bagged Vend Size
Cheesit Snpd SourCream   Onion,00024100120758,60/1.5 oz,$38.48,CS,Bagged Vend Size
Cheetos Cheddar Minis,00028400758789,12/1.5 oz,$22.39,CS,Bagged Vend Size
Cheetos Cheese Crunchy Hot XVL,00028400361347,32/2.75 oz,$44.67/$1.40,CS/BX,Bulk Snacks
Cheetos Cheese Crunchy XVL,00028400361316,32/2.75 oz,$44.67/$1.40,CS/BX,Bulk Snacks
Cheetos Chili Cheese Fantastix,00028400360982,104/1 oz,$49.25,CS,Bagged Vend Size
Cheetos Crunchy,00028400324199,104/1 oz,$49.25,CS,Bagged Vend Size
Cheetos Crunchy Bulk,00028400158640,6/16 oz,$21.02,CS,Bulk Snacks
Cheetos Crunchy Hot,00028400326278,50/1 oz,$22.02,CS,Large Single Serve
Cheetos Crunchy Hot Limon XVL,00028400361354,32/2.75 oz,$44.67,CS,Bulk Snacks
Cheetos Crunchy JalpnoChdr LSS,00028400443678,64/2 oz,$47.69,CS,Large Single Serve
Cheetos Crunchy LSS,00028400443661,64/2 oz,$47.69,CS,Large Single Serve
Cheetos Fantastix Ranch Corn,00028400749930,104/.90 oz,$49.25,CS,Bagged Vend Size
Cheetos Flamin Hot,00028400125918,6/16 oz,$21.02,CS,Bagged Vend Size
Cheetos Flamin Hot Limon LSS,00028400443692,64/2 oz,$47.69,CS,Large Single Serve
Cheetos Flamin Hot LSS,00028400443685,64/2 oz,$47.69,CS,Large Single Serve
Cheetos Hot Bak Lmon Whle Gran,00028400528894,104/0.875 oz,$49.25,CS,Bagged Vend Size
Cheetos Hot Fantastix,00028400435789,104/1 oz,$49.25,CS,Bagged Vend Size
Cheetos Jalapeno Cheddar XVL,00028400753562,32/2.75 oz,$44.67,CS,Bulk Snacks
Cheetos Jumbo Puffs XVL,00028400361231,24/2.125 oz,$33.50/$1.40,CS/BX,Bulk Snacks
Cheetos Oven Baked Crunchy WG,00028400629331,104/.875 oz,$49.25,CS,Bagged Vend Size
Cheetos Oven Baked Hot Crunchy,00028400629843,104/.875 oz,$49.25,CS,Bagged Vend Size
Cheetos Puff Simply White Ched,00028400058193,64/1.25 oz,$47.69,CS,Large Single Serve
Cheetos Puffs Jumbo,00028400674379,88/.875 oz,$41.67,CS,Bagged Vend Size
Cheetos Puffs LSS,00028400453011,64/1.375 oz,$47.69,CS,Large Single Serve
Cheetos Puffs WG Reduced Fat,00028400219105,72/.7 oz,$34.10,CS,Bagged Vend Size
Cheez It Cheddar Ranch Grooves,00024100113941,6/6 oz,$17.77,CS,Crackers
Cheez It Cheddar Sour Cream,00024100114603,6/2.2 oz,$10.09,CS,Crackers
Cheez It Cheddar Sour Cream,00024100114603,6/2.2 oz,$9.88,CS,Crackers
Cheez it Crunch Kick n Nacho,00024100126477,6/2.3 oz,$9.88,CS,Crackers
Cheez It Double Cheese Snapd,00024100114221,6/2.2 oz,$10.09,CS,Crackers
Cheez It Double Cheese Snapd,00024100114221,6/2.2 oz,$9.88,CS,Crackers
Cheez It Douz Bacon   Cheddar,00024100110896,6/4.3 oz,$10.09,CS,Snacks
Cheez It Extra Cheesy,00024100117710,6/3 oz,$7.62,BX,Crackers
Cheez It Extra Toasty,00024100117918,6/7 oz,$15.71,CS,Snacks
Cheez It Mix Classic Snack,00024100109869,8/6 oz,$20.94,CS,Snack Mixes
Cheez It Toasty Extra,00024100116249,6/3 oz,$7.62,BX,Crackers
Cheez It White Cheddar Grooves,00024100113965,6/6 oz,$17.77,CS,Crackers
CheezIt 4 Flavor Assorted,00024100123810,36/36 ct,$60.55,CS,Miscellaneous
CheezIt Puffd Cheddar,00024100000227,6/3 oz,$10.09,CS,Crackers
CheezIt Puffd Cheddar,00024100000227,6/3 oz,$9.88,CS,Crackers
CheezIt Puffd White Cheddar,00024100000241,6/3 oz,$10.09,CS,Crackers
CheezIt Puffd White Cheddar,00024100000241,6/3 oz,$9.88,CS,Crackers
Cheezit Zesty Jalapeno   Ched,00024100126439,6/2.3 oz,$9.88,CS,Crackers
CHERRIES AMARENA,,2 / 6.6 LB,$149.83,CS,OLIVES FRUITS VEGETABLES
CHERRIES GRIOTTES IN BRANDY,00837775003703,1 / 1 LT,$43.95,CS,OLIVES FRUITS VEGETABLES
CHERRIES TART SUNDRIED USA,10820581320277,1 / 6 LB,$58.08,CS,OLIVES FRUITS VEGETABLES
CHERRY DRIED,00074865438230,1/5LB,$51.19,CS,CHERRY
Cherry Limeade Frozen Cup,10025000066112,12/12 oz,$24.77,CS,Miscellaneous
CHERRY MARA STEM JUMBO PLAS,10074865590096,4/1 GAL,$128.72/$32.18,CS/EA,MARASCHINO
CHESTNUT WATER SLICED,10041224427102,6/#10,$64.92,CS,MISC.
CHESTNUT WATER SLICED,60046274132049,6/104 OZ,$64.92,CS,MISC.
Chewy Banana Bites Chocolate,00857682003030,12/3.5 oz,$44.87,CS,Miscellaneous
Chewy Banana Bites Chocolate,00857682003030,12/3.5 oz,$43.92,CS,Miscellaneous
Chewy Banana Bites PeanutBttr,00857682003078,12/3.5 oz,$44.87,CS,Miscellaneous
Chewy Banana Bites PeanutBttr,00857682003078,12/3.5 oz,$43.92,CS,Miscellaneous
Chex Blueberry Cereal Single,10016000172620,60/2 oz,$76.29,CS,Cereal
Chex Mix Bold Party Blend,00016000139107,60/1.75 oz,$34.58,CS,Bagged Vend Size
Chex Mix Chocolate Turtle,00016000148482,7/4.5 oz,$18.82,CS,Large Single Serve
Chex Mix Mud Brown Supreme,00016000148536,7/4.5 oz,$18.82,CS,Snack Mixes
Chex Mix Muddy Buddies,00016000148529,7/4.5 oz,$20.67,CS,Snack Mixes
Chex Mix Muddy Buddies,00016000148529,7/4.5 oz,$18.82,CS,Snack Mixes
Chex Mix Muddy Cookies   Cream,00016000148543,7/4.25 oz,$18.82,CS,Large Single Serve
Chex Mix Simply Cheddar,10016000319322,60/.92 oz,$35.87,CS,Bagged Vend Size
Chex Mix Simply Choc Caramel,10016000319339,60/1.03 oz,$37.59,CS,Bagged Vend Size
Chex Mix Spicy Dill,10016000229089,8/4.5 oz,$16.87,CS,Large Single Serve
Chex Mix Taco Remix,10016000205526,8/4.25 oz,$20.38,CS,Large Single Serve
Chex Mix Traditional,00016000124004,60/1.75 oz,$30.81,CS,Bagged Vend Size
Chex Mix Traditional,00016000124004,60/1.75 oz,$32.99,CS,Bagged Vend Size
CHICKEN BOURBON & BOURSIN,10820581288867,100 / 1 OZ,$152.84,CS,PREPARED FOODS
Chicken Broth Bone,10051000269345,8/10.75 oz,$18.42,CS,Soup
CHICKEN CORDON BLEU MINI 713,00745378713014,100 / 1 OZ,$159.57,CS,PREPARED FOODS
CHICKEN GUAJILLO MOLE SKEWER K2112,00745378211206,100 / 0.9 OZ,$134.88,CS,PREPARED FOODS
CHICKEN LEMONGRASS POTSTICKERS K3643,00745378364308,150 / 0.7 OZ,$147.51,CS,PREPARED FOODS
Chicken Nuggets Fully Cooked,30023700032561,8/22 oz,$34.32,CS,Protein
Chicken Salad,10086600708208,12/3.5 oz,$28.71,CS,Miscellaneous
CHICKEN SATAY K240,00745378240008,100 / 0.8 OZ,$122.86,CS,PREPARED FOODS
CHICKEN SESAME SEED K810,00745378810003,100 / 0.8 OZ,$109.13,CS,PREPARED FOODS
CHICKEN SPRINGROLL CASHEW K863,00745378863009,200 / .9 OZ,$258.50,CS,PREPARED FOODS
CHICKEN TANDOORI K2415,00745378241500,100 / 0.8 OZ,$133.58,CS,PREPARED FOODS
Chicken Wings Buffalo,00046704000366,8/9 oz,$39.56,CS,Protein
Chickpea Tortilla Ranch Rockin,10850003875641,12/5 oz,$41.22,CS,Miscellaneous Snack
Chickpeas Honey Roasted,00857597003484,8/5 oz,$28.90,CS,Miscellaneous Snack
Chickpeas Ranch,00857597003583,8/5 oz,$28.90,CS,Miscellaneous Snack
Chickpeas Sea Salt,00857597003774,4/10/1.2 oz,$49.75/$12.44,CS/BX,Miscellaneous Snack
Chickpeas Sea Salt,00857597003774,10/1.2 oz,$13.92,BX,Miscellaneous Snack
Chickpeas Sea Salt,00857597003453,8/5 oz,$28.90,CS,Miscellaneous Snack
CHILI CRISP CALABRIAN IN OIL,20071072801943,6/3.5 OZ,$23.04,CS,CONDIMENTS-MISC
CHILI CRISP MILD 32OZ,00860007257940,4/32 OZ,$97.04,CS,CONDIMENTS-MISC
CHILI CRISP MILD 64OZ,10850044819048,2/64 OZ,$101.68,CS,CHILI
CHILI CRISP MILD 7OZ,30860002359305,6/7 OZ,$50.84,CS,CONDIMENTS-MISC
CHILI CRISP SPICY 64OZ,10850044819031,2/64 OZ,$101.63,CS,CHILI
CHILI POD AJI AMARILLO,00687080265309,1/1 LB,$40.81,CS,MISC.
Chili Sauce BIB,00079426530002,4/110 oz,$65.71,CS,MISC FOOD
CHILI SAUCE BIB,578001,4-110Z,$62.77,cs,
Chimichanga Beef   Cheese,10073202892411,24/5 oz,$34.39,CS,Miscellaneous
Chimichanga Chicken   Cheese,10071007182577,24/5 oz,$32.33,CS,Burritos
Chimichanga Chicken   Cheese,10073202892435,24/5 oz,$34.39,CS,Miscellaneous
Chimichanga Steak   Cheese,00071007182013,24/5 oz,$32.33,CS,Burritos
CHIP BAGEL EVERYTHING,00028400672856,12 / 7.33 OZ,$49.87,CS,PANTRY
Chip Blue Heat Tortilla Roll,10757528048447,20/2 oz,$15.40,CS,Large Single Serve
Chip Buffalo Ranch,10072080400756,42/1 oz,$15.92,CS,Bagged Vend Size
Chip Cajun Dill Gator Kettle,10083791191123,10/2.5 oz,$16.82,CS,Bagged Vend Size
CHIP CHEETOS MINIS FLAMIN HOT,00028400758772,12/1.5 OZ,$21.48,CS,OTHER
CHIP CORN CHILI CHS LSS,00028400443548,64/2 OZ,$45.90,CS,MISC.
CHIP CORN FRITOS WALKING TACO,00028400693943,60/1.5 OZ,$42.62,CS,CORN
CHIP CORN KETTLE XVL,00810607025289,24/1.75OZ,$34.54,CS,OTHER
CHIP CORN ORIG SS,00028400324052,104/1OZ,$47.40,CS,CORN
CHIP CORN ORIGINAL XVL,00028400358217,36/3.25OZ,$48.37,CS,CORN
CHIP CORN REG LSS,00028400443555,64/2 OZ,$45.90,CS,CORN
CHIP CORN REGULAR,00028400122481,8/16OZ,$22.95,CS,CORN
CHIP CORN SCOOP WLKTCO,00028400669788,18/3.5OZ,$29.45,CS,CORN
Chip Corn Variety Pack,00810607024862,28/1 oz,,CS,Variety Packs
Chip Corn Variety Pack,00810607026002,28/1 oz,$14.75,CS,Variety Packs
CHIP CORN WHITE CHEDDAR XVL,00810607023353,24/1.75OZ,$34.54,CS,OTHER
CHIP CORN YELLOW NACHO,543910,6-2lb Bags,$26.26/$4.33,Case/Bag,
Chip Flamin Hot Minis Canister,00028400700115,12/3.625 oz,$37.72,CS,Snacks
Chip Fried Dill Pickle,10041780190519,14/2.75 oz,$23.55,CS,Bagged Vend Size
Chip Fruit Dried Banana,10075700110004,12/.7 oz,$14.37,CS,Bagged Vend Size
Chip Fruit Pineapple W Chili,10075700010106,12/.50 oz,,CS,Bagged Vend Size
Chip Garden Salsa  canister,00028400700153,12/3.75 oz,$37.72,CS,Snacks
Chip Honey BBQ,10041780190434,14/2.75 oz,$23.55,CS,Bagged Vend Size
Chip Honey Curl,30072600061508,60/1.25 oz,$36.25,CS,Snacks
Chip Hot   Spicy Tortilla,00888849013548,8/1.1 oz,$17.62,CS,Miscellaneous
Chip Kettle Bbq Chipotle,10810091780494,24/1.5 oz,$27.83,CS,Snacks
Chip Kettle Mesquite BBQ,20816346020251,48/1.375 oz,$34.30,CS,Miscellaneous Snack
Chip Kettle Regular,30072600061478,60/1.12 oz,$36.25,CS,Snacks
Chip Kttle All Mixed Up,10850040471776,80/1 oz,$41.63,CS,Bagged Vend Size
Chip Mini Funyuns,00028400758963,12/1.13 oz,$19.56,CS,Snacks
CHIP MULTIGRAIN GRDN SALSA LSS,00028400444286,64/1.5OZ,$45.90,CS,OTHER
CHIP MULTIGRAIN HRVST CHDR,00028400111522,104/1 OZ,$47.40,CS,OTHER
CHIP MULTIGRAIN HRVST CHDR LSS,00028400444279,64/1.5 OZ,$45.90,CS,OTHER
CHIP MULTIGRAIN ORIG BIG GRAB,00028400444255,64/1.5OZ,$45.90,CS,OTHER
CHIP MULTIGRAIN ORIG SS,00028400111515,104/1 OZ,$47.40,CS,OTHER
Chip Nacho Cheese Mini Caniste,00028400700023,12/5.12 oz,$37.73,CS,Snacks
CHIP PITA LSS CINNAMON SUGAR,00028400496520,24/1.5OZ,$18.60,CS,OTHER
CHIP PITA LSS PRMSN GRLIC HERB,00028400496513,24/1.5 OZ,$18.60,CS,OTHER
CHIP PITA LSS SIMPLY NAKED,00028400496506,24/1.5OZ,$18.60,CS,OTHER
CHIP PITA MULTI GRAIN,00028400587563,12 / 7.33 OZ,$49.87,CS,PANTRY
CHIP PITA PARMESAN GARLIC,00028400586726,12 / 7.33 OZ,$49.87,CS,PANTRY
CHIP PITA PARMESAN GARLIC HERB,00028400496513,24 / 1.5 OZ,$24.13,CS,PANTRY
CHIP PITA SIMPLY NAKED,,24 / 1.5 OZ,$23.89,CS,PANTRY
CHIP PITA SIMPLY NAKED,00028400586719,12 / 7.33 OZ,$51.22,CS,PANTRY
CHIP PITA SIMPLY NAKED,00028400726887,6/16 OZ,$33.52,CS,OTHER
CHIP POTATO BAKED CRISPS XVL,00028400721356,27/1.875Z,$36.24,CS,POTATO
CHIP POTATO BARBECUE XVL,00028400361095,24/2.25OZ,$32.24,CS,POTATO
CHIP POTATO BBQ BKD BIG GRAB,00028400443951,64/1.125Z,$45.90,CS,POTATO
CHIP POTATO BBQ GF,10082666722004,24/.8 OZ,$18.33,CS,POTATO
CHIP POTATO BBQ LSS,00028400443586,64/1.5 OZ,$45.90,CS,POTATO
CHIP POTATO BBQ SMKHSE KETTLE,00028400444514,64/1.375Z,$45.90,CS,POTATO
CHIP POTATO BBQ SMOKEHOUSE XVL,00028400778916,24/1.875Z,$32.24,CS,POTATO
CHIP POTATO BBQ SS,00028400110440,104/1OZ,$47.40,CS,POTATO
CHIP POTATO BKD BIG GRAB,00028400443968,64/1.125Z,$45.90,CS,POTATO
CHIP POTATO CHD SRCRM RDGD BG,00028400443654,64/1.5OZ,$45.90,CS,POTATO
CHIP POTATO CHDR CHS,00038000845611,12/2.5OZ,$14.36,CS,POTATO
CHIP POTATO CRISP PRINGLES BBQ,00038000183645,12/2.5 OZ,$14.36,CS,POTATO
CHIP POTATO CRISPS CHDR SO/CRM,00028400568821,60/.80 OZ,$27.35,CS,POTATO
CHIP POTATO CUBE VARIETY,00028400775397,2/30 CT,$42.41,CS,POTATO
CHIP POTATO JALAPENO FLVR  XVL,00028400363310,24/1.88OZ,$32.24,CS,POTATO
CHIP POTATO JALAPENO KETTLE,00028400444415,64/1.375Z,$45.90,CS,POTATO
Chip Potato Kettle Jalapeno,30072600007629,60/1.12 oz,$36.25,CS,Large Single Serve
CHIP POTATO KTL JALCHDR 40%LF,00028400251112,64/1.375Z,$45.90,CS,POTATO
CHIP POTATO KTL ORIG HARD BITE,00028400477680,8/16 OZ,$42.08,CS,POTATO
CHIP POTATO LG GRAB & GO,00038000845635,12/2.38OZ,$14.36,CS,POTATO
CHIP POTATO LIMON,00028400572545,64/1.5 OZ,$45.90,CS,POTATO
CHIP POTATO LIMON PEGGABLE XVL,00028400361200,24/2.25OZ,$32.24,CS,POTATO
CHIP POTATO ORIG SEA SLT XVL,00028400363334,24/1.88OZ,$32.24,CS,POTATO
CHIP POTATO REG LG SS,00028400443593,64/1.5 OZ,$45.90,CS,POTATO
CHIP POTATO REG RDGD,00028400477369,8/16 OZ,$32.79,CS,POTATO
CHIP POTATO REG SEA SALT,00028400444439,64/1.375Z,$45.90,CS,POTATO
CHIP POTATO REG SNG SRV,00028400110457,104/1OZ,$47.40,CS,POTATO
CHIP POTATO REGULAR XVL,00028400361118,24/2.25OZ,$32.24,CS,POTATO
CHIP POTATO RIDGED CDDAR XVL,00028400535182,24/2.13OZ,$32.24,CS,POTATO
CHIP POTATO RIDGED ORIG SS,00028400110617,104/1 OZ,$47.40,CS,POTATO
CHIP POTATO RIDGED QUESO XVL,00028400361262,24/2.13OZ,$32.24,CS,POTATO
CHIP POTATO RIDGED REG BIG GRB,00028400443630,64/1.5 OZ,$45.90,CS,POTATO
Chip Potato Ridged Reg Tff,00028400477369,8/16 oz,$34.07,CS,Bulk Snacks
CHIP POTATO SALT & VNGR KETTLE,00028400444460,64/1.375Z,$45.90,CS,POTATO
CHIP POTATO SOUR CREAM & ONION,10082666777004,24/.8 OZ,$18.33,CS,POTATO
CHIP POTATO SOUR CRM & ON XVL,00028400707626,24/2.25OZ,$32.24,CS,POTATO
CHIP POTATO SPCY DILL PIKL XVL,00028400778862,24/1.875,$32.24,CS,POTATO
Chip Potato Spicy Dill,00028400725750,64/1.37 oz,$47.69,CS,Large Single Serve
CHIP POTATO SR CRM&ONION,00038000845604,12/2.5 OZ,$14.36,CS,POTATO
CHIP POTATO SRCRM & ONION LSDO,00028400443616,64/1.5 OZ,$45.90,CS,POTATO
CHIP POTATO SRCRM & ONION SS,00028400110549,104/1 OZ,$47.40,CS,POTATO
CHIP POTATO TERRA BLU,20728229789202,24/1 OZ,$42.75,CS,POTATO
Chip Salsa Verde Walking Taco,00028400755955,18/2.25 oz,$29.57,CS,Miscellaneous
Chip Sea Salt   Vinegar,10084114902556,64/1 oz,$33.26,CS,Bagged Vend Size
Chip Sour Cream   Onion,10071146009469,24/.75 oz,$19.48,CS,Bagged Vend Size
CHIP SWEET POTATO TERRA NO SALT ADDED,20728229345668,12 / 5 OZ,$55.17,CS,PANTRY
Chip Tortilla Blue Corn,10850049776100,24/1.5 oz,$28.15,CS,Bagged Vend Size
Chip Tortilla Chili Lime,70888849006655,8/1.1 oz,$17.62,CS,Miscellaneous
Chip Tortilla Churro Strip,10810091780647,24/1 oz,$27.00,CS,Miscellaneous
CHIP TORTILLA COOL RANCH LSS,00028400443746,64/1.75OZ,$45.90,CS,NACHO/TORTILLA
CHIP TORTILLA COOL RANCH MINIS,00028400758802,12/1.95OZ,$21.48,CS,NACHO/TORTILLA
CHIP TORTILLA COOL RANCH RFAT,00028400360968,72/1 OZ,$32.82,CS,NACHO/TORTILLA
CHIP TORTILLA COOL RCH PBL XVL,00028400362894,24/2.5 OZ,$32.24,CS,NACHO/TORTILLA
CHIP TORTILLA COOLER RANCH SS,00028400111379,104/1 OZ,$47.40,CS,NACHO/TORTILLA
CHIP TORTILLA CORN WHT RND,00074865875660,6/2LB,$31.19,CS,NACHO/TORTILLA
CHIP TORTILLA CRISPY ROUNDS,00028400477536,8/16 OZ,$25.15,CS,NACHO/TORTILLA
CHIP TORTILLA DINAMITA CHL XVL,00028400491518,32/3.5 OZ,$42.99,CS,NACHO/TORTILLA
CHIP TORTILLA FLAMIN HTNCHO,00028400362931,24/2.5 OZ,$32.24,CS,NACHO/TORTILLA
CHIP TORTILLA GLD SRIRACHA XVL,00028400766210,24/2.5 OZ,$32.24,CS,NACHO/TORTILLA
Chip Tortilla Loaded Taco,50888849009959,8/1.1 oz,$17.62,CS,Miscellaneous
Chip Tortilla Multi grain,10850049776131,24/1.5 oz,$28.75,CS,Bagged Vend Size
Chip Tortilla Multi grain,10850049776131,24/1.5 oz,$28.15,CS,Bagged Vend Size
Chip Tortilla Nacho,20851769007113,24/1 oz,$27.00,CS,Bagged Vend Size
Chip Tortilla Nacho,70888849006631,8/1.1 oz,$17.62,CS,Miscellaneous
Chip Tortilla Nacho Cheese,10757528045279,14/9.9 oz,$50.91,CS,Snacks
CHIP TORTILLA NACHO CHEESE XVL,00028400362948,24/2.5 OZ,$32.24,CS,NACHO/TORTILLA
CHIP TORTILLA NACHO CHS LSS,00028400443753,64/1.75OZ,$45.90,CS,NACHO/TORTILLA
CHIP TORTILLA NACHO CHS MINIS,00028400758796,12/1.95OZ,$21.48,CS,NACHO/TORTILLA
CHIP TORTILLA NACHO CHS SS,00028400111423,104/1OZ,$47.40,CS,NACHO/TORTILLA
Chip Tortilla Ranch,70888849006648,8/1.1 oz,$17.62,CS,Miscellaneous
CHIP TORTILLA RND,00028400208710,28/3 OZ,$20.08,CS,CORN
CHIP TORTILLA RND WLKTCO,00028400669818,18/2.5 OZ,$29.45,CS,NACHO/TORTILLA
CHIP TORTILLA RNDS  VERDE XVL,00028400363136,28/2.63OZ,$37.62,CS,NACHO/TORTILLA
Chip Tortilla Roll Fajita,10757528049116,20/3.2 oz,$33.17,CS,Large Single Serve
Chip Tortilla Roll Fuego,10757528048072,20/3.25 oz,$33.88,CS,Large Single Serve
Chip Tortilla Roll Fuego,10757528048072,20/3.25 oz,$33.17,CS,Large Single Serve
CHIP TORTILLA SPC SWT CHL XVL,00028400719254,24/2.5 OZ,$32.24,CS,NACHO/TORTILLA
CHIP TORTILLA SPY SWT CHL RFAT,00028400490931,72/1 OZ,$32.82,CS,NACHO/TORTILLA
Chip Tortilla Sweet Potato,10850049776124,24/1.5 oz,$28.15,CS,Bagged Vend Size
CHIP TORTILLA TRIANG CORN WHT,00028400136419,4/16 OZ,$12.57,CS,NACHO/TORTILLA
CHIP TORTILLA YEL RND THCK,00028400560481,3/32 OZ,$15.60,CS,NACHO/TORTILLA
Chip Tortilla Zombie Takis,10757528049628,20/3.25 oz,$33.17,CS,Large Single Serve
CHIP VARIETY FRITO LAY,00028400318310,1/60CT,$43.84,CS,OTHER
Chip Voodoo Kettle,10083791191000,10/2.5 oz,$16.82,CS,Bagged Vend Size
CHIP WHOLE GRAIN GRDN SLSA XVL,00028400707664,24/2.37OZ,$33.41,CS,CORN
CHIP WHOLE GRAIN HRVST  XVL,00028400363259,24/2.38OZ,$32.24,CS,OTHER
CHIPOTLE STEAK CHURRASCO K1053,00745378105307,100 / 1.3 OZ,$174.35,CS,PREPARED FOODS
Chips Ahoy Reeses PeanutButter,10044000067516,12/14.25 oz,$67.23,CS,Cookies
Chips Apple Cinnamon,20013971000843,6/1.4 oz,$14.16,CS,Miscellaneous Snack
Chips Apple Cinnamon,20013971000843,6/1.4 oz,$14.50,CS,Miscellaneous Snack
Chips Apple Cinnamon,00013971003710,20/1.4 oz,$45.63,CS,Miscellaneous Snack
Chips Apple Fuji   Red,30013971000833,6/1.4 oz,$14.16,CS,Miscellaneous Snack
Chips Avocado Oil Aged Ched,00028400796842,24/1.62 oz,$33.50,CS,Snacks
Chips Avocado Oil Hickory BBQ,10708163261418,16/2 oz,$27.86,CS,Bagged Vend Size
Chips Baby Back Rib,30072600061386,60/1.5 oz,$36.25,CS,Bagged Vend Size
Chips Baked Variety Pack,00028400731720,2/30 ct,$44.06,CS,Large Single Serve
Chips Baked Variety Pack LSS,00028400773256,2/30 ct,$44.06,CS,Bagged Vend Size
Chips Banana Crunchy,00013971005042,12/2.7 oz,$45.85,CS,Bagged Vend Size
Chips BBQ,60888849000274,8/1.1 oz,$17.62,CS,Miscellaneous
Chips BBQ Sweet   Tangy XVL,00028400772914,24/2.5 oz,$33.50,CS,Large Single Serve
Chips Buffalo Chicken,10856802008419,8/1.34 oz,$16.11,CS,Bagged Vend Size
Chips Caddy Jalapeno,10084114116366,6/2 oz,$7.18,CS,Bulk Snacks
Chips Caddy Sea Salt,10084114114508,6/2 oz,$7.18,CS,Bulk Snacks
Chips Caddy Sea Salt   Vinegar,10084114114522,6/2 oz,$7.18,CS,Bulk Snacks
Chips Cheddar Horseradish Aged,20850668000508,24/2 oz,,CS,Miscellaneous Snack
Chips Chicken Waffles,10856802008105,8/1.34 oz,$16.11,CS,Bagged Vend Size
Chips Chile Limon Rolls Takis,10757528051522,20/3.25 oz,$33.17,CS,Bagged Vend Size
Chips Classic Variety Pack,00028400702270,2/30 ct,$44.06,CS,Large Single Serve
Chips Coconut Honey,00013971003741,20/1.4 oz,$45.63,CS,Miscellaneous Snack
Chips Coconut Toasted,00013971003734,20/1.4 oz,$45.63,CS,Miscellaneous Snack
Chips Cookies Variety 20ct,00028400743662,5/18.5 oz,$65.63,CS,Variety Packs
Chips Cracked Pepper   Salt,20850668000416,24/2 oz,$23.99,CS,Miscellaneous Snack
Chips Fritos Corn  Regular,00028400324052,104/1 oz,$49.25,CS,Bagged Vend Size
Chips Fritos Corn Chl Chs LSS,00028400443548,64/2 oz,$47.69,CS,Large Single Serve
Chips Fritos Corn LSS,00028400443555,64/2 oz,$47.69,CS,Large Single Serve
Chips Fritos Corn Orig XVL,00028400358217,36/3.25 oz,$50.26/$1.40,CS/BX,Bulk Snacks
Chips Fritos Corn Regular,00028400326193,50/1 oz,$22.02,CS,Bagged Vend Size
Chips Fritos CornTwst Hny LSS,00028400443531,64/2 oz,$47.69,CS,Large Single Serve
Chips Fuego,20757528002767,42/2 oz,$32.34,CS,Large Single Serve
Chips Fuego,20757528002767,42/2 oz,$33.04,CS,Large Single Serve
Chips Fuji Red Apple,10013971021001,12/3.4 oz,$45.79,CS,Miscellaneous Snack
Chips Garlic   Herb Roasted,00028400796651,64/1.125 oz,$47.69,CS,Bagged Vend Size
Chips Garlic Plantain,00843369101977,6/4 oz,$20.54,CS,Miscellaneous
Chips Golden Sriracha XVL,00028400766210,24/2.5 oz,$33.50,CS,Bulk Snacks
Chips Honey BBQ,30072600061355,60/1.5 oz,$36.25,CS,Bagged Vend Size
Chips Jalapeno,10855036005577,12/8 oz,$45.01,CS,Large Single Serve
Chips Jalapeno Air Fried,10084114902235,64/1 oz,$34.97,CS,Bagged Vend Size
Chips Jalapeno Heat Kettle,10083791520022,25/2 oz,$24.58,CS,Large Single Serve
Chips Kettle Avocado LimeRanch,10755355308123,30/1 oz,$18.13,CS,Bagged Vend Size
Chips Kettle Backyard BBQ,10084114122817,24/1.5 oz,$21.89,CS,Large Single Serve
Chips Kettle Barbeque,00855036005143,24/2 oz,$27.83,CS,Bagged Vend Size
Chips Kettle Jalapeno,10084114122794,24/1.5 oz,$21.89,CS,Large Single Serve
Chips Kettle Jalapeno,10708163125062,8/2 oz,$8.81,CS,Miscellaneous
Chips Kettle Jalapeno,10708163125062,8/2 oz,$7.82,CS,Miscellaneous
Chips Kettle Malt Vin SeaSalt,10708163108171,8/2 oz,$8.81,CS,Miscellaneous
Chips Kettle Malt Vin SeaSalt,10708163108171,8/2 oz,$8.34,CS,Miscellaneous
Chips Kettle Mesquite BBQ,10083791520046,25/2 oz,$24.58,CS,Large Single Serve
Chips Kettle Mesquite BBQ,20850668000454,24/2 oz,$23.99,CS,Miscellaneous Snack
Chips Kettle Mesquite BBQ,20816346020251,48/1.375 oz,$34.30,CS,Miscellaneous Snack
Chips Kettle Original,20850668000409,24/2 oz,$23.99,CS,Miscellaneous Snack
Chips Kettle Original,20850668000201,48/1.375 oz,$34.30,CS,Miscellaneous Snack
Chips Kettle Original Sea Salt,00855036005129,24/2 oz,$27.83,CS,Bagged Vend Size
Chips Kettle Potato Jalapeno,10708163125079,55/1.5 oz,$33.23,CS,Large Single Serve
Chips Kettle Rosemary Olive,20850668000461,24/2 oz,$23.99,CS,Miscellaneous Snack
Chips Kettle Salt   Vinegar,00085836070083,25/2 oz,$24.58,CS,Large Single Serve
Chips Kettle Salt   Vinegar,20850668000423,24/2 oz,$23.99,CS,Miscellaneous Snack
Chips Kettle Salt   Vinegar,20816346020268,48/1.375 oz,$34.30,CS,Miscellaneous Snack
Chips Kettle Sea Salt,10083791520015,25/2 oz,$24.58,CS,Large Single Serve
Chips Kettle Sea Salt,10708163108164,8/2 oz,$8.81,CS,Miscellaneous
Chips Kettle Sea Salt,10708163108164,8/2 oz,$8.34,CS,Miscellaneous
Chips Kettle Sea Salt,10084114122763,24/1.5 oz,$21.89,CS,Large Single Serve
Chips Kettle Sea Salt Crkd Ppr,10708163116633,8/2 oz,$8.81,CS,Miscellaneous
Chips Kettle Sea Salt Crkd Ppr,10708163116633,8/2 oz,$8.34,CS,Miscellaneous
Chips Kettle Sea Salt Vinegar,10084114122824,24/1.5 oz,$21.89,CS,Large Single Serve
Chips Kettle SeaSalt   Vinegar,10084114033304,24/2 oz,$30.14,CS,Large Single Serve
Chips Kettle Smply Sea Salt,10850040471752,80/1 oz,$40.75,CS,Bagged Vend Size
Chips Kettle Sour Cream Onion,20850668000492,24/2 oz,,CS,Miscellaneous Snack
Chips Kettle Sweet Maui Onion,20850668000447,24/2 oz,$23.99,CS,Miscellaneous Snack
Chips Kettle Sweet Maui Onion,20816346020275,48/1.375 oz,$34.30,CS,Miscellaneous Snack
Chips Kettle Zesty Jalapeno,20850668000430,24/2 oz,$23.99,CS,Miscellaneous Snack
Chips Kttl Ckd Cajun Spc LSS,00028400758093,64/1.375 oz,$47.69,CS,Large Single Serve
Chips Kttl Ckd Cajun Spc XVL,00028400764247,28/2.125 oz,$39.09,CS,Bagged Vend Size
Chips Lays Baked BBQ XVL,00028400707763,24/1.87 oz,$31.30,CS,Bulk Snacks
Chips Lays Baked KC BBQ,00028400320788,60/.875 oz,$28.42,CS,Bagged Vend Size
Chips Lays Baked Regular,00028400336253,60/.875 oz,$28.42,CS,Bagged Vend Size
Chips Lays BBQ,00028400110440,104/1 oz,$49.25,CS,Bagged Vend Size
Chips Lays Bbq,00028400797665,50/1 oz,$22.02,CS,Snacks
Chips Lays BBQ LSS,00028400443586,64/1.5 oz,$47.69,CS,Large Single Serve
Chips Lays Cheddar JalapenoLSS,00028400364140,64/1.5 oz,$47.69,CS,Large Single Serve
Chips Lays Dill Pickle,00028400179737,64/1.5 oz,$47.69,CS,Large Single Serve
Chips Lays Kettle BBQ 40  LsFt,00028400095983,64/1.375 oz,$47.69,CS,Large Single Serve
Chips Lays Kettle Orig 40 LsFt,00028400251150,64/1.375 oz,,CS,Large Single Serve
Chips Lays Kettle Original,00028400181570,104/1 oz,$49.25,CS,Bagged Vend Size
Chips Lays Ktl JalChdr 40 LsFt,00028400251112,64/1.375 oz,$47.69,CS,Large Single Serve
Chips Lays Ktl Slt Vn 40 LsFt,00028400251136,64/1.375 oz,$47.69,CS,Large Single Serve
Chips Lays Limon,00028400572545,64/1.5 oz,$47.69,CS,Large Single Serve
Chips Lays Potato,00028400110457,104/1 oz,$49.25,CS,Bagged Vend Size
Chips Lays Potato BBQ XVL,00028400361095,24/2.25 oz,$33.50/$1.40,CS/BX,Bulk Snacks
Chips Lays Potato Reg XVL,00028400361118,24/2.25 oz,$33.50/$1.40,CS/BX,Bulk Snacks
Chips Lays Regular LSS,00028400443593,64/1.5 oz,$47.69,CS,Large Single Serve
Chips Lays Sour Cream OnionXVL,00028400707626,24/2.25 oz,$33.50,CS,Bulk Snacks
Chips Lays Sour Crm   On LSS,00028400443616,64/1.5 oz,$47.69,CS,Large Single Serve
Chips Loaded Taco Xvl,00028400778121,24/2.5 oz,$33.50,CS,Bulk Snacks
Chips Maui Onion,10011594277645,36/2 oz,$35.39,CS,Bagged Vend Size
Chips Mix Classic Variety,00028400499255,2/30 ct,$44.06/$22.03,CS/BX,Large Single Serve
Chips Nacho Potato,10082666000003,24/.8 oz,$19.46,CS,Bagged Vend Size
Chips Nacho Potato,10082666000003,24/.8 oz,$19.05,CS,Bagged Vend Size
Chips Nacho Xplosion Takis,10757528051652,20/3.25 oz,$33.17,CS,Bagged Vend Size
Chips Pineapple Fruit Bites,10075700010007,12/0.50 oz,,CS,Bagged Vend Size
Chips Pita Cinnamon Sugar LSS,00028400496520,24/1.5 oz,$19.37,CS,Large Single Serve
Chips Pita Garlic Parmesan,00028400492843,6/3 oz,$8.06,CS,Large Single Serve
Chips Pita Naked,00028400493482,6/3 oz,$8.06,CS,Large Single Serve
Chips Pita Naked LSS,00028400496506,24/1.5 oz,$19.37,CS,Large Single Serve
Chips Pita Naked LSS,00028400496506,24/1.5 oz,$19.85,CS,Large Single Serve
Chips Pita Parm Garlic Hrb LSS,00028400496513,24/1.5 oz,$19.85,CS,Large Single Serve
Chips Pita Parm Garlic Hrb LSS,00028400496513,24/1.5 oz,$19.37,CS,Large Single Serve
Chips Plantain Himalayan Pink,00843369101847,6/2 oz,$11.16,CS,Miscellaneous
Chips Plantain Lime,00843369101830,6/2 oz,$11.16,CS,Miscellaneous
Chips Potato All Dressed Up,00028400768979,64/1.5 oz,$47.69,CS,Large Single Serve
Chips Potato BBQ,10082666722004,24/.8 oz,$19.44,CS,Bagged Vend Size
Chips Potato BBQ,10082666722004,24/.8 oz,$19.03,CS,Bagged Vend Size
Chips Potato BBQ LSS,00028400444514,64/1.375 oz,$47.69,CS,Large Single Serve
Chips Potato Cajun Crawtator,10083791010035,60/1.5 oz,$37.67,CS,Bagged Vend Size
Chips Potato Hickory BBQ,10708163113175,55/1.5 oz,,CS,Large Single Serve
Chips Potato Jalapeno,20083791010025,60/1.5 oz,$37.67,CS,Bagged Vend Size
Chips Potato Jalapeno LSS,00028400444415,64/1.375 oz,$47.69,CS,Large Single Serve
Chips Potato Jalapno Cheddar,10708163113168,55/1.5 oz,$33.23,CS,Large Single Serve
Chips Potato MltVngr SeaSalt,10708163113151,55/1.5 oz,$33.23,CS,Large Single Serve
Chips Potato Natural Blue,20728229789202,24/1 oz,$29.04,CS,Large Single Serve
Chips Potato Natural Blue,20728229789202,24/1 oz,$28.43,CS,Large Single Serve
Chips Potato Salt Crkd Peppr,10708163113182,55/1.5 oz,$33.23,CS,Large Single Serve
Chips Potato Salt Vinegar LSS,00028400444460,64/1.375 oz,$47.69,CS,Large Single Serve
Chips Potato Sea Salt Kettle,10810091780470,24/1.5 oz,$27.83,CS,Miscellaneous
Chips Potato SeaSalt LSS,00028400444439,64/1.375 oz,$47.69,CS,Large Single Serve
Chips Potato Voodoo,10083791061549,60/1.5 oz,$37.67,CS,Bagged Vend Size
Chips Potato Voodoo,10083791001057,60/1 oz,$24.17,CS,Bagged Vend Size
Chips reamy Ranch Habanero,30072600061393,60/1.5 oz,$36.25,CS,Bagged Vend Size
Chips Ruffles Ched SrCream LSS,00028400443654,64/1.5 oz,$46.44,CS,Large Single Serve
Chips Ruffles Regular LSS,00028400443630,64/1.5 oz,$46.44,CS,Large Single Serve
Chips Rye Roasted Garlic,00016000148710,7/4.75 oz,$18.49,CS,Bulk Snacks
Chips Sabritone Lime Chili XVL,00028400363211,15/2 oz,$20.94/$1.40,CS/BX,Bulk Snacks
Chips Salt   Vinegar,10041780211030,60/1.5 oz,$37.67,CS,Bagged Vend Size
Chips Salt   Vinegar,10855036005676,12/8 oz,$45.01,CS,Large Single Serve
Chips Sea Salt,10082666500800,12/5 oz,$32.41,CS,Bagged Vend Size
Chips Sea Salt   Vinegar,00082666755036,24/.8 oz,$19.03,CS,Bagged Vend Size
Chips Sea Salt   Vinegar,20866418000360,8/1.34 oz,$16.11,CS,Bagged Vend Size
Chips Sea Salt Avocado Oil,00850052699468,8/2.5 oz,$16.11,CS,Bagged Vend Size
Chips Sea Salt Original,10855036005669,12/8 oz,$45.01,CS,Large Single Serve
Chips Sea Salt Potato,00082666711032,24/.8 oz,$19.03,CS,Bagged Vend Size
Chips Shrimp Original,10071146000114,36/1 oz,$31.98,CS,Bagged Vend Size
Chips Simply Banana,00013971003727,20/1.3 oz,$75.66,CS,Miscellaneous Snack
Chips Sour Cream   Onion,10019320111911,60/1.75 oz,$38.34,CS,Large Single Serve
Chips Sour Cream   Onion,10082666777004,24/.8 oz,$19.03,CS,Bagged Vend Size
Chips Sour Cream   Onion,10855036005652,12/8 oz,$45.01,CS,Large Single Serve
Chips Spicy Dill Pickle NY,20850668000515,24/2 oz,$23.99,CS,Miscellaneous Snack
Chips Spicy Dill Pickle XVL,00028400778862,24/1.875 oz,$33.50,CS,Bulk Snacks
Chips Sweet   Spicy Honey XVL,00028400749466,24/2.25 oz,,CS,Bulk Snacks
Chips Sweet Heat Potato,10082666000072,24/.8 oz,$19.46,CS,Bagged Vend Size
Chips Sweet Heat Potato,10082666000072,24/.8 oz,$19.05,CS,Bagged Vend Size
Chips Sweet Potato Natural,00728229345619,24/1.20 oz,$28.43,CS,Large Single Serve
Chips Terra Exotic Original,20728229134569,24/1.5 oz,$39.80,CS,Miscellaneous Snack
Chips Terra Exotic Vegetable,00728229123750,12/6.8 oz,$54.87,CS,Miscellaneous Snack
Chips Terra Sea Salt,40728229134563,8/1.5 oz,$13.27,CS,Miscellaneous Snack
Chips Tortilla Habanero Lime,10757528049109,20/3.25 oz,$33.17,CS,Large Single Serve
Chips Tortilla Lime,10851769007673,24/1 oz,$27.00,CS,Bagged Vend Size
Chips Tortilla Nacho Groovy,10850003875696,24/1 oz,,CS,Large Single Serve
Chips Tortilla Ranch,10850003875672,24/1 oz,,CS,Bagged Vend Size
Chips Tortilla Ranch,30888849006640,8/1.1 oz,$17.62,CS,Miscellaneous
Chips Tortilla Roll Blue Heat,20757528048116,6/3.25 oz,$10.17,CS,Large Single Serve
Chips Tortilla Roll Blue Heat,10757528048119,20/3.25 oz,$33.17,CS,Large Single Serve
Chips Tortilla Roll Blue Heat,20757528048116,6/3.25 oz,$9.95,CS,Large Single Serve
Chips Tortilla Roll Guacamole,10757528049123,20/3.25 oz,$33.17,CS,Large Single Serve
Chips Tortilla Salsitas Round,00078907450365,60/1.5 oz,$39.89,CS,Large Single Serve
Chips Tortilla Sea Salt,10851769007093,24/1 oz,$27.59,CS,Bagged Vend Size
Chips Tortilla Sea Salt,10851769007093,24/1 oz,$27.00,CS,Bagged Vend Size
Chips Tortilla Thick Cut Rnd,00028400560481,3/32 oz,$16.21,CS,Bulk Snacks
Chips Var Pack Miss Vickie s,00028400775397,2/30 ct,$44.06,CS,Large Single Serve
Chips Variety Pack,10708163122832,24/1.5 oz,$15.44,CS,Bagged Vend Size
Chips Veggie,10755355005268,24/1 oz,$12.80,CS,Bagged Vend Size
Chips Veggie LtSalted Sea Salt,10829515300590,24/1 oz,$25.02,CS,Bagged Vend Size
Chips Veggie Straws Lt Salted,10829515300576,24/1 oz,$25.02,CS,Bagged Vend Size
Chips Veggie Straws Ranch,10829515300071,24/1 oz,$25.56,CS,Bagged Vend Size
Chips Veggie Straws Ranch,10829515300071,24/1 oz,$25.02,CS,Bagged Vend Size
Chips Xvl Salt   Vinegar,00028400784627,24/2.25 oz,$33.50,CS,Snacks
Chix Wings Honey Bbq,00046704000373,8/9,$39.56,CS,Protein
Choc Almond Brownie Soft Sq,00602652432415,8/6/1.4 oz,$68.88,CS,Miscellaneous Snack
Choc Bar Caramel Caffentd,10891325005408,105/1.55 oz,$142.06,CS,Singles-Chocolate
Choc Caramel Bar Bulk Milk,10747599731508,210/1.06 oz,$263.48,CS,Bulk Candy
Choc Dark Sea Salt Caramel,10035900312356,4/8/1.5 oz,$36.75/$9.19,CS/BX,Singles-Chocolate
Choc PB Protein Max Bar,00602652434709,6/12/2.2 oz,$150.09/$25.02,CS/BX,Miscellaneous Snack
Choc Whi Macadamia Energy Bar,10850025501467,12/12/2.2,$281.42,CS,Granola Bars
Chocolate 60  Coconut Milk,00662425086511,100/8 g,$59.98,BX,Count Goods
Chocolate 71  Pink Sea Salt,00662425071791,100/8 gr,$59.98,BX,Count Goods
Chocolate Bites Dark,10891325004586,6/50/.48 oz,$175.05/$29.18,CS/BX,Bag Candy
Chocolate Bites Dark,10891325004586,50/.48 oz,$31.05,BX,Bag Candy
Chocolate Bites Milk,10891325004029,6/50/.53 oz,$175.05/$29.18,CS/BX,Bag Candy
Chocolate Bites Milk,10891325004029,50/.53 oz,$31.05,BX,Bag Candy
Chocolate Caramel Sea Salt DK,10747599418669,10/4.8 oz,$44.23,CS,Singles-Chocolate
Chocolate Chip Bites,00829262002146,3/25/1.3 oz,,CS,Snacks
CHOCOLATE CHIP MILK CHOC,00034000614257,1/25LB,$120.47,CS,CHOCOLATE
CHOCOLATE CHIP MINI SEMISWT 4M,00034000612253,1/25LB,$112.02,CS,CHOCOLATE
CHOCOLATE CHIP SEMI SWT 1000CT,00034000611256,1/25LB,$101.45,CS,CHOCOLATE
CHOCOLATE CHIP WHITE MILK,00034000426638,1/25LB,$108.14,CS,CHOCOLATE
CHOCOLATE CHIP WHT 1M,00074865870795,1/10LB,$32.08,CS,CHIPS
Chocolate Dark Almond Butter,10855571005827,6/40/.5 oz,$150.66/$25.11,CS/BX,Singles-Chocolate
Chocolate Dark Almond Keto,10891325004944,50/.42 oz,$31.05,BX,Miscellaneous
Chocolate Dark Almond Keto,10891325004944,6/50/.42 oz,$175.05/$29.18,CS/BX,Miscellaneous
Chocolate Dark Caramel Salted,00850034219202,10/3.17 oz,$45.82,CS,Bag Candy
Chocolate Dark Coconut Almond,10850034219780,10/3.17 oz,$45.82,CS,Bag Candy
Chocolate Dark Hazelnut Tablet,10009800125279,2/8/3.1 oz,$52.03/$26.02,CS/BX,Singles-Chocolate
Chocolate Dark PButter Cups,00855188003912,6/4.7 oz,$26.87,CS,Miscellaneous Candy
Chocolate Dark PButter Cups,00855188003950,6/12/1.4 oz,$116.95/$19.49,CS/BX,Miscellaneous Candy
Chocolate Dark Peanut Butter,10855571005759,6/40/.5 oz,$150.66/$25.11,CS/BX,Singles-Chocolate
Chocolate Dark Peanut Butter,10855571005759,40/.5 oz,$25.65,BX,Singles-Chocolate
Chocolate Dark Peanut Butter,10851562008655,10/3.2 oz,$47.74,CS,Nuts
Chocolate Dark Peanut Butter,10840379102571,6/4.5 oz,,CS,Bag Candy
Chocolate Dark Peanut Cups,10855571005155,6/4.2 oz,$25.77,CS,Count Goods
Chocolate Dark Peanut Cups,10855571005155,6/4.2 oz,$25.23,CS,Count Goods
Chocolate Dark Peanut Gems,10857484006298,6/5 oz,$25.77,CS,Count Goods
Chocolate Dark Peanut Gems,10857484006298,6/5 oz,$25.23,CS,Count Goods
Chocolate Dark Peanut Pieces,00840379102529,6/4.5 oz,$26.87,CS,Bag Candy
Chocolate Dark Sea Salt SqurBg,10747599618663,6/5.32 oz,$35.41,CS,Bag Candy
Chocolate Dk Acai Blueberry Pc,10068437389713,12/7 oz,$58.37,CS,Bag Candy
Chocolate Dk Acai Blueberry Pc,10068437389713,12/7 oz,$54.85,CS,Bag Candy
Chocolate Dk Pomegranate Pch,10068437389089,12/7 oz,$58.37,CS,Bag Candy
Chocolate Dk Pomegranate Pch,10068437389089,12/7 oz,$54.85,CS,Bag Candy
Chocolate Milk Caramel Square,10747599418652,10/4.8 oz,$44.23,CS,Singles-Chocolate
Chocolate Milk Crispy Bites,10990484201352,6/50/.48 oz,$175.05,CS,Singles-Chocolate
Chocolate Milk Currants,10866206000223,12/2 oz,$24.83,CS,Snacks
Chocolate Milk Hazelnut Tablet,10009800125262,2/8/3.1 oz,$52.03/$26.02,CS/BX,Singles-Chocolate
Chocolate Milk PButter Cups,00855188003967,6/12/1.4 oz,$116.05/$19.34,CS/BX,Miscellaneous Candy
Chocolate Milk PButter Cups,00855188003929,6/4.7 oz,$27.11,CS,Miscellaneous Candy
Chocolate Peanut Butter Cup,00788434104814,6/12/2.12 oz,$150.09/$25.02,CS/BX,Snacks
Chocolate Peanut Butter Cups,10851562008648,10/3.2 oz,$47.74,CS,Nuts
Chocolate Peanut Cup Paradise,10850034219155,10/3.17 oz,$47.74,CS,Nuts
Chocolate Raspberry Dark,10747599418676,10/4.8 oz,$44.23,CS,Singles-Chocolate
Chocolate Tiny Var,10070221013643,8/4.23 oz,$37.29,CS,Singles-Chocolate
Chocolate White Hazelnut,10009800125286,2/8/3.1 oz,$52.03/$26.02,CS/BX,Singles-Chocolate
Chocolate White Peanut Butter,00855188003943,6/12/1.4 oz,$116.96/$19.49,CS/BX,Miscellaneous Candy
Chuckles Assorted Bar,00041601170853,12/24/2 oz,$328.22/$27.35,CS/BX,Singles-Non-Chocolat
Chunky Singles,00099900795390,10/24/1.4 oz,$283.80/$28.38,CS/BX,Singles-Chocolate
CHUTNEY MAJOR GREY,10074865083529,12/16 OZ,$62.62,CS,MISC
CHUTNEY TAMARIND,10886193620013,4/2 LBS,$40.47,CS,MISC.
Cinnamon Roll Glazed KioskReq,10850049917312,20/3.50 oz,$64.95,CS,Pastry
Ckie Fudg Rd Dbbl Vnd McroMrkt,00024300892912,9/6/3.9 oz,$52.44,CS,Snack Pastry
Classic Fruit and Nut,10848996000225,12/9/1.5 oz,$162.45/$13.54,CS/BX,Nuts
Cliff bBar,943951,,$1.79,1,
Clusters Almond Butter Choco,00602652289378,8/4 oz,$26.72,CS,Granola Bars
Clusters Cashews Chocolate DK,00602652289286,8/4 oz,$26.72,CS,Granola Bars
Clusters Choc Nut   Berries,00602652289316,8/4 oz,$27.30,CS,Snack Mixes
Clusters Choc Nut   Berries,00602652289316,8/4 oz,$26.72,CS,Snack Mixes
Clusters Oat Honey W Coconut,00602652172861,6/11 oz,$29.78,CS,Snack Mixes
CMC SC BRKFST BLD 6/20CT,20818390010103,1/20 CT,$10.38,EA,COOPER MOON COFFEE
CMC SC COL BLD 6/20CT,20818390012473,1/20 CT,$10.38,EA,COOPER MOON COFFEE
CMC SC COL BLD DCF 6/20CT,20818390012497,1/20 CT,$10.38,EA,COOPER MOON COFFEE
CMC SC CRML VAN 6/20CT,20818390010783,1/20 CT,$10.38,EA,COOPER MOON COFFEE
CMC SC DARK SKY 6/20CT,20818390016457,1/20 CT,$10.38,EA,COOPER MOON COFFEE
CMC SC DONUT CAFÃ‰ 6/20CT,20818390012510,1/20 CT,$10.38,EA,COOPER MOON COFFEE
CMC SC HI HZLNUT FLVD 6/20CT,20818390012435,1/20 CT,$10.50,EA,COOPER MOON COFFEE
COASTER COFFEE ORNG 2500CT/4CS,10840825020008,1/2500 CT,$58.59,EA,TABLE SERVICE
COCOA BKNG PWDR NAT,10034000635051,6/5LB,$261.63/$43.61,CS/EA,CHOCOLATE
Cocoa Hot Choc Whipper Mix,10028000428508,12/2 lb,$75.57/$6.30,CS/BX,Cocoa
Cocoa Mix Premium,00785357025066,6/2 lb,$37.52,CS,Cocoa
COCONUT CHICKEN K805,00745378805009,100 / 0.8 OZ,$126.07,CS,PREPARED FOODS
COCONUT SNOWFLAKE SWEETENED,10078982013223,5/2LB,$40.93,CS,FLAKE
COF ARABICA RUSH 40/3.25OZ,10840825021791,40/3.25 OZ,$95.55,CS,FARMER BROS BRAND
COF ART CLD BRW 6X12 72/2.67OZ,10840825031561,72/2.67 OZ,$269.81,CS,ARTISAN
COF ART DCF RFA 18TH 48/3OZ,10025869144389,48/3 OZ,$265.28,CS,ARTISAN
COF ART DT COLOMBIA 2/5LB,10840825027908,1/5LB,$136.44,EA,ARTISAN
COF ART FTO DCF FR RST 2/5LB,10840825013536,1/5 LB,$159.57,EA,ARTISAN
COF ART FTO FR RST 2/5LB,10840825013475,1/5 LB,$136.44,EA,ARTISAN
COF ART FTO FR RST 48/3OZ,10840825021531,48/3 OZ,$270.18,CS,ARTISAN
COF ART FTO GR PORTLAND 32/9OZ,10840825013420,32/9 OZ,$541.20,CS,ARTISAN
COF ART FTO GR PORTLAND 48/3OZ,10840825013413,48/3 OZ,$288.16,CS,ARTISAN
COF ART FTO PORTLAND BLD 2/5LB,10840825013406,1/5 LB,$144.65,EA,ARTISAN
COF ART FTO SUMATRA 32/9OZ,10025869144488,32/9 OZ,$600.23,CS,ARTISAN
COF ART FTO SUMATRA 48/3OZ,10025869144464,48/3 OZ,$289.59,CS,ARTISAN
COF ART FTO VELVET ESPSO 2/5LB,10840825013499,1/5 LB,$136.44,EA,ARTISAN
COF ART GR DT COLMBIA 32/9OZ,10840825027892,32/9OZ,$515.75,CS,ARTISAN
COF ART GR DT COLMBIA 48/3OZ,10840825027885,48/3OZ,$250.54,CS,ARTISAN
COF ART GR FT OG FR RST 32/9OZ,10840825018517,32/9 OZ,$510.84,CS,ARTISAN
COF ART GR RFA30 BRFST 48/3OZ,10840825013666,48/3 OZ,$245.63,CS,ARTISAN
COF ART GR RFA30 BRKFST 32/9OZ,10840825013369,32/9 OZ,$491.19,CS,ARTISAN
COF ART GR RFA30 TRTTRA 32/9OZ,10840825013451,32/9 OZ,$491.19,CS,ARTISAN
COF ART GR RFA30 TRTTRA 48/3OZ,10840825013444,48/3 OZ,$245.63,CS,ARTISAN
COF ART RFA DCF 18TH ST 2/5LB,10025869144426,1/5 LB,$136.44,EA,ARTISAN
COF ART RFA DCF 18THST 32/9OZ,10025869144419,32/9 OZ,$496.10,CS,ARTISAN
COF ART RFA ITALIN RST 48/3OZ,10025869144440,48/3 OZ,$245.63,CS,ARTISAN
COF ART RFA SOUTHBAY 2/5LB,10025869144501,1/5 LB,$136.44,EA,ARTISAN
COF ART RFA SOUTHBAY 48/3OZ,10025869144495,48/3 OZ,$245.63,CS,ARTISAN
COF ART RFA30 BRKFST BLD 2/5LB,10840825013659,1/5 LB,$136.44,EA,ARTISAN
COF ART RFA30 PEAK ESPRS 2/5LB,10840825013482,1/5 LB,$136.44,EA,ARTISAN
COF ART RFA30 TRTTRA BLD 2/5LB,10840825013437,1/5 LB,$136.44,EA,ARTISAN
COF BIG STAR 96/3OZ,10078932202059,96/3 OZ,$195.66,CS,FARMER BROS BRAND
COF BOYDS FR VAN 46/2.75 OZ,10078932202219,46/2.75 OZ,$164.38,CS,FARMER BROS BRAND
COF BREAKTIME 106/2.5OZ,10840825032421,106/2.5 OZ,$370.35,CS,FARMER BROS BRAND
COF BREAKTIME WB 4/5LB,10078932203445,1/5 LB,$103.97,EA,FARMER BROS BRAND
COF BUTTER PECAN 46/2.75OZ,10078932206392,46/2.75 OZ,$164.47,CS,FARMER BROS BRAND
COF CAFE DE OLLA 46/2.75OZ,10078932202240,46/2.75 OZ,$164.38,CS,FARMER BROS BRAND
COF CAFE ROYAL DCF 148/2OZ,10840825032575,148/2 OZ,$220.41,CS,FARMER BROS BRAND
COF CAFE ROYAL DRIP 148/2OZ,10025869146666,148/2 OZ,$415.80,CS,FARMER BROS BRAND
COF CAFE ROYAL WB 4/5LB,10840825013734,1/5 LB,$59.20,EA,FARMER BROS BRAND
COF CAIN DCF FP 6X12 72/2.25OZ,10840825031493,5814010,$210.52,CS,FARMER BROS BRAND
COF CAINS FB FP 6X12 72/2.25OZ,10840825031363,72/2.25 OZ,$210.52,CS,FARMER BROS BRAND
COF CAINS GB FP 6X7 42/1.75OZ,10840825031387,42/1.75 OZ,$83.16,CS,FARMER BROS BRAND
COF CAINS GB FP 6X7 42/2OZ,10840825031356,42/2 OZ,$109.16,CS,FARMER BROS BRAND
COF COCONUT CARAMEL 24/2.5OZ,10840825032032,24/2.5 OZ,$77.99,CS,FARMER BROS BRAND
COF COFFEE SHOP 106/2.5OZ,10840825032537,106/2.5 OZ,$370.35,CS,FARMER BROS BRAND
COF COFFEE SHOP 48/7OZ,10078932201892,48/7 OZ,$219.24,CS,FARMER BROS BRAND
COF COLBM  FLTR PK  40 1.75-OZ,18408250074601,40/1.75 OZ,$75.94,CS,FARMER BROS BRAND
COF COLBM  FLTR PK  40 2.50-OZ,10840825007474,40/2.5 OZ,$85.88,CS,FARMER BROS BRAND
COF COLO BLEND 64/6OZ,10840825021388,64/6 OZ,$233.04,CS,FARMER BROS BRAND
COF COLO BLEND WB 6/5LB,10840825021371,6/5 LB,$17.56,EA,FARMER BROS BRAND
COF CSHOPDC/CHR  120/2.5OZ,10840825032520,120/2.5 OZ,$415.80,CS,FARMER BROS BRAND
COF CSHOPDC/CHR  48/6OZ,10078932201908,48/6 OZ,$198.54,CS,FARMER BROS BRAND
COF CTY RST DCF IR 160/21GM,10840825017299,160/21 GM,$109.96,CS,FARMER BROS BRAND
COF CTY RST REG IR 160/21GM,10840825016292,160/21 GM,$111.52,CS,FARMER BROS BRAND
COF DARK RST ARAB 64/2.75OZ,10840825000963,64/2.75 OZ,$129.39,CS,FARMER BROS BRAND
COF FB GLD VTGE 88/2.5OZ,10840825032346,88/2.5 OZ,$311.87,CS,FARMER BROS BRAND
COF FB MED RST DCF WB 6/4LB,10840825000277,1/4 LB,$11.07,EA,FARMER BROS BRAND
COF FB RFA30 CLASSIC 24/14OZ,10840825006507,1/14 OZ,$18.22,EA,FARMER BROS BRAND
COF FB RFA30 COL DRK WB 6/5LB,10840825007344,6/5 LB,$12.57,EA,FARMER BROS BRAND
COF FB VIENNA BLD WB 6/4LB,10840825000260,1/4 LB,$12.35,LB,FARMER BROS BRAND
COF FRENCH NO 6 SC 80CT,10078932206569,1/80 CT,$56.32,CS,FARMER BROS BRAND
COF FRENCH NO. 6 40/3OZ,10078932202196,40/3 OZ,$168.41,CS,FARMER BROS BRAND
COF FRENCH NO. 6 48/7OZ,10078932201854,48/7 OZ,$436.61,CS,FARMER BROS BRAND
COF FRENCH NO. 6 50/2.5OZ,10078932202363,50/2.5 OZ,$170.57,CS,FARMER BROS BRAND
COF FRENCH NO. 6 WB  4/5LB,10078932201328,1/5 LB,$103.97,EA,FARMER BROS BRAND
COF FRENCH RST 40/2OZ,10840825005821,40/2 OZ,$58.82,CS,FARMER BROS BRAND
COF GM SC 6/12CT,10078932206514,1/12 CT,$21.55,EA,FARMER BROS BRAND
COF GMT MD RST DC IR 200/.50OZ,10840825021722,200/0.5 OZ,$80.44,CS,FARMER BROS BRAND
COF GMT MEL CP MD IR 200/.50OZ,10840825021715,200/0.5 OZ,$80.44,CS,FARMER BROS BRAND
COF GOOD MORNING 40/3OZ,10078932202189,40/3 OZ,$86.03,CS,FARMER BROS BRAND
COF GOOD MORNING 50/2.5OZ,10078932202356,50/2.5 OZ,$168.94,CS,FARMER BROS BRAND
COF GOOD MORNING SC 80 CT,10628052883432,1/80 CT,$73.12,CS,FARMER BROS BRAND
COF GOOD MORNING WB 4/5LB,10078932203414,1/5 LB,$103.97,EA,FARMER BROS BRAND
COF GORGE 100% COLO 40/3OZ,10078932202165,40/3 OZ,$85.88,CS,FARMER BROS BRAND
COF GORGE 100% COLO WB 4/6LB,10078932201052,1/6 LB,$128.48,EA,FARMER BROS BRAND
COF GOURMET RST DCF 148/2OZ,10840825032605,148/2 OZ,$424.14,CS,FARMER BROS BRAND
COF HAZELNUT GROVE 46/2.75OZ,10078932202226,46/2.75 OZ,$164.38,CS,FARMER BROS BRAND
COF HI-REV COFFEE 30/4OZ,10078932201922,30/4 OZ,$79.50,CS,FARMER BROS BRAND
COF HI-REV COFFEE 42/8OZ,10078932201755,42/8 OZ,$221.13,CS,FARMER BROS BRAND
COF HIGHLANDER GR 46/2.75OZ,10078932205104,46/2.75 OZ,$80.64,CS,FARMER BROS BRAND
COF HOT FUDGE SUNDAE 24/2.5OZ,10840825032711,24/2.5OZ,$83.42,CS,FARMER BROS BRAND
COF KONA BLEND URN 48/7OZ,10840825028530,5857803,$316.26,CS,FARMER BROS BRAND
COF LOST LAKE SC BULK OW 80 CT,10078932207269,1/80 CT,$57.96,CS,FARMER BROS BRAND
COF MANH EM FP 6X7 42/2.0OZ,10840825031417,42/2 OZ,$84.77,CS,FARMER BROS BRAND
COF MARKET ROAST WB 4/6LB,10078932201113,1/6 LB,$124.74,EA,FARMER BROS BRAND
COF MED 100% ARAB FP 72/2.25OZ,10840825021777,72/2.25 OZ,$119.10,CS,FARMER BROS BRAND
COF MED RST 100% ARAB 48/8OZ,10840825021746,48/8 OZ,$297.36,CS,FARMER BROS BRAND
COF MED RST 100% ARAB 6/5LB,10840825000215,1/5 LB,$12.35,EA,FARMER BROS BRAND
COF MED RST 100% ARAB 88/2.5OZ,10025869146567,88/2.5 OZ,$173.80,CS,FARMER BROS BRAND
COF MED RST 48/8OZ,10840825021951,48/8 OZ,$247.92,CS,FARMER BROS BRAND
COF MED RST FP DCF 40/1.75OZ,10840825021944,40/1.75 OZ,$48.96,CS,FARMER BROS BRAND
COF MED RST WB 6/5LB,10840825000192,6/5 LB,$10.29,EA,FARMER BROS BRAND
COF MED RT 100% AR WB 6/5LB,10840825000208,1/5 LB,$12.35,EA,FARMER BROS BRAND
COF MEDIUM RST 120/2.5OZ,10840825032483,120/2.5 OZ,$350.83,CS,FARMER BROS BRAND
COF MEDIUM RST 24/14OZ,10840825000161,1/14 OZ,$10.32,EA,FARMER BROS BRAND
COF MEDIUM RST 6/5LB,10840825000185,1/5 LB,$10.29,EA,FARMER BROS BRAND
COF MEDIUM RST 74/2OZ,10840825032407,74/2 OZ,$96.20,CS,FARMER BROS BRAND
COF MEDIUM RST DCF 40/2OZ,10840825021890,40/2 OZ,$55.80,CS,FARMER BROS BRAND
COF MEDIUM RST DCF 48/8OZ,10840825021883,48/8 OZ,$266.64,CS,FARMER BROS BRAND
COF MEDIUM RST DCF 74/2OZ,10840825032391,74/2 OZ,$185.97,CS,FARMER BROS BRAND
COF MELLO-CUP  6/5LB,10840825000390,1/5 LB,$9.83,EA,FARMER BROS BRAND
COF MELLO-CUP  6/5LB,10840825000505,6/5 LB,$9.32,EA,FARMER BROS BRAND
COF MELLO-CUP DCF 12/2LB,10840825000413,1/2 LB,$11.07,EA,FARMER BROS BRAND
COF MELLO-CUP DCF 64/6OZ,10840825000475,64/6 OZ,$266.88,CS,FARMER BROS BRAND
COF MET COLO 24/2.5OZ,10840825019545,24/2.5 OZ,$90.18,CS,FARMER BROS BRAND
COF MET COLO 24/3OZ,10840825019552,24/3 OZ,$58.34,CS,FARMER BROS BRAND
COF MET COSTARICAN 24/2.5OZ,10840825020350,24/2.5 OZ,$49.54,CS,FARMER BROS BRAND
COF MET DT FRENCH 24/2.5OZ,10840825019736,24/2.5 OZ,$49.60,CS,FARMER BROS BRAND
COF MET DT FRENCH 32/9OZ,10840825020077,32/9OZ,$432.72,CS,FARMER BROS BRAND
COF MET DT FRENCH RST 24/3OZ,10840825019699,24/3 OZ,$108.22,CS,FARMER BROS BRAND
COF MET DT FRENCH WB 6/2LB,10840825020213,1/2LB,$48.09,EA,FARMER BROS BRAND
COF MET DT MOCHA JAVA 24/3OZ,10840825019767,24/3 OZ,$68.78,CS,FARMER BROS BRAND
COF MET FRNCH DCF 24/2.5OZ,10840825019743,24/2.5 OZ,$48.98,CS,FARMER BROS BRAND
COF MET FRNCH DCF 24/3OZ,10840825019651,24/3 OZ,$108.22,CS,FARMER BROS BRAND
COF MET SUMATRA 24/2.5OZ,10840825019804,24/2.5 OZ,$65.33,CS,FARMER BROS BRAND
COF MET VIENNA 32/9OZ,10840825020022,32/9 OZ,$432.72,CS,FARMER BROS BRAND
COF METRO CARAMEL 24/2.5OZ,10840825020435,24/2.5OZ,$90.18,CS,FARMER BROS BRAND
COF METRO ESP EURO WB 6/2LB,10840825020121,1/2LB,$48.09,EA,FARMER BROS BRAND
COF METRO FRNCH DCF WB 6/2LB,10840825020237,1/2LB,$48.09,EA,FARMER BROS BRAND
COF METRO GOLD PECAN 24/2.5OZ,10840825020671,3.75 LBS/CS,$47.03,CS,FARMER BROS BRAND
COF METRO HAZELNUT 24/2.5OZ,10840825020442,24/2.5OZ,$48.34,CS,FARMER BROS BRAND
COF METRO HAZELNUT WB 6/2LB,10840825020152,1/2LB,$48.09,EA,FARMER BROS BRAND
COF METRO ISLAND HZLNT 24/2.5O,10840825020534,24/2.5OZ,$48.34,CS,FARMER BROS BRAND
COF METRO ITAL WB 6/2LB,10840825020190,1/2LB,$48.09,EA,FARMER BROS BRAND
COF METRO KONA 24/2.5OZ,10840825020404,24/2.5 OZ,$56.63,CS,FARMER BROS BRAND
COF METRO KONA WB 6/2LB,10840825020176,1/2LB,$30.02,EA,FARMER BROS BRAND
COF METRO SUMATRA WB 6/2LB,10840825020275,1/2LB,$34.66,EA,FARMER BROS BRAND
COF METRO VAN HZLNT 24/2.5OZ,10840825020497,24/2.5OZ,$48.34,CS,FARMER BROS BRAND
COF METRO VANILLA BN 24/2.5OZ,10840825020503,24/2.5 OZ,$48.34,CS,FARMER BROS BRAND
COF METRO VANILLA BN WB 6/2LB,10840825020138,1/2LB,$48.09,EA,FARMER BROS BRAND
COF METRO VIENNA 24/2.5OZ,10840825019637,24/2.5 OZ,$90.18,CS,FARMER BROS BRAND
COF METRO VNLA CRM 24/2.5OZ,10840825020510,24/2.5OZ,$90.18,CS,FARMER BROS BRAND
COF OG RED WAGON SC 80 CT,10078932206583,1/80 CT,$52.06,CS,FARMER BROS BRAND
COF OG RFA30 RIP CITY 40/3OZ,10078932202110,40/3 OZ,$101.33,CS,FARMER BROS BRAND
COF ORIGINAL ROAST 40/3OZ,10078932202172,40/3 OZ,$86.55,CS,FARMER BROS BRAND
COF ORIGINAL ROAST 48/7OZ,10078932201830,48/7 OZ,$234.78,CS,FARMER BROS BRAND
COF ORIGINAL ROAST 50/2.5OZ,10078932202349,50/2.5 OZ,$89.06,CS,FARMER BROS BRAND
COF ORIGINAL ROAST WB 4/6LB,10078932201069,1/6 LB,$124.74,EA,FARMER BROS BRAND
COF PEPPERMINT MOCHA 24/2.5OZ,10840825031691,5806177,$77.97,CS,FARMER BROS BRAND
COF POD DCF METRO 70 CT / 14G,10840825026505,70/14 GM,$102.74,CS,FARMER BROS BRAND
COF POD DCFESPO METRO 7G100/CS,10840825022187,100/7 GM,$67.96,CS,FARMER BROS BRAND
COF POD ESPO METRO 7G 100/CS,10840825022170,100/7 GM,$56.25,CS,FARMER BROS BRAND
COF POD METRO RFA DCF 8GM300CS,10840825019309,1/300 CT,$325.29,CS,FARMER BROS BRAND
COF POD MTRO RFA FRCH 8GM300CS,10840825019293,1/300 CT,$316.27,CS,FARMER BROS BRAND
COF POD REG METRO 70CT / 14G,10840825026499,70/14 GM,$109.67,CS,FARMER BROS BRAND
COF POD SIERRA REG 8G 500CS,10840825025669,1/500 CT,$413.03,CS,FARMER BROS BRAND
COF PUMPKIN SPICE 24/2.5OZ,10840825012164,24/2.5 OZ,$46.76,CS,FARMER BROS BRAND
COF RED WAGON WB 4/5LB,10840825032803,1/5 LB,$113.15,EA,BOYD'S
COF RFA ART ITALIAN RST 2/5LB,10025869144457,1/5 LB,$136.44,EA,ARTISAN
COF RFA30 100% COL 40/2.0OZ,10840825022033,40/2 OZ,$63.32,CS,FARMER BROS BRAND
COF RFA30 100% COL 40/3OZ,10840825022019,40/3 OZ,$94.97,CS,FARMER BROS BRAND
COF RFA30 100% COL 6/5LB,10840825011594,1/5 LB,$12.57,EA,FARMER BROS BRAND
COF RFA30 100% COL 96/2.5OZ,10840825022026,96/2.5 OZ,$189.95,CS,FARMER BROS BRAND
COF RFA30 100% COL DC 40/2OZ,10840825007498,40/2 OZ,$68.37,CS,FARMER BROS BRAND
COF RFA30 100% COL WB 6/5LB,10840825005920,1/5 LB,$12.57,EA,FARMER BROS BRAND
COF RFO LSTLKE DC IR 160/.65OZ,10078932204619,160/.65 OZ,$220.22,CS,FARMER BROS BRAND
COF SC FRENCH NO. 6 6/12CT,10078932206521,1/12 CT,$22.29,EA,FARMER BROS BRAND
COF SC HI REV 6/12CT,10078932206538,1/12 CT,$21.55,EA,FARMER BROS BRAND
COF SGL CUP DCF IR 300/.24OZ,10840825021708,300/0.24 OZ,$226.07,CS,FARMER BROS BRAND
COF SGL CUP IR 300/.24OZ,10840825021692,300/0.24 OZ,$184.23,CS,FARMER BROS BRAND
COF STEADY HAND DC 40/3OZ,10078932202974,40/3 OZ,$89.33,CS,FARMER BROS BRAND
COF STEADY HAND DC 50/2.5OZ,10078932202981,50/2.5 OZ,$93.05,CS,FARMER BROS BRAND
COF SUP WRLD FNST WB 4/5LB,10840825016483,1/5 LB,$46.60,EA,FARMER BROS BRAND
COF WORLD FINEST 120/2.5OZ,10840825032261,120/2.5 OZ,$350.83,CS,FARMER BROS BRAND
COF WORLD FNST FP 42/2OZ,10840825016421,42/2 OZ,$51.61,CS,FARMER BROS BRAND
COF WORLDS FINEST DCF 24/14OZ,10840825016872,1/14 OZ,$9.27,EA,FARMER BROS BRAND
COF WORLDS FINEST DRP 4/5LB,10840825016544,1/5 LB,$46.60,EA,FARMER BROS BRAND
COF WORLDS FINEST URN 48/7OZ,10840825016858,48/7 OZ,$196.77,CS,FARMER BROS BRAND
COF WRLD FINEST URN 56/6OZ,10840825017213,56/6 OZ,$196.77,CS,FARMER BROS BRAND
COF WRLD FNEST DCF 120/2.5OZ,10840825032476,120/2.5 OZ,$403.44,CS,FARMER BROS BRAND
COF WRLDS FNST DRP 148/1.5OZ,10840825032582,148/1.5 OZ,$130.76,CS,FARMER BROS BRAND
Coffee 100  Colombian,10074471110015,2/1.25 ltr,,CS,Regular Coffee
Coffee 6th Ave Bistro PP,40012919006293,4/18/2 oz,$105.98,CS,Regular Coffee
Coffee Black Silk Filter Pack,10025500000166,40/1.4 oz,$59.26,CS,Regular Coffee
Coffee Black Silk Fraction,10025500000197,42/1.4 oz,$53.77,CS,Regular Coffee
Coffee Blk Straight,00859336007784,1/3 ga,$81.45,CS,Regular Coffee
Coffee Blonde Veranda Blnd,40762111925679,4/18/2.5 oz,$196.19/$49.05,CS/BX,Regular Coffee
Coffee Breakfast Blend DecafWB,10611247375690,6/18 oz,$77.91,CS,Regular Coffee
Coffee Breakfast Blend K cup,10099555065203,4/24 ct,$62.80,CS,Single Cup (ex:Kcup)
Coffee Breakfast Blend Whl Bn,10611247375676,6/18 oz,$77.91,CS,Regular Coffee
Coffee Cafe Domingo Drip,10785357025568,6/10.5 oz,$55.61,CS,Regular Coffee
Coffee Cafe Domingo PP,10785357004952,6/18/2.5 oz,$235.54,CS,Regular Coffee
Coffee Cafe Verona Reg PP,40762111903424,4/18/2.5 oz,$196.19,CS,Regular Coffee
Coffee Caffee Verona WB,40762111884662,6/1 lb,$102.21,CS,Regular Coffee
Coffee Caramel Van Crm K cup,10099555067009,4/24 ct,$66.80,CS,Single Cup (ex:Kcup)
Coffee Caribou Blend K cup,10611247376703,4/24 ct,$68.72/$17.18,CS/BX,Single Cup (ex:Kcup)
Coffee Caribou Blend WB,40798493428064,4/40 oz,$89.65,CS,Regular Coffee
Coffee Clsc Cinn Roll K cup,10099555063056,4/24 ct,$68.72/$17.18,CS/BX,Single Cup (ex:Kcup)
Coffee Clsc Roast FP,10025500062393,40/.9 oz,$34.26,CS,Regular Coffee
Coffee Clsc Roast Regular,10025500064304,42/1.5 oz,$40.88,CS,Regular Coffee
Coffee Cold Brew Black,10860534000191,12/11 oz,$40.93,CS,Miscellaneous
Coffee Cold Brew Black,00859336007319,2/1 ga,$72.25,CS,Miscellaneous
Coffee Cold Brew Black,10860534000108,3/96 oz,$61.93,CS,Miscellaneous
Coffee Cold Brew Black Vnlla,10860534000160,3/96 oz,$90.00,CS,Miscellaneous
Coffee Cold Brew Straight Blk,10859336007736,3/1 ga,$531.18,CS,Miscellaneous
Coffee Colombian 100  Liquid,10025500622054,2/2 ltr,$198.60,CS,Regular Coffee
Coffee Colombian 100  Liquid,10025500622061,2/1.25 ltr,$146.89,CS,Regular Coffee
Coffee Colombian Regular,10025500064519,42/1.75 oz,$57.84,CS,Regular Coffee
Coffee Dark Roast,10074471105134,2/1.25 ltr,$162.20,CS,Regular Coffee
Coffee Decaf Blnd K cup,10611247376710,4/24 ct,$68.72/$17.18,CS/BX,Single Cup (ex:Kcup)
Coffee Decaf Pike Place K cup,40762111189996,4/24/.44 oz,$89.29/$22.32,CS/BX,Single Cup (ex:Kcup)
Coffee Decaf Pike Place Roast,40762111936538,4/18/2.5 oz,$196.19,CS,Regular Coffee
Coffee Decf Brkfst Blnd K cup,10099555075226,4/24 ct,$66.80,CS,Single Cup (ex:Kcup)
Coffee Decf Portside WB,40012919005852,6/12 oz,$49.24,CS,Regular Coffee
Coffee Dirty Vanilla Chai,10859336007606,3/96 oz,$89.70,CS,Regular Coffee
Coffee DonutShop K cup,10834259007056,4/24 ct,$62.80,CS,Single Cup (ex:Kcup)
Coffee Drk Magic K cup,10099555040613,4/24 ct,$62.80,CS,Single Cup (ex:Kcup)
Coffee French K cup,40762111189965,4/24/.42 oz,$89.29,CS,Single Cup (ex:Kcup)
Coffee French Roast Drip,10785357025520,6/10.5 oz,$55.61,CS,Regular Coffee
Coffee French Roast K cup,10099555066941,4/24 ct,$66.80,CS,Single Cup (ex:Kcup)
Coffee French Vanilla K cup,10099555067320,4/24 ct,$66.80,CS,Single Cup (ex:Kcup)
Coffee FT Colmbn Slct K cup,10099555060031,4/24 ct,$66.80,CS,Single Cup (ex:Kcup)
Coffee Gormt Supreme Reg,10025500064373,42/1.75 oz,$53.39,CS,Regular Coffee
Coffee Half Caff K cup,10099555069997,4/24 ct,$66.80,CS,Single Cup (ex:Kcup)
Coffee Hazlnt Creme,40012919001267,42/2 oz,$61.85/$1.47,CS/BX,Regular Coffee
Coffee Hazlnt K cup,10099555067924,4/24 ct,$66.80,CS,Single Cup (ex:Kcup)
Coffee House Blend Drip,10785357025544,6/10.5 oz,$55.61,CS,Regular Coffee
Coffee House Blend Whole Bean,10785357025551,6/10.5 oz,$55.61,CS,Regular Coffee
Coffee House Blnd PPk,10785357845265,6/18/2.5 oz,$255.29,CS,Regular Coffee
Coffee Major Dickinson Blnd PP,10785357000183,6/18/2.5 oz,$235.54,CS,Regular Coffee
Coffee Master Blnd,00043000866351,42/1.1 oz,$32.86,CS,Regular Coffee
Coffee Nantucket Blnd K cup,10099555066637,4/24 ct,$66.80,CS,Single Cup (ex:Kcup)
Coffee ODB Espresso Rst WB,40762111887045,6/1 lb,$102.21,CS,Regular Coffee
Coffee Org French Roast PPk,10785357025162,6/18/2.5 oz,$255.29/$42.55,CS/BX,Regular Coffee
Coffee Peppermint Mocha Cold B,10859336007071,3/96 oz,$90.00,CS,Miscellaneous
Coffee Pike Place Roast,40762111903295,4/18/2.5 oz,$196.19,CS,Regular Coffee
Coffee Pike Place Roast K cup,40762111189941,4/24/.44 oz,$89.29,CS,Single Cup (ex:Kcup)
Coffee Pike Place Roast WB,40762111887052,6/1 lb,$102.21,CS,Regular Coffee
Coffee Portside Blend WB,40012919123105,6/12 oz,$49.24,CS,Regular Coffee
Coffee Portside SeattleBlnd WB,40012919005913,4/5 lb,$218.61,CS,Regular Coffee
Coffee Portside Smth Flvr,40012919006279,4/18/2 oz,$105.98,CS,Regular Coffee
Coffee Premium Roast K cup,10043000080372,4/24 ct,$59.04,CS,Single Cup Value
Coffee Regular FP,00074471010141,30/2 oz,$49.88,CS,Regular Coffee
Coffee Southern Pecan K cup,10099555067726,4/24 ct,$66.80,CS,Single Cup (ex:Kcup)
Coffee Spcl Delivery Shy,00043000862506,42/1.4 oz,,CS,Regular Coffee
Coffee Spec XtrBld K cup,10099555040507,4/24 ct,$68.72,CS,Single Cup (ex:Kcup)
Coffee Special Del Filter Pack,00043000862407,6/7/1.2 oz,$39.38,CS,Regular Coffee
Coffee Special Roast Reg,10025500068975,42/.8 oz,$27.43,CS,Regular Coffee
Coffee Traditional Rst Instant,10025500203772,24/4 oz,$105.76,CS,Regular Coffee
Coffee Ultra In Room,10043000390594,100/.4 oz,$52.24,CS,Regular Coffee
Coffee Veranda Blend Whle Bean,40762111491952,6/1 lb,$102.21,CS,Regular Coffee
Coffee Veranda K cup,40762111189972,4/24/.42 oz,$89.29,CS,Single Cup (ex:Kcup)
Coffee Verona K cup,40762111189989,4/24/.42 oz,$89.29,CS,Single Cup (ex:Kcup)
Coffee VT Country Blnd K cup,10099555066026,4/24 ct,$66.80,CS,Single Cup (ex:Kcup)
Colby Jack   Turkey Snack Pack,10041716210267,2/10/1.58 oz,$26.93/$13.47,CS/BX,Lunchables/Snacks
ColdCraftd Stick Cmb Beef Ched,10017082886863,2/8/1.5 oz,$28.63/$14.32,CS/BX,Lunchables/Snacks
ColdCraftd Stick Cmb Beef Colb,10017082888560,2/8/1.5 oz,$28.63/$14.32,CS/BX,Lunchables/Snacks
ColdCraftd Stick Cmb Beef PJ,10017082886887,2/8/1.5 oz,$28.63/$14.32,CS/BX,Lunchables/Snacks
ColdCraftd Stick Cmb Pepp Mozz,10017082009781,2/8/1.75 oz,$28.63,CS,Lunchables/Snacks
Combos Buffalo Blue Cheese,10041419420116,12/6.3 oz,$29.14,CS,Snacks
Combos Cracker Cheddar Cheese,10041419420079,12/6.3 oz,$29.14,CS,Snacks
Combos Cracker Pepperoni,10041419420086,12/6.3 oz,$29.14,CS,Snacks
Combos Pretzel Ched Chs Vend,10041419781460,12/18/1.8 oz,$144.55/$12.05,CS/BX,Large Single Serve
Combos Pretzel Cheddar Cheese,10041419420055,12/6.3 oz,$29.14,CS,Snacks
Combos Pretzel Pizzeria,10041419420062,12/6.3 oz,$29.14,CS,Snacks
Condom,20792554902001,24/6/3 ct,$412.99/$17.21,CS/BX,Independent Items
COOKIE ANIMAL CRACKER,10030100200106,10/1 LB,$28.73,CS,BULK
Cookie Banana Bread,00850013807284,3/12/2 oz,$74.62/$24.87,CS/BX,Cookies
Cookie Big Chocolate Brownie,00028400103107,60/2.5 oz,$39.81,CS,Cookies
Cookie Big Peanut Butter,00028400450911,60/2.5 oz,$38.41,CS,Cookies
Cookie Blueberry Vanilla Bites,00028400226424,80/1 oz,,CS,Cookies
COOKIE CARAMEL DUTCH VAN LS,00851532008916,4/32 CT,$67.92,CS,MISC.
COOKIE CARAMEL SLTD IW MANIF,10749017030392,48/2.8OZ,$65.41,CS,MISC.
COOKIE CHIP AHOY,10044000078383,4/15.5OZ,$25.54,CS,BULK
Cookie Chip Dough,00722252443021,12/2.4 oz,$21.93,BX,Miscellaneous Snack
Cookie Chip Dough,00722252443021,12/12/2.4 oz,$257.54,CS,Miscellaneous Snack
Cookie Chips Ahoy,10044000032194,12/13 oz,$53.73/$4.48,CS/BX,Cookies
Cookie Chips Ahoy  Chewy Mini,10044000047365,12/3 oz,$17.63,CS,Cookies
Cookie Chips Ahoy Bite Size,10019320015486,60/2 oz,$27.53,CS,Cookies
Cookie Chips Ahoy Chewy,10044000032231,12/13 oz,$53.73,CS,Cookies
Cookie Chips Ahoy Chunky KS,10044000050853,2/8/4.15 oz,$25.78/$12.89,CS/BX,Cookies
Cookie Chips Ahoy Mini,10044000006799,12/3 oz,$18.01,CS,Cookies
Cookie Chips Ahoy Mini,10044000006799,12/3 oz,$17.63,CS,Cookies
Cookie Chips Ahoy Mini BS BB,10019320000437,36/3 oz,$27.61,CS,Cookies
Cookie Chips Ahoy Mini SnkSak,10044000007130,12/8 oz,$36.25,CS,Cookies
Cookie ChipsAhoy Original KngS,10044000056930,2/8/3.75 oz,$25.78/$12.89,CS/BX,Cookies
Cookie Choc Chip 2 Pack,00810291007134,4/8/1 oz,$45.09,CS,Cookies
Cookie Choc Chip Big 2 Pack Iw,00028400450928,60/2.5 oz,$38.41,CS,Cookies
Cookie Choc Chip Crispy Mini,10815216018315,24/4 oz,$28.15,CS,Snacks
COOKIE CHOC CHIP GLUTEN FREE,00863882000267,36/1 OZ,$90.32,CS,BULK
COOKIE CHOC CHIP IW,00028400450928,60/2.5OZ,$36.97,CS,PORTION CONTROL
Cookie Choc Chip IW bulk,10627843907425,40/1 oz,$29.85,CS,Cookies
Cookie Choc Chip Mini GF,30857313001870,64/1.1 oz,$73.44,CS,Cookies
COOKIE CHOC CHIP MINI WG RICH,00028400661546,80/1.22OZ,$43.42,CS,PORTION CONTROL
Cookie Choc Chip w Hershy Kiss,10815216011910,200/.75 oz,$60.41,CS,Cookies
Cookie Choc Chip w Hershy Kiss,40815216016695,48/3 oz,$42.07,CS,Cookies
COOKIE CHOC CHUNK IW SANDY S,10749017030408,48/2.8OZ,$71.87,CS,FULLY BAKED
COOKIE CHOC WAFEL LOW SUGAR,00856282003358,4/12 CT,$69.56,CS,MISC.
Cookie Choco Dark Fudge Romeos,10850047620382,10/9/.85 oz,$77.82/$7.78,CS/BX,Cookies
Cookie Chocolate Cake Frstd,10888849012234,12/8/1.76 oz,$211.49,CS,Cookies
Cookie Chocolate Chip,10076677980164,60/2 oz,$28.45,CS,Cookies
Cookie Chocolate Chip,10888849006097,6/12/2.08,$145.82/$24.30,CS/BX,Miscellaneous
Cookie Chocolate Chip,00810291002009,12/3.5 oz,$28.99,CS,Cookies
Cookie Chocolate Chip,00810291009503,12/7 oz,$55.66,CS,Cookies
Cookie Chocolate Chip,00810291009503,12/7 oz,$56.86,CS,Cookies
Cookie Chocolate Chip,10852761007005,6/5.5 oz,$26.65,CS,Cookies
Cookie Chocolate Chip Classic,10076677059082,6/6/3 oz,$44.28/$7.38,CS/BX,Cookies
Cookie Chocolate Chip Complete,00787692836000,6/12/4 oz,$143.27/$23.88,CS/BX,Cookies
Cookie Chocolate Chip Crunchy,10852761007326,24/1 oz,$29.89,CS,Miscellaneous
Cookie Chocolate Chip Crunchy,10852761007326,24/1 oz,$29.26,CS,Miscellaneous
Cookie Chocolate Chip Crunchy,10852761007982,100/.67 oz,$71.07,CS,Cookies
Cookie Chocolate Chip Mini,00028400615037,60/2 oz,$47.68,CS,Cookies
Cookie Chocolate Chip Mini WG,00028400661546,80/1.22 oz,$45.12,CS,Cookies
Cookie Chocolate Chip Nutella,10850049917428,20/3 oz,$59.44,CS,Pastry
Cookie Chocolate Chip Tiny,00810291001644,2/12/1 oz,$24.19,CS,Cookies
Cookie Chocolate Chip Tiny,00810291001644,12/1 oz,$12.36,BX,Cookies
Cookie Chocolate White Butter,10850049917442,20/3 oz,$59.44,CS,Pastry
Cookie Chwy Big Choc Chip,10019320002868,6/7/2.5 oz,,CS/BX,Cookies
Cookie Cinnabon w Cin CrmC Chp,40815216016671,48/3 oz,$42.07,CS,Cookies
Cookie Circus Animal,00027800100631,6/6/3 oz,$49.04/$8.17,CS/BX,Cookies
Cookie Cookies   Creme Sndwch,10850047620009,10/1.69 oz,$13.31,BX,Cookies
Cookie Cookies   Creme Sndwch,10850047620009,4/10/1.69 oz,$52.12,CS,Cookies
Cookie Cookies   Creme Soft Bk,10815216017820,48/3 oz,$42.07,CS,Cookies
Cookie Cranberry Orange,10044000040595,5/1.76 oz,$4.62,BX,Cookies
Cookie Cranberry Orange,10044000069541,8/1.76 oz,$8.23,BX,Cookies
Cookie Cranberry Orange,10044000069541,8/8/1.76 oz,$64.44/$8.06,CS/BX,Cookies
Cookie Crunchy Chocolate Chip,10850032528723,8/3 oz,$32.22,CS,Cookies
Cookie Dbl Choc Brownie Soft,10852761007357,6/5.5 oz,$26.65,CS,Cookies
Cookie Dgh Cup Choc Chip,10091428230015,12/3.6 oz,$24.86,CS,Miscellaneous
Cookie Double Chc Chp Complete,00787692836024,6/12/4 oz,$143.27,CS,Cookies
Cookie Double Choc Chip w Hrsh,30815216015691,48/3 oz,$42.07,CS,Cookies
Cookie Double Chocolate Chip,10888849006028,6/12/2.08,$145.82/$24.30,CS/BX,Miscellaneous
Cookie Dough Bites,00655956004437,60/3.1 oz,$69.58/$1.16,CS/BX,Cookies
Cookie Dough Bites ChcChp PgBg,00655956040763,12/5 oz,$24.56,CS,Box Candy
Cookie Dough Bites Choc Chip,00655956000118,30/3.1 oz,$34.79,CS,Concessions
Cookie Dough Bites Choc Chip,06559560001254,12/3.1 oz,$13.92,CS,Box Candy
Cookie Dough Chocolate Chip,10888849000033,12/12/2.12 oz,$337.70/$28.14,CS/BX,Miscellaneous
Cookie Dough Edible,00655956020307,8/12/4.5 oz,$204.67/$25.58,CS/BX,Miscellaneous
COOKIE FIG NEWTON 2 OZ,10044000078345,40/2 OZ,$25.54,CS,BULK
Cookie Fig Newton Box,10044000042254,12/6.5 oz,$29.71/$2.48,CS/BX,Cookies
Cookie Fig Tff,10019320015790,12/10/2 oz,$59.70/$4.98,CS/BX,Cookies
COOKIE FLAKE FEUILLETINE,70000000000009,1/2.5 KG,$55.62,CS,MISC.
Cookie Fudge Round Double FOA,00024300894916,9/6/4 oz,$55.09/$6.12,CS/BX,Pastry
Cookie Gingerbread Bites,00655956044792,12/3.1 oz,$14.93,CS,Seasonal
COOKIE GRAHAM TEDDY CINNAMON,10019320016704,150/.75 OZ,$46.12,CS,PORTION CONTROL
COOKIE LEMON BLUBRY MANFSTO IW,10749017031658,48/2.8OZ,$66.53,CS,FULLY BAKED
Cookie Lemon Burst Mini GF,10857488004337,30/1 oz,$36.25,CS,Cookies
Cookie Lemon Emperador,00686700000023,80/2.15 oz,$66.33,CS,Cookies
COOKIE LORNA DOONE,10019320016834,120/1 OZ,$41.04,CS,PORTION CONTROL
Cookie Lorna Doone Sleeve,10019320015448,30/1.5 oz,$13.71,BX,Cookies
Cookie Lorna Doone Sleeve,10019320015448,4/30/1.5 oz,$53.68,CS,Cookies
Cookie Macadamia Nutw HrshyKss,10815216012504,48/3 oz,$42.07,CS,Cookies
Cookie Mexican Wedding,10810091781347,120/.67 oz,$85.28,CS,Cookies
Cookie Milano,10014100113109,60/1.5 oz,$49.04,CS,Cookies
COOKIE MINI CHIPS AHOY,10019320015486,60/2 OZ,$31.46,CS,PORTION CONTROL
Cookie Mini Vanilla Creme,00028400450966,60/2.12 oz,$37.09,CS,Cookies
Cookie Mmm Candy,00797884734205,48/3 oz,$55.10,CS,Pastry
Cookie Nekot Sweet Pnut Butter,10076410901319,6/20/1.75 oz,$34.11/$5.69,CS/BX,Cookies
COOKIE NUTTER BUTR 1.9 OZ,10044000078352,40/1.9 OZ,$25.54,CS,BULK
Cookie Nutter Butter Bites,10044000082830,12/8 oz,$36.25,CS,Cookies
Cookie Nutter Butter Bites BB,10019320000727,36/3 oz,$31.57,CS,Cookies
Cookie Nutter Butter King Size,10044000050884,2/10/3.5 oz,$32.22/$16.11,CS/BX,Cookies
Cookie Nutter Butters,10044000078352,4/10/1.9 oz,$26.53/$6.63,CS/BX,Snacks
Cookie Oatmeal Dbl Dckr FOA,00024300895616,9/6/3.9 oz,$47.37/$5.26,CS/BX,Pastry
Cookie Oatmeal Double Decker,00024300892615,9/6/3.9 oz,$45.09/$5.01,CS/BX,Snack Pastry
Cookie Oatmeal Raisin Bulk,30815216015974,48/3 oz,$42.07,CS,Cookies
COOKIE OATMEAL RSN,00028400450935,60/2.5 OZ,$36.97,CS,PORTION CONTROL
Cookie Oreo Golden Mini BigBag,10044000052314,12/3 oz,$18.01,CS,Cookies
Cookie Oreo Mini Bite Size,00019320000119,60/1.5 oz,$29.95,CS,Cookies
Cookie Oreo Mini Bite Size BB,10019320000420,36/3 oz,$31.57,CS,Cookies
Cookie Oreo Mini Bite Snak Sak,10044000015920,12/8 oz,$36.25,CS,Cookies
Cookie Oreo Mini Bites,10044000006805,12/3 oz,$18.01,CS,Cookies
Cookie Oreo Mini Bites,10044000006805,12/3 oz,$17.63,CS,Cookies
Cookie Oreo Retail,10044000007499,12/5.25 oz,$29.71/$2.48,CS/BX,Cookies
Cookie Oreo Sleeve Pk 6ct,10019320002004,4/30/2.4 oz,$70.09/$17.52,CS/BX,Cookies
Cookie Otml Rsn Big 2 Pack Iw,00028400450935,60/2.5 oz,$38.41,CS,Cookies
Cookie PB Chocolate Chip IW,00797884722202,6/12/4 oz,$106.81,CS,Pastry
COOKIE PEANUT BUTR,00028400450911,60/2.5 OZ,$36.97,CS,PORTION CONTROL
Cookie Peanut Butter,10888849006059,6/12/2.08,$145.82/$24.30,CS/BX,Miscellaneous
Cookie Peanut Butter Bites,10044000003064,12/3 oz,$17.63,CS,Cookies
Cookie Peanut Butter Crispy,10815216018322,24/4 oz,$28.15,CS,Snacks
Cookie Peanut Butter Reeses,30815216012522,200/.75 oz,$60.41,CS,Cookies
COOKIE SANDWICH OREO SS,10044000078376,4/15.9OZ,$25.54,CS,PORTION CONTROL
Cookie Sandwich Vanilla,10850047620016,4/10/1.69 oz,$52.12,CS,Cookies
COOKIE SNDW OREO MINI,00019320000119,60/1.5 OZ,$28.82,CS,PORTION CONTROL
COOKIE SNICKERDOODLE,00856282003778,4/12 CT,$69.56,CS,MISC.
Cookie Snickerdoodle,00787692838653,6/12/4 oz,$143.27/$23.88,CS/BX,Cookies
COOKIE SNICKERDOODLE GLTNFR IW,10698997806872,36/1.8 OZ,$40.85,CS,FULLY BAKED
Cookie Snickerdoodle IW BULK,10627843907401,40/1 oz,$29.85,CS,Cookies
COOKIE SNICKERDOODLE MINI LS,00851532008954,4/32 CT,$39.38,CS,MISC.
Cookie Soft Confetti,10016000187037,6/3 oz,$8.32,BX,Cookies
Cookie Soft Confetti,10016000187037,9/6/3 oz,$71.73/$7.97,CS/BX,Cookies
Cookie Sugar Soft Bkd,10815216018049,48/3 oz,$42.07,CS,Cookies
COOKIE VAN CARM WAFEL LOW SUG,00856282003341,4/12 CT,$69.56,CS,MISC.
COOKIE VANILLA CREME BITE SZ,00028400450966,60/2.12OZ,$35.69,CS,PORTION CONTROL
Cookie Vanilla Creme Large,00028400760041,48/3.245 oz,$64.86,CS,Cookies
COOKIE VANILLA CREME MINI,00028400450959,24/3.71OZ,$19.41,CS,PORTION CONTROL
Cookie Vanilla Creme Mini,00028400450959,24/3.71 oz,$20.61,CS,Cookies
Cookie Vanilla Creme Mini,00028400450959,24/3.71 oz,$20.17,CS,Cookies
COOKIE VANILLA WAFER,00074865618717,12/11 OZ,$30.19,CS,BULK
COOKIE VANILLA WAFER NILLA,10019320007184,2/2 LB,$15.88,CS,BULK
COOKIE WAFER ROLL MARIA,10686700101246,24/4.9 OZ,$26.54,CS,MISC.
COOKIE WAFR COOKIE/CRM L/SUGAR,10856282003881,4/12 CT,$69.56,CS,MISC.
Cookie White Chocolate Mac,00787692836062,6/12/4 oz,$143.27/$23.88,CS/BX,Cookies
Cookies   Cream Flip Ss,10818290019193,12/4.5 oz,$24.61,CS,Pudding/Gelatin
Cookies   Cream Pretzel Dipped,10034000214652,6/8.5 oz,$25.31,CS,Count Goods
Cookies Brownie Choc Crnch,10857127003080,6/5 oz,$20.26,CS,Cookies
Cookies Brownie Chocolate Crnc,50857127004146,48/1.25 oz,$35.03,CS,Cookies
Cookies Cherry White Chip,10857127003189,6/5 oz,$20.26,CS,Cookies
Cookies Cherry White Chip,10857127003639,48/1.25 oz,$35.03,CS,Cookies
Cookies Chip Ahoy SS,10044000078383,4/10/1.55 oz,$26.53/$6.63,CS/BX,Snacks
Cookies Chocolate Chip Mini,10018000322746,6/3 oz,$8.32,BX,Cookies
Cookies Chocolate Chip Mini,10018000322746,9/6/3 oz,$71.73/$7.97,CS/BX,Cookies
Cookies Chocolate Chip Soft,10027800062707,6/12/2.2 oz,$59.53/$9.92,CS/BX,Cookies
Cookies Cinnamon Choc Chip,10857127003066,6/5 oz,$20.26,CS,Cookies
Cookies Dbl Choc Chip Mini,10018000495464,9/6/3 oz,$71.73/$7.97,CS/BX,Cookies
Cookies Dbl Choc Chip Mini,10018000495464,6/3 oz,$8.32,BX,Cookies
Cookies Grandmas Variety Pack,00028400739771,1/32 ct,$22.45,CS,Cookies
Cookies Lemon Blueberry,10857127003073,6/5 oz,$18.24,CS,Cookies
Cookies Lemon Blueberry,50857127004122,48/1.25 oz,$35.03,CS,Cookies
Cookies N Creme Drops Pouch,10034000996640,8/7.6 oz,$45.57,CS,Bag Candy
Cookies Nekot Lemon Creme,10076410903825,6/20/1.72 oz,$34.11/$5.69,CS/BX,Cookies
Cookies Orange Cranberry,10857127003110,6/5 oz,$20.26,CS,Cookies
Cookies Orange Cranberry,50857127004108,48/1.25 oz,$35.03,CS,Cookies
Cookies Oreo Most Stuff,10044000060081,4/12/3 oz,,CS/BX,Cookies
Cookies Wafer SF Low Crb,10850020433763,6/2 oz,,CS,Cookies
COOKING WINE MANJO AJI MIRIN,10011152021376,1 / 60 OZ,$27.83,CS,PANTRY
CORN BABY WHL 300/UP,10761934135059,6/#10,$70.37,CS,MISC.
Corn BBQ Love,10855596007042,10/1.6 oz,$12.44,CS,Nuts
Corn BBQ Love,10855596007011,100/.7 oz,$71.06,CS,Nuts
Corn Chips Walking Taco,00028400693943,60/1.5 oz,$44.29,CS,Large Single Serve
CORN FLAKE CRUMB,00038000070129,12/21 OZ,$36.66,CS,MISC.
Corn Habanero,10855596007080,12/4 oz,,CS,Snacks
Corn Habinero Chili,10855596007028,100/.7 oz,$71.06,CS,Nuts
CORN MEAL CREAMY YEL,00074865706728,1/25 LB,$19.28,CS,CORN MEAL
CORN MEAL YELLOW,00074865062060,1/25 LB,$18.78,CS,CORN MEAL
Corn Rstd Sea Salt Prem,10855596007066,12/4 oz,,CS,Snacks
Corn Sea Salt Roasted,10855596007035,10/1.6 oz,$12.71,CS,Nuts
CORN STARCH,10761720071325,24/1LB,$40.08,CS,PACKAGES
Corn Supersweet Whole Kernal,10024000163029,24/15.25 oz,$52.30/$2.18,CS/BX,General Grocery
CORNICHONS IN VINEGAR,10631723506011,3 / 8.8 LB,$83.95,CS,OLIVES FRUITS VEGETABLES
CornNuts Chile Picante,00071159021758,12/18/1.7 oz,$163.74,CS,Bagged Vend Size
CornNuts Chili Picante RTL,10071159076557,12/4 oz,$13.93,CS,Snacks
CornNuts Original RTL,10071159078193,12/4 oz,$13.93,CS,Snacks
CornNuts Ranch,00071159020195,12/18/1.7 oz,$163.74/$13.65,CS/BX,Bagged Vend Size
CornNuts Ranch RTL,10071159073112,12/4 oz,$13.93,CS,Snacks
Cosmic Brownie FOA,00024300895869,10/6/4 oz,$51.99/$5.20,CS/BX,Pastry
Cotton Candy - Fluffy Stuff,943901,24/3.5oz,$33.45/$1.39,Case/Each,
Cotton Candy Dr Pepper Clip,00655956012883,12/3.1 oz,$24.56,CS,Bag Candy
Cotton Candy Swirl,00655956055248,24/3.1 oz,$43.66,CS,Bag Candy
COUSCOUS GRAIN TRDTNL,00687080193893,12/12 OZ,$62.76,CS,GRAINS
COUSCOUS GRAIN TRI-COLOR,00687080220230,1/10 LB,$57.68,CS,SPECLTY FLOURS
COUSCOUS GRAIN TRI-COLOR,00687080787894,1/7.25LB,$56.60,CS,MISC.
COUSCOUS INTL,00074865634168,1/10 LB,$40.37,CS,SPECLTY FLOURS
COUSCOUS INTL MIDDLE EASTERN,00074865633987,1/8 LB,$37.62,CS,SPECLTY FLOURS
COUSCOUS INTL WHL WHEAT,00074865633994,1/10 LB,$56.14,CS,SPECLTY FLOURS
COUSCOUS TRADITIONAL,00687080072495,1/10 LB,$47.48,CS,MISC.
Cow Tales Vanilla Lay Down Box,10070622808015,12/36/1 oz,$117.88/$9.82,CS/BX,Singles-Chocolate
Cpck Chco   Crm,00753656719726,12/10/2.1 oz,$234.51/$19.54,CS/BX,Snacks
Cracker Animal Snack Sak,10044000007468,12/8 oz,$36.25,CS,Crackers
CRACKER ASSORTMENT FOR CHEESE,10059290574613,12/7.05OZ,$64.43,CS,SPECIALTIES
CRACKER ASST ENTERTAINMENT,00019320000126,4/40 OZ,$46.82,CS,BULK
CRACKER ASST MEDLEY SLEEVES,10030100377396,25/4.64OZ,$52.03,CS,BULK
CRACKER CHEDDAR CHEEZIT,10024100191328,36/3 OZ,$43.09,CS,CHSE SNAK MISC
Cracker Cheese   PB Sandwich,00079783101143,12/8/1.38 oz,$31.41/$2.62,CS/BX,Crackers
Cracker Cheese   PntBtr,00028400283885,12/8/1.42 oz,$36.10,CS,Crackers
CRACKER CHEESE & PEANUT BUTR,00030100211648,12/12 CT,$85.36,CS,PORTION CONTROL
CRACKER CHEESE DOUBLE,00024100114221,6/2.20OZ,$9.51,CS,CHSE SNAK MISC
CRACKER CHEESE DUOZ CHD/PARM,00024100577286,6/4.30OZ,$9.51,CS,CHSE SNAK MISC
CRACKER CHEESE MELT,00059290342369,12/5.3 OZ,$46.65,CS,SPECIALTIES
CRACKER CHEESE PEANUT BUTR,00028400283885,12/8 CT,$34.75,CS,PORTION CONTROL
Cracker Cheese Sandwich,10019320068345,60/1.5 oz,$32.98,CS,Crackers
Cracker Cheez It Original,00024100705627,12/7 oz,$35.54/$2.96,CS/BX,Miscellaneous
CRACKER CHEEZITS ORIG,10024100122124,6/13.3O,$24.12,CS,CHIPS CHSE SNAK
CRACKER CHEEZITS ORIG SNACK,10024100122612,60/1.5 OZ,$28.82,CS,CHIPS CHSE SNAK
CRACKER CHEEZITS WHL GRAIN,00024100792634,175/.75 OZ,$47.49,CS,CHIPS CHSE SNAK
CRACKER CHEEZITS WHT CHDR,10024100126603,60/1.5 OZ,$28.82,CS,CHIPS CHSE SNAK
CRACKER CLUB ORIGINAL,10030100053634,500/2PK,$45.01,CS,PORTION CONTROL
CRACKER CLUB ORINGAL,00030100100560,12/13.7OZ,$52.26,CS,BULK
Cracker Doritos Nacho Cheese,00028400799324,96/1.38 oz,$36.10,CS,Crackers
CRACKER GOLDFISH CHEESE BAKED,10014100054778,6/26.3OZ,$55.06,CS,CHIPS CHSE SNAK
CRACKER GRAHAM,10019320013673,200/2 PK,$25.44,CS,PORTION CONTROL
CRACKER GRAHAM CINN BUG BITES,00030100556442,210/1 OZ,$60.37,CS,PORTION CONTROL
CRACKER GRAHAM HNY MAID BULK,10019320006323,27/4.7 OZ,$29.58,CS,BULK
CRACKER GRAHAM HNY W/CALCIUM,00030100918226,150/3 CT,$33.13,CS,PORTION CONTROL
CRACKER GRAHAM HONEY,10030100202483,1/10 LB,$37.96,CS,BULK
Cracker Graham Honey Rite,10030100384066,200/2 ct,$31.08,CS,Crackers
CRACKER GRAHAM HONEY-RITE,10030100384066,200/2 PK,$25.71,CS,PORTION CONTROL
CRACKER GRAHAM ORIG BULK,10030100184314,1/30 PK,$37.96,CS,BULK
CRACKER GRAHAM SCOOBY CINN STK,00030100506898,210/1 OZ,$60.37,CS,PORTION CONTROL
CRACKER GRAHAM SUGAR HONEY,10019320013512,150/3 PK,$35.53,CS,PORTION CONTROL
Cracker Jack Original XVL,00028400675628,28/3.125 oz,$39.09,CS,Large Single Serve
Cracker Mozzarella Prosciutto,10813039021444,10/2 oz,$35.54,CS,Lunchables/Snacks
CRACKER ORIGINAL GRAHAM TIGER,10030100402135,150/1 OZ,$43.18,CS,PORTION CONTROL
CRACKER OYSTER,10030100012891,300/.5 OZ,$42.99,CS,PORTION CONTROL
CRACKER OYSTER,10030100216183,1/10 LB,$31.44,CS,BULK
Cracker Peanut Butter,10044000006782,12/3 oz,$17.63,CS,Crackers
Cracker Prem Saltine Conv Pk,10044000003828,12/4 oz,$29.71,CS,Crackers
Cracker Pretzel Spicy,10049508252143,8/2.6 oz,$10.33,CS,Snacks
CRACKER RITZ,10019320001427,20/3.8OZ,$28.78,CS,PORTION CONTROL
CRACKER SALAD WAFER,00074865027632,500/2 PAC,$38.26,CS,PORTION CONTROL
Cracker Saltine,10044000000575,12/1 lb,$47.65,CS,GENERAL PRODUCTS
CRACKER SALTINE ZESTA,10030100010088,500/2 PK,$25.41,CS,PORTION CONTROL
CRACKER SALTINE ZESTA 1525 CT,10030100214851,1/10 LB,$43.97,CS,BULK
CRACKER SALTINE ZESTA 300 CT,10030100001338,12/1 LB,$44.32,CS,BULK
CRACKER SALTINE ZESTA UNSALTD,00030100128694,500/2 CT,$40.24,CS,PORTION CONTROL
Cracker Sndwch  hot Nashville,10076410906529,14/10/1.41 oz,$48.59,CS,Snacks
CRACKER SOUR CREAM & ONION,00024100114603,6/2.20OZ,$9.51,CS,CHSE SNAK MISC
CRACKER TABLE WATER BITE SIZE,10059290573227,12/4.25OZ,$46.65,CS,SPECIALTIES
CRACKER TABLE WATER BULK PACK,10059290575337,24/4.25OZ,$58.96,CS,CRACKERS
CRACKER TABLE WTR W/SESAME,10059290573739,12/4.25OZ,$46.65,CS,BULK
CRACKER TOAST PEANUT BUTR,00028400283878,12/8 CT,$34.75,CS,PORTION CONTROL
CRACKER TOWNHOUSE BULK,10030100673559,1/7.5 LB,$46.33,CS,BULK
Cracker w Cheese,10044000002111,14/8/1.35 oz,$58.37/$4.17,CS/BX,Crackers
CRACKER WATER TABLE BITE SIZE,10059290573302,200/3 PK,$56.73,CS,SPECIALTIES
CRACKER WATER TABLE MINI PACK,10059290573067,24/2.2 OZ,$49.25,CS,CRACKERS
CRACKER WHEAT,00030100128700,500/2 CT,$57.06,CS,PORTION CONTROL
Cracker Wheat Thin Tstd Veggie,10019320000802,60/1.75 oz,$38.34,CS,Crackers
Cracker Wheat Thin Tstd Veggie,10019320000802,60/1.75 oz,$39.17,CS,Crackers
CRACKER WHEAT THINS VEGGIE TSD,10019320000802,60/1.75OZ,$36.90,CS,PORTION CONTROL
Cracker White Cheddar Cheez It,00024100116218,6/7 oz,$15.71,CS,Crackers
Crackers Cheddar Bunnies,10013562302151,12/7.5 oz,$45.34,CS,Granola Bars
Crackers Cheese   Cheddar,00030100211464,12/12/1.8 oz,$86.32/$7.19,CS/BX,Crackers
Crackers Cheese   Pnut Btr 8ct,00030100211648,12/12/1.8 oz,$86.32/$7.19,CS/BX,Crackers
Crackers Cheese Sndwch BB,10019320000710,36/3 oz,$32.29,CS,Crackers
Crackers Cheese Sndwch BB,10019320000710,36/3 oz,$32.99,CS,Crackers
Crackers Cheez It,10024100122612,60/1.5 oz,$29.24,CS,Crackers
Crackers Cheez It Big Bag,10024100123220,60/2 oz,$39.13,CS,Crackers
Crackers Cheez It Big Bag,10024100123220,60/2 oz,$38.31,CS,Crackers
Crackers Cheez It Ched Jack,00024100203604,6/3 oz,$7.62,BX,Crackers
Crackers Cheez It Ched Jack,00024100203604,6/6/3 oz,$44.77/$7.46,CS/BX,Crackers
Crackers Cheez It Cheddar Jack,00024100204175,6/7 oz,$15.71,CS,Crackers
Crackers Cheez It Double Chs,00024100577200,6/3.5 oz,$10.09,CS,Crackers
Crackers Cheez It Double Chs,00024100577200,6/3.5 oz,$9.88,CS,Crackers
Crackers Cheez It Hot Spicy,00024100372782,6/3 oz,$7.62,BX,Crackers
Crackers Cheez It Hot Spicy,00024100372782,6/6/3 oz,$44.77/$7.46,CS/BX,Crackers
Crackers Cheez It Orig,00024100122349,8/1.5 oz,$5.52,BX,Crackers
Crackers Cheez It Orig,00024100204083,6/7 oz,$15.71,CS,Crackers
Crackers Cheez It Orig,00024100219124,60/3 oz,$52.98,CS,Crackers
Crackers Cheez It Orig Club,10024100717177,45/1.5 oz,$17.04,CS,Crackers
Crackers Cheez It Orig Peg Bag,10024100191328,6/3 oz,$7.62,BX,Crackers
Crackers Cheez It Orig Peg Bag,10024100191328,6/6/3 oz,$44.77/$7.46,CS/BX,Crackers
Crackers Cheez It Original,00024100939954,6/12ct,$43.28,CS,Seasonal
Crackers Cheez It Red Fat,10024100122261,60/1.5 oz,$29.24,CS,Crackers
Crackers Cheez It White Cheddr,00024100126545,6/8/1.5 oz,$32.41/$5.40,CS/BX,Crackers
Crackers Cheez It Whole Grain,00024100104802,60/1 oz,$18.90,CS,Crackers
Crackers Cheez It Whole Grain,00024100104802,60/1 oz,$18.50,CS,Crackers
Crackers Cheez It Wht Ched BBB,10024100134349,60/2 oz,$38.31,CS,Crackers
Crackers Cheez It Wht Cheddarr,00024100315321,6/3 oz,$7.62,BX,Crackers
Crackers Cheez It Wht Cheddarr,00024100315321,6/6/3 oz,$44.77/$7.46,CS/BX,Crackers
Crackers Chs Toastchee PnBtr,10076410901296,6/20/1.52 oz,$34.11/$5.69,CS/BX,Crackers
Crackers Club N Cheddar,00030100211617,12/12/1.8 oz,$86.32/$7.19,CS/BX,Crackers
Crackers Club Original,00030100100560,12/13.7 oz,$54.30,CS,Crackers
Crackers Cream Cheese Chives,10076410901852,6/20/1.375 oz,$34.11/$5.69,CS/BX,Crackers
Crackers Duoz Sharp Cheddar,00024100577286,6/4.3 oz,$10.09,CS,Crackers
Crackers Duoz Sharp Cheddar,00024100577286,6/4.3 oz,$9.88,CS,Crackers
Crackers Honey Grahams 2pk,10019320013680,200/.49 oz,$26.44,CS,Crackers
Crackers Original,10044000031128,6/10.3 oz,$26.80,CS,Crackers
Crackers Peanut Butter   Toast,00030100211662,12/12/1.8 oz,$86.32/$7.19,CS/BX,Crackers
Crackers Peanut Butter Sndwchh,10044000002104,8/1.38 oz,$4.26,BX,Crackers
Crackers Premium Unsalted,10044000000551,12/16 oz,$46.91,CS,Crackers
Crackers Ritz Bits Cheese,10044000006775,12/3 oz,$18.01,CS,Crackers
Crackers Ritz Bits Cheese,10044000006775,12/3 oz,$17.63,CS,Crackers
Crackers Salted Pack,10044000034242,12/3.47 oz,$29.71,CS,Crackers
Crackers Sandwich Grilled Chs,10076410901876,6/20/1.375 oz,$34.11,CS,Crackers
Crackers Toast Peanut Butter,00028400283878,12/8/1.42 oz,$36.10,CS,Crackers
Crackers Toasty Peanut Butter,10076410901289,6/20/1.29 oz,$34.11/$5.69,CS/BX,Crackers
Crackers Toasty PntBttr Sndwch,00079783101150,12/8/1.38 oz,$31.41/$2.62,CS/BX,Crackers
Craisins Strawberry,00031200234452,200/1.16 oz,$52.11,CS,Snack Mixes
Cranberry Almond Delight,10077034084426,12/6oz,$38.37,CS,Nuts
CRANBERRY DRIED CRAISINS,00031200219923,2/48 OZ,$17.74,CS,BERRIES
Crckrs ChzIt Grvs Shrp WtChddr,00024100936472,6/3.25 oz,$10.09,CS,Crackers
Crckrs ChzIt Grvs Shrp WtChddr,00024100936472,6/3.25 oz,$9.88,CS,Crackers
Crckrs ChzIt Grvs Zsty ChdRnch,00024100936465,6/3.25 oz,$10.09,CS,Crackers
Crckrs ChzIt Grvs Zsty ChdRnch,00024100936465,6/3.25 oz,$9.88,CS,Crackers
CREAM CULINARY BUTR ALTERNATE,00074826730021,2/5 LB,$46.45,CS,MISC
"CREAMER BULK H/W (d,s) 50LB",10840825025706,1/50 LB,$195.81,CS,TABLE SERVICE
CREAMER BYD DAIRY BASE(d)6/2LB,10840825032810,6/2 LB,$79.91,CS,TABLE SERVICE
CREAMER CINN N/D(ds) 15OZ/12CS,10840825004961,1/15 OZ,$2.83,EA,TABLE SERVICE
CREAMER COFFEE CANSTR,00050000558827,12/11 OZ,$21.32,CS,REGULAR POWDER
CREAMER COFFEE NONDAIRY PWDR,10050000300225,1000/3G,$39.43,CS,MISC.
CREAMER FR VAN (ds) 2/4LT,10818228000705,2/4 LTR,$53.71,CS,TABLE SERVICE
CREAMER FR VAN N/D(ds)15OZ12CS,10840825004978,1/15 OZ,$2.83,EA,TABLE SERVICE
CREAMER FR VAN N/D(ds)15OZ12CS,00041490991119,/15 OZ,$5.87,EA,TABLE SERVICE
CREAMER H/W (ds ) 27OZ/12CS,10840825002257,1/27 OZ,$9.03,EA,TABLE SERVICE
CREAMER HALF&HALF (d) 2/4LT,10818228000651,2/4 LTR,$52.38,CS,TABLE SERVICE
CREAMER HAZELNUT(d) 2/4LT,00818228000692,2/4 LTR,$69.20,CS,TABLE SERVICE
CREAMER HAZL N/D(ds) 15OZ/12CS,10840825004985,1/15 OZ,$2.83,EA,TABLE SERVICE
CREAMER HZLN N/D(ds) 15OZ/12CS,00041490991126,/15 OZ,$5.87,EA,TABLE SERVICE
"CREAMER IND (d,s) 100CT/10CS",10840825000123,1/100 CT,$6.67,EA,TABLE SERVICE
CREAMER LIQ FRCH VAN (d)192CT,10041271025597,1/192 CT,$24.40,CS,TABLE SERVICE
CREAMER LIQ HAZELNUT (d)192CT,10041271025610,1/192 CT,$24.40,CS,TABLE SERVICE
CREAMER LIQ IRISH CRM(d)288CT,10041271025443,1/288 CT,$30.44,CS,TABLE SERVICE
CREAMER LIQ PMPKN SPC(d) 192CT,10041271024217,1/192 CT,$25.97,CS,TABLE SERVICE
CREAMER LQ HERSHY CHC(d)288CT,10041271021094,1/288 CT,$30.44,CS,TABLE SERVICE
Creamer Milk Powder Pure,00785357205321,12/1 lb,$81.76,CS,Miscellaneous
CREAMER N/D FBC (ds)14OZ/12CS,10840825011969,12/14 OZ,$4.83,EA,TABLE SERVICE
Creamer ND Canister Am Flag,10086631454754,24/12 oz,$40.28,CS,Ind Proprietary
CREAMER PS FR VAN (ds) 6/2LB,,6/2 LB,$61.50,CS,TABLE SERVICE
CREAMER PS PLAIN (d) 6/1.5LB,00094265991043,6/1.5 LB,$47.60,CS,TABLE SERVICE
CREAMER SHAKER (ds) 12OZ/12CS,10840825006385,1/12 OZ,$3.43,EA,TABLE SERVICE
Creamer Topping Frothy,00070461101448,6/16 oz,$24.93,CS,Miscellaneous
CREAMER VEND N/D(ds) 16OZ/24CS,18408250065319,1/1 LB,$4.32,EA,TABLE SERVICE
Crisp Ranch,00030100128717,6/2 oz,$9.88,CS,Snacks
Crisp Rice Caramel Corn Mini,10030000433819,60/.91 oz,$39.14,CS,Miscellaneous
Crisps Chocolate Dark Quinoa,20810070170305,12/3 oz,$37.24,CS,Snacks
Crisps Chocolate Milk Quinoa,20810070170299,12/3 oz,$37.24,CS,Snacks
Crisps Sour Cream Onion,30851562007027,12/1.6 oz,$15.83,CS,Snacks
CRMR ID ASEP ORIG (ds) 192CT,20036632071358,1/192 CT,$30.44,CS,TABLE SERVICE
Crnch Popper Frstd Brownie,00038000299308,8/6/2.1 oz,$79.03/$9.88,CS/BX,Snacks
Croissant Chicken Colby Cheese,30044500002592,24/100.9 gm,$53.18,CS,Breakfast
Croissant Chocolate SS,00048794201012,4/6/2.65 oz,$31.56/$7.89,CS/BX,Snacks
Croissant Ham Egg   Cheese,00041433008867,10/4.4 oz,$30.39,CS,Breakfast
Croissant Ham Egg Cheese,10077900513319,12/3.9 oz,$22.62,CS,Breakfast
Croissant Sausage Egg   Cheese,10077900118026,24/4.5 oz,$38.20,CS,Breakfast
Croissant Sausage Egg Cheese,30077900000769,8/9 oz,$24.90,CS,Breakfast
Croissant Strawberry   Vanilla,00816374020304,4/6/2.65 oz,$31.56,CS,Snacks
Croissant Vanilla SS,00048794202026,4/6/2.65 oz,$30.99/$7.75,CS/BX,Snacks
Crunch Bar Share Pack,00099900713165,8/18/2.75 oz,$279.95/$34.99,CS/BX,Big Block/King Size
Crunch Bar Single,00028000131708,10/36/1.55 oz,$425.70/$42.57,CS/BX,Singles-Chocolate
CUP ART ECOTAINER 12OZ 1000CT,10840825030007,1/1000 CT,$163.51,CS,TABLE SERVICE
CUP ART ECOTAINER 16OZ 1000CT,10840825030014,1/1000 CT,$207.99,CS,TABLE SERVICE
CUP ART ECOTAINER 20OZ 800CT,10840825030021,1/800 CT,$195.35,CS,TABLE SERVICE
CUP ART ECOTAINER 24OZ 500CT,50794297918555,1/500 CT,$182.59,CS,TABLE SERVICE
CUP BYD HOT RPL 12OZ 20/50CT,10840825033169,1/1000 CT,$122.66,CS,TABLE SERVICE
CUP BYD HOT RPL 16OZ 20/50CT,10840825033176,20/50 CT,$152.06,CS,TABLE SERVICE
CUP BYD HOT RPL 20OZ 20/30CT,10840825033183,20/30 CT,$176.22,CS,TABLE SERVICE
CUP CAFE HOT RPL 12OZ 20/50CT,10840825033244,20/50 CT,$185.60,CS,TABLE SERVICE
CUP CAFE HOT RPL 16OZ 20/50CT,10840825033251,20/50 CT,$226.64,CS,TABLE SERVICE
CUP CAFE HOT RPL 20OZ 20/30CT,10840825033268,1/600 CT,$176.24,CS,TABLE SERVICE
CUP COLD CLEAR 16OZ 1000CT,00041165033083,1000/16 OZ,$198.29,CS,TABLE SERVICE
CUP COLD CLEAR 24OZ 600CT,00041165277371,600/24 OZ,$169.56,CS,TABLE SERVICE
CUP DUOWALL INDV WRP 10OZ,,IND-D10PC-KN 500/CS,$161.33,CS,TABLE SERVICE
CUP DUOWALL SUP 12OZ  600CT,10840825029605,1/600 CT,$193.61,CS,TABLE SERVICE
CUP DUOWALL SUP 20OZ  600CT,10840825029629,1/600 CT,$233.50,CS,TABLE SERVICE
CUP DUOWALL WHITE 12OZ 600CT,,1/600 CT,$211.91,CS,TABLE SERVICE
Cup Nodles Stir Fry Teri chick,00070662424056,6/3 oz,$7.99,CS,Soup
CUP OLD WORLD 12OZÂ600CT,50794297754405,1/600 CT,$182.79,CS,TABLE SERVICE
CUP OLD WORLD 16OZ 600CT,50794297752494,1/600 CT,$192.44,CS,TABLE SERVICE
CUP OLD WORLD 20OZ 600CT,50794297780961,1/600 CT,$237.69,CS,TABLE SERVICE
CUP OLD WORLD 24OZÂ500CT,50794297898741,1/500 CT,$185.18,CS,TABLE SERVICE
CUP PAPER 12OZ  1000CT,50794297725764,1000/12 OZ,$117.92,CS,TABLE SERVICE
CUP PAPER 16OZ  1000CT,50794297723555,1000/16 OZ,$163.80,CS,TABLE SERVICE
Cup Paper 16oz French Fry,00022361870658,1/1000 ct,$144.08,CS,MISC FOOD
CUP PAPER 20OZ  800CT,50794297738320,800/20 OZ,$151.56,CS,TABLE SERVICE
CUP PAPER WHITE 12OZ 1000CT,50794297531389,1/1000 CT,$117.92,CS,TABLE SERVICE
CUP PAPER WHITE 16OZ 1000CT,50794297687598,1/1000 CT,$163.80,CS,TABLE SERVICE
CUP PAPER WHITE 20OZ 800CT,50797297549728,1/800 CT,$151.56,CS,TABLE SERVICE
CUP PAPER WHITE 24OZ  500CT,50794297612132,1/500 CT,$129.55,CS,TABLE SERVICE
CUP STYRO 10OZ  1000CT,00041594200087,1/1000 CT,$153.81,CS,TABLE SERVICE
CUP STYRO 12OZ  25CT/40CS,00041594200094,1/25 CT,$4.25,EA,TABLE SERVICE
CUP STYRO 8OZ  1000CT,00041594200070,1000/8 OZ,$86.81,CS,TABLE SERVICE
CUP STYRO W/LOGO 12OZ  1000CT,00041165253344,1000/12 OZ,$165.47,CS,TABLE SERVICE
CUP STYRO W/LOGO 16OZ  750CT,00041165253375,750/16 OZ,$152.59,CS,TABLE SERVICE
CUP STYRO W/LOGO 20OZ  750CT,00041165253412,750/20 OZ,$210.69,CS,TABLE SERVICE
CUP STYRO W/LOGO 24OZ  600CT,00041165253429,1/600 CT,$212.62,CS,TABLE SERVICE
Cupcake Choco PButter FOA 2ct,20072250013844,6/6/4 oz,$50.81/$8.47,CS/BX,Pastry
Cupcake Chocolate 2ct FOA,00072250915892,6/6/4 oz,$29.40/$4.90,CS/BX,Pastry
Cupcake Chocolate 2ct FOA,30888109020010,6/6/3.17 oz,$52.95,CS,Pastry
Cupcake Chocolate 2ct FOA,30888109302239,6/6/3.17 oz,$28.75/$4.79,CS/BX,Pastry
Curls Jalapeno,30072600061430,60/1.23 oz,$36.25,CS,Bagged Vend Size
Curls Stubbs Sticky Sweet,30072600061362,60/1.25 oz,$36.25,CS,Bagged Vend Size
CURRY PASTE RED BASE,70000000000009,3/35 OZ,$52.75,CS,MISC.
Danish Apple Round FOA,10888109800397,6/6/4 oz,$31.22/$5.20,CS/BX,Pastry
Danish Cheese Round FOA,10888109800410,6/6/4 oz,$31.22/$5.20,CS/BX,Pastry
Danish Claw Apple FOA,10888109800250,6/6/4.25 oz,$31.22/$5.20,CS/BX,Pastry
Danish Claw Blubry Cheese Fz,10888109800199,6/6/4.25 oz,$31.22/$5.20,CS/BX,Pastry
Danish Claw Chry Cheese Fz,10888109800236,6/6/4.25 oz,$31.22/$5.20,CS/BX,Pastry
Dark Choc Chry   Almond Mini,10850025501283,9/24ct,$225.13,CS,Cookies
Dark Chocolate Medley,10077034011071,12/4.5 oz,$36.38,CS,Snack Mixes
DATE PITTED,07879840401222,1/5#,$22.26,CS,DATES
Dates Peanut Butter Filled,00850022121203,40/.60 oz,$28.43,CS,Snacks
Dayquil Liquicaps,10323900014425,4/6/16 ct,$233.52/$58.38,CS/BX,Miscellaneous
Dayquil Severe Cold   Flu,00323900042605,4/8/1 oz,$87.45,CS,Miscellaneous
DESSERT BAR MSHMLW CHEWY I/W,10749017023158,40/2.1 OZ,$48.32,CS,DESSERT
DESSERT BAR MSHMLW CHWY MANIFS,10749017040629,40/2.1 OZ,$56.87,CS,DESSERT
DESSERT BAR MSHMLW GLUTEN FREE,10749017023073,8/1 LB,$68.83,CS,DESSERT
Dip Bean,00028400150668,24/3.125 oz,$25.95,CS,Miscellaneous
DIP BEAN FRITOS ORIG,00028400150668,24/3.12OZ,$24.98,CS,MISC.
Dip Nacho Cheese Cup,00028400479035,30/3.625 oz,$40.50,CS,Miscellaneous
Dip Ranch Cup,00028400479073,30/3.7 oz,$41.90,CS,Condiments
Dip Spinach Artichoke,10046704049409,8/8 oz,$40.32,CS,Miscellaneous
DIP SPINACH ARTICHOKE FRZN,10013800305081,4/64 OZ,$52.21,CS,MISC.
Dippin Stix Apple W  Pnt Buttr,10649632413368,6/6/2.75 oz,$54.63/$9.11,CS/BX,Lunchables/Snacks
Dippin Stix Apple With Caramel,10649632410367,6/6/2.75 oz,$54.63/$9.11,CS/BX,Lunchables/Snacks
Dippin Stix Carrot Ranch,10649632414365,6/6/2.75 oz,$54.63/$9.11,CS/BX,Lunchables/Snacks
Display Case Guacachip w Chs,00078907450310,12/3 oz,$18.87,CS,Miscellaneous
Donettes Crunch FOA,30888109212347,6/9.5 oz,$17.30,CS,Pastry
Donut Chocolate Mini FOA,20072250030629,6/12/3.3 oz,$57.95/$9.66,CS/BX,Pastry
Donut Crunch Mini FOA,10072250030875,6/12/3.4oz,$55.43/$9.24,CS/BX,Pastry
Donut Glazed Yeast,20850049917296,20/6.2 oz,$69.85,CS,Pastry
Donut Powdered Mini FOA,20072250030636,6/12/3 oz,$55.43/$9.24,CS/BX,Pastry
Donut Variety Mini FOA,00072250030939,6/12/3.23oz,$70.05/$11.68,CS/BX,Pastry
Donuts Double Choc Mini SS,30888109020843,6/10/3 oz,$89.58/$14.93,CS/BX,Pastry
Donuts Gems Chocolate 6ct FOA,30888109021529,6/10/3 oz,$89.58,CS,Pastry
Donuts Gems Chocolate 6ct FOA,30888109302338,6/10/3 oz,$47.92/$7.99,CS/BX,Pastry
Donuts Gems Crunch 6ct FOA,30888109020188,6/10/4 oz,$89.58,CS,Pastry
Donuts Gems Crunch 6ct FOA,30888109302352,6/10/4 oz,$47.92/$7.99,CS/BX,Pastry
Donuts Gems Glazed 6ct FOA,30888109302291,6/10/3.7 oz,$47.92/$7.99,CS/BX,Pastry
Donuts Gems Powdered 6ct FOA,30888109302345,6/10/3 oz,$47.92/$7.99,CS/BX,Pastry
Doritos Chile Lime XVL,00028400491518,32/3.5 oz,$44.67,CS,Bulk Snacks
Doritos Chips Spcy Swt Chli RF,00028400490931,72/1 oz,$34.10,CS,Bagged Vend Size
Doritos Chips Tort CoolRnchXVL,00028400362894,24/2.5 oz,$31.50/$1.31,CS/BX,Bulk Snacks
Doritos Chips Tort NchoChs XVL,00028400362948,24/2.5 oz,$33.50/$1.40,CS/BX,Bulk Snacks
Doritos Cool Ranch,00028400111379,104/1 oz,$49.25,CS,Bagged Vend Size
Doritos Cool Ranch LSS,00028400443746,64/1.75 oz,$47.69,CS,Large Single Serve
Doritos Cool Ranch Minis,00028400758802,12/1.95 oz,$22.39,CS,Bagged Vend Size
Doritos Cool Ranch Reduced Fat,00028400360968,72/1 oz,$34.10,CS,Bagged Vend Size
Doritos Flamas RedFat WG,00028400628297,72/1 oz,$34.10,CS,Bagged Vend Size
Doritos Flamin Hot,00028400219723,64/1.75 oz,,CS,Bagged Vend Size
Doritos Flamin Hot Nachos XVL,00028400362931,24/2.50 oz,$33.50/$1.40,CS/BX,Bulk Snacks
Doritos Nacho Cheese,00028400326292,50/1 oz,$22.02,CS,Bagged Vend Size
Doritos Nacho Cheese LSS,00028400443753,64/1.75 oz,$47.69,CS,Large Single Serve
Doritos Nacho Cheese Minis,00028400758796,12/1.95 oz,$22.39,CS,Bagged Vend Size
Doritos Nacho Cheesier,00028400111423,104/1 oz,$49.25,CS,Bagged Vend Size
Doritos Nacho RedFat,00028400317481,72/1 oz,$34.10,CS,Bagged Vend Size
Doritos Nacho Top N  Go,00028400669801,18/2.5 oz,$30.60,CS,Bulk Snacks
Doritos Spicy Sweet Chili LSS,00028400443791,64/1.75 oz,$47.69,CS,Large Single Serve
Doritos White Nacho RF Whl Grn,00028400676090,72/1 oz,$34.10,CS,Bagged Vend Size
DOT'S,943951,,$3.09,1,
Dot's pretxels,943929,,$3.09,1,
Double Chocolate Brownie 12 ct,00047495420708,7/12/1.59 oz,$73.88,CS,Granola Bars
Dough Cookie Choc Chip RTB,10018000817785,12/16 oz,$60.48,CS,Miscellaneous
DOUGH COOKIE OATMEAL RSN VEGAN,10681400387358,210/1.5OZ,$59.28,CS,RAW DGH-PIECES
Dough Cookie Sugar,10018000817723,12/16 oz,$60.48,CS,Miscellaneous
Dove Bar Dark Choco Singles,10040000459856,12/18/1.44 oz,$265.22/$22.10,CS/BX,Singles-Chocolate
Dove Bar Milk Choco Singles,10040000459849,12/18/1.44 oz,$265.22/$22.10,CS/BX,Singles-Chocolate
Dreamies FOA,00072250915830,6/8/2.8 oz,$45.02/$7.50,CS/BX,Pastry
Dreamies Raspberry FOA,00072250915977,6/8/4 oz,$45.02/$7.50,CS/BX,Pastry
DRESSING 1000 ISLD,10021000671189,60/1.5 OZ,$20.91,CS,REGULAR
DRESSING 1000 ISLD FTFR,10041335325069,60/1.5OZ,$19.25,CS,FAT FREE
DRESSING BALSAMIC VINEGARETTE,10041335095511,4/1GAL,$55.37,CS,VINAIGRETTE
DRESSING BALSAMIC VINGRET,10041335374203,60/1.5 OZ,$19.76,CS,MISC.
DRESSING BALSAMIC VINGRT,10021000011480,60/1.5 OZ,$22.53,CS,REGULAR
DRESSING BLUE CHEESE,10021000671196,60/1.5 OZ,$26.42,CS,REGULAR
DRESSING BLUE CHEESE CHUNKY,10041335086519,4/1 GAL,$80.92/$20.23,CS/EA,BLEU CHEESE
DRESSING CAESAR CREAMY,10021000011497,60/1.5OZ,$23.28,CS,REGULAR
DRESSING CAESAR SPECIAL,10041335072819,4/1 GAL,$66.59,CS,CAESAR
DRESSING FRENCH CAL FTFR,10041335080913,4/1 GAL,$54.43,CS,FRENCH
DRESSING GREEK WITH FETA,10041335094910,4/1GAL,$66.64,CS,GREEK
DRESSING HONEY DIJON,10041335065118,4/1 GAL,$69.40,CS,HONEY MUSTARD
DRESSING HONEY MUST,10021000011527,60/1.5 OZ,$25.89,CS,REGULAR
DRESSING HONEY MUST,10048001256832,6/32 OZ,$42.50,CS,HONEY MUSTARD
DRESSING HONEY MUST DSPNSR PAK,10013000980453,2/1.5GAL,$52.75,CS,HONEY
DRESSING ITAL GLDN,10041335085819,4/1 GAL,$50.63,CS,ITALIAN
DRESSING ITAL GOLDEN,10021000671219,60/1.5 OZ,$19.53,CS,REGULAR
DRESSING ITALIAN FAT FREE,10021000667533,60/1.5 OZ,$21.25,CS,FAT FREE
DRESSING MIX ITAL,10043000846060,12/7.6 OZ,$68.33,CS,MISC.
DRESSING MIX RANCH,10043000846268,20/3.35OZ,$43.63,CS,MISC.
Dressing Ranch Buttermilk,10021000643995,4/1 gal,$89.41,CS,Condiments
DRESSING RANCH CRMY,10021000671202,60/1.5 OZ,$19.39,CS,REGULAR
DRESSING RANCH CUP,10013000714805,100/.75 OZ,$27.96,CS,REGULAR
DRESSING RANCH EZ POUR,10048001256702,6/32 OZ,$40.72,CS,BUTTRMILK/RANCH
DRESSING RANCH FAT FREE,00021000667505,60/1.5 OZ,$25.78,CS,FAT FREE
DRESSING RANCH FAT FREE,10021000649621,200/7/16OZ,$21.12,CS,FAT FREE
DRESSING RANCH HOMESTYLE,10041335077715,4/1 GAL,$58.26,CS,MISC.
DRESSING RANCH LITE,10041335060816,4/1 GAL,$59.93,CS,RED CALORIE
DRESSING RANCH POUCH,00021000649693,200/7/16,$22.59,CS,REGULAR
DRESSING RANCH POUCH DSPNSR,10013000980422,2/1.5GAL,$56.75,CS,BUTTRMILK/RANCH
DRESSING RASPBERRY VGR FRFT,10041335063015,4/1 GAL,$58.74,CS,VINAIGRETTE
DRESSING RASPBERRY VINGRT F/F,10041335063091,60/1.5 OZ,$20.31,CS,FAT FREE
DRESSING SALAD MIR WHIP,10021000633163,4/1 GAL,$87.05,CS,REGULAR
DRESSING SESAME ASIAN,10041335061912,4/1 GAL,$72.22,CS,ORIENTAL
Dresssing Hidden Valley Ranch,10071100005506,12/8 oz,$31.77/$2.65,CS/BX,General Grocery
Dried Fruit Apple,30185889000387,24/1 oz,$37.24,CS,Miscellaneous Snack
DRINK CADDY CATERAID 1GAL 50CT,,1/50 CT,$97.21,CS,TABLE SERVICE
Drink Energy Sparkl Blue Lemn,60748927060630,12/12 oz,$19.54,CS,Miscellaneous
Drink Energy Sparkling Grape,60748927060623,12/12 oz,$19.54,CS,Miscellaneous
Drink Energy Strawberry Sparkl,60748927060609,12/12 oz,$19.54,CS,Miscellaneous
Drink Green Tea Grapefruit Mln,00889392010732,12/12 oz,$29.13,CS,Miscellaneous
Drink Kiwi Strawberry Stick,10052000010883,12/10/.08 oz,$77.66/$6.47,CS/BX,Powder Drinks
Drink Milk Chocolate PET,00811620020428,12/14 oz,$25.49,CS,Miscellaneous
Drink OTG Fruit Punch,10043000000066,4/30/.11 oz,$42.10/$10.53,CS/BX,Powder Drinks
Drink OTG Iced Tea,10043000007577,4/30/.08 oz,$42.91/$10.73,CS/BX,Powder Drinks
Drink OTG Lemonade,10043000007966,4/30/.17 oz,$42.10/$10.53,CS/BX,Powder Drinks
Drink OTG Peach Tea,10043000007973,4/30/.09 oz,$42.10/$10.53,CS/BX,Powder Drinks
Drink OTG Rasp Lemonade,10043000000158,4/30/.11 oz,$42.10,CS,Powder Drinks
Drink OTG Raspberry Ice,10043000007980,4/30/.08 oz,$42.10/$10.53,CS/BX,Powder Drinks
Drink OTG Sunrise,10043000005047,4/30/.16 oz,$42.10/$10.53,CS/BX,Powder Drinks
Drink OTG Wild Strwbrry Energy,10043000009267,4/30/.13 oz,$42.10/$10.53,CS/BX,Powder Drinks
Drink Passion Fruit Powder,10851741008155,12/8/.56 oz,$129.65/$10.80,CS/BX,Powder Drinks
Drink Powder Berry Stick,10052000010876,12/10/.08 oz,$77.66/$6.47,CS/BX,Powder Drinks
Drink Powder Lemon Lime Single,30863737000139,12/8/.56 oz,$129.65/$10.80,CS/BX,Powder Drinks
Drink Powder Lemon Stick,10052000010906,12/10/.08 oz,$77.66/$6.47,CS/BX,Powder Drinks
Drink Powder Strawberry Single,10850021474055,12/8/.56 oz,$129.65/$10.80,CS/BX,Powder Drinks
Drink Powder Watermelon Single,10850021474062,12/8/.56 oz,$129.65/$10.80,CS/BX,Powder Drinks
Drink Raspberry Lemonade Pwdr,10052000010890,12/10/.08 oz,$77.66/$6.47,CS/BX,Powder Drinks
Drink Sparkling Grape Rush,00889392000580,12/12 oz,$22.51,CS,Miscellaneous
Drink Sparkling Kiwi Guava,00889392010138,12/12 oz,$29.13,CS,Miscellaneous
Drink Sparkling Orange,00889392000559,12/12 oz,$29.13,CS,Miscellaneous
Drink Sparkling Vibe Variety,00889392000719,2/12/12 oz,$58.25,CS,Miscellaneous
Drink Sparkling Watermelon,00889392003611,12/12 oz,$29.13,CS,Miscellaneous
Drink Sparkling Wild Berry,00889392000573,12/12 oz,$29.13,CS,Miscellaneous
Drink Sprkling Strawbery Guava,00889392021264,12/12 oz,$29.13,CS,Miscellaneous
Drink Stick Berry Cherry,00850067550167,12/6/.22 oz,$113.32,CS,Powder Drinks
Drink Stick Blueberry Lemonade,00850067550150,12/6/.22 oz,$113.32,CS,Powder Drinks
Drink Stick Strawberry Lemonad,00850067550174,12/6/.22 oz,$113.32,CS,Powder Drinks
Drink Strawbery Watermelon,00052000058680,8/6/.35 oz,$75.60/$9.45,CS/BX,Powder Drinks
Drnk Enrgy Sprklng Artic Berry,00889392021257,12/12 oz,$29.13,CS,Miscellaneous
Drnk Enrgy Sprklng StrwbryLemn,00889392021332,12/12 oz,$29.13,CS,Miscellaneous
Dryer Sheet Soft,10037000958601,15/15 ct,$15.75/$1.05,CS/BX,Miscellaneous
Dumpling Chicken   Veggie,10807176540784,9/6.6 oz,$27.57,CS,Miscellaneous
Dumplings Crispy Bulg Chicken,10807176714314,12/7.7 oz,,CS,Miscellaneous
Easy Mac Chs Orig XL Cup,10021000025760,8/4.1 oz,$19.52,CS,Hot Food - Canned
Edamame Dry Roasted Light Salt,20711575007113,12/12/1.58 oz,$85.28/$7.11,CS/BX,Miscellaneous Snack
Eggo Waffles Homestyle 10ct,00038000178672,8/12.3 oz,$24.02,CS,Miscellaneous
EMPANADA CHICKEN K717,00745378717005,100 / 1 OZ,$108.24,CS,PREPARED FOODS
EMPANADA CHICKEN ROPA VIEJA  K7172,00745378717203,100 / 0.95 OZ,$134.84,CS,PREPARED FOODS
EMPANADA VEGETABLE  K716,00745378716008,100 / 1 OZ,$106.97,CS,PREPARED FOODS
Energy Drink Tropical Vibe,00889392021271,12/12 oz,$29.13,CS,Miscellaneous
Energy Drink Watermelon Spark,60748927060616,12/12 oz,$19.54,CS,Miscellaneous
Eng Drk Sprklng Fuji ApplePear,00889392010183,12/12 oz,$29.13,CS,Miscellaneous
Eng Drk Sprklng Peach Vibe,00889392010435,12/12 oz,$29.13,CS,Miscellaneous
Extra Polar Ice,10022000276121,8/6/35 Stk,$149.53/$18.69,CS/BX,Gum & Mints
EXTRACT ALMOND,70000000000009,1/18OZ,$21.16,CS,MISC.
EXTRACT BANANA IMITATION,10052100306244,1/16OZ,$9.42,EA,MISC.
EXTRACT COCONUT IMIT,10052100306299,1/16OZ,$18.14,EA,MISC.
EXTRACT LEMON PURE PET,10734730047468,1/16OZ,$15.20,EA,MISC.
EXTRACT VANILLA PURE,10074865252208,1/16OZ,$32.47,EA,MISC.
Eye Drop Clr Eyes,20792554700942,6/8/0.2 oz,,CS/BX,Miscellaneous
Fanta Cherry Limeade FCB,00004900099484,1/2.5 gal,$79.68,CS,Syrup
FARRO SEMIPEARLED ITALY,10041224721422,4 / 3 LB,$62.01,CS,PANTRY
Fastbreak KS,20034000203509,8/18/3.5 oz,$329.07/$41.13,CS/BX,Big Block/King Size
FBC 100% COLO 6/5LB,10025869147069,1/5 LB,$64.10,EA,FARMER BROS BRAND
FBC 100% COLO DARK 6/5LB,10025869147090,1/5 LB,$64.25,EA,FARMER BROS BRAND
FBC BRKFST BLD 6/5LB,10025869147007,1/5 LB,$46.80,EA,FARMER BROS BRAND
FBC DARK ROAST 6/5LB,10025869147045,1/5 LB,$59.50,EA,FARMER BROS BRAND
FBC DCF 100% COLO 6/5LB,10025869147076,1/5 LB,$56.55,EA,FARMER BROS BRAND
FBC DCF COL BLD FLTP 200/.5OZ,10840825033459,200/.5 OZ,$144.85,CS,FARMER BROS BRAND
FBC DCF COL BLD FLTP 300/.25OZ,10840825033442,300/.25 OZ,$189.55,CS,FARMER BROS BRAND
FBC DCF HOUSE BLEND 6/5LB,10025869147083,1/5 LB,$55.35,EA,FARMER BROS BRAND
FBC GR 100% COLO 48/8OZ,10025869146901,48/8 OZ,$310.32,CS,FARMER BROS BRAND
FBC GR 100% COLO 6/5LB,10025869147052,1/5 LB,$48.70,EA,FARMER BROS BRAND
FBC GR 100% COLO 96/2.5OZ,10025869146826,96/2.5 OZ,$193.35,CS,FARMER BROS BRAND
FBC GR BRKFST BLD 24/14OZ,10025869146864,24/14 OZ,$215.25,CS,FARMER BROS BRAND
FBC GR BRKFST BLD 48/8OZ,10025869146857,48/8 OZ,$248.16,CS,FARMER BROS BRAND
FBC GR BRKFST BLD 6/5LB,10025869146772,1/5 LB,$53.55,EA,FARMER BROS BRAND
FBC GR BRKFST BLD 96/2.5OZ,10025869146819,96/2.5 OZ,$154.20,CS,FARMER BROS BRAND
FBC GR BRKFST BLD FP 40/2OZ,10840825032995,40/2 OZ,$51.70,CS,FBC
FBC GR DARK ROAST 48/8OZ,10025869146895,48/8 OZ,$286.56,CS,FARMER BROS BRAND
FBC GR DARK ROAST 88/3OZ,10025869146963,88/3 OZ,$200.64,CS,FARMER BROS BRAND
FBC GR DARK ROAST 96/2.5OZ,10025869146802,96/2.5 OZ,$166.05,CS,FARMER BROS BRAND
FBC GR DCF 100% COLO 48/8OZ,10025869146918,48/8 OZ,$259.68,CS,FARMER BROS BRAND
FBC GR DCF 100% COLO 88/2.5OZ,10025869146833,88/2.5 OZ,$186.31,CS,FARMER BROS BRAND
FBC GR DCF 100% COLO 96/2OZ,10025869146987,96/2 OZ,$162.24,CS,FARMER BROS BRAND
FBC GR DCF HOUSE BLD 48/8OZ,10025869146925,48/8 OZ,$266.88,CS,FARMER BROS BRAND
FBC GR DCF HOUSE BLD 88/2.5OZ,10025869146840,88/2.5 OZ,$150.70,CS,FARMER BROS BRAND
FBC GR DCF HOUSE BLD 96/2OZ,10025869146994,96/2 OZ,$133.56,CS,FARMER BROS BRAND
FBC GR DCF HSE BL FP 40/1.75OZ,10840825033008,40/1.75 OZ,$48.96,CS,FBC
FBC GR DCF HSE BLD 24/14OZ,10025869146932,24/14OZ,$9.71,EA,FARMER BROS BRAND
FBC GR HOUSE BLD 6/5LB,10025869147014,1/5 LB,$49.15,EA,FARMER BROS BRAND
FBC GR HOUSE BLD 64/6OZ,10025869146871,64/6 OZ,$237.12,CS,FARMER BROS BRAND
FBC GR HOUSE BLD FP 29/3/1.5OZ,10840825033015,87/1.5 OZ,$85.22,CS,FBC
FBC GR SIG ARABICA 48/8OZ,10025869146888,48/8 OZ,$284.40,CS,FARMER BROS BRAND
FBC GR SIG ARABICA 6/5LB,10025869147038,1/5 LB,$59.00,EA,FARMER BROS BRAND
FBC GR SIG ARABICA 88/3OZ,10025869146956,88/3 OZ,$201.63,CS,FARMER BROS BRAND
FBC GR SIG ARABICA 96/2.5OZ,10025869146796,96/2.5 OZ,$177.90,CS,FARMER BROS BRAND
FBC HOUSE BLD 6/5LB,10025869147021,1/5 LB,$49.15,EA,FARMER BROS BRAND
FBC HSE BLD FLTP 200/.5OZ,10840825033435,200/.5 OZ,$114.99,CS,FARMER BROS BRAND
FBC HSE BLD FLTP 300/.25OZ,10840825033428,300/.25 OZ,$123.27,CS,FARMER BROS BRAND
FBC SIG ARABICA 6/5LB,10025869146789,1/5 LB,$59.65,EA,FARMER BROS BRAND
Ferrero Rocher T8,10009800120083,8/3.5 oz,$30.65,CS,Box Candy
FETA/SUNDRIED TOMATO PHYLLO 746 (FILLO),00745378746005,200 / 0.7 OZ,$174.21,CS,PREPARED FOODS
Fig Newtons,10044000078345,4/10/2 oz,$26.53/$6.63,CS/BX,Snacks
FILTER COFFEE 50CT 60/CS,10072504026661,1/50 CT,$3.22,EA,GOURMET CUP BRAND
FILTER SYSIII 15X5.5 500 CT,00071287805442,2/25O CT,$31.84,CS,TABLE SERVICE
Fir Wok Hot spicy Sesame Shrim,00070662195024,6/4.55 oz,$11.10,CS,Soup
First Aid KiT,20792554702205,8/6 ct,$78.52/$9.82,CS/BX,Miscellaneous
Fitzels Pretzel Every Bagel,00787692230822,8/3 oz,$16.58,CS,Large Single Serve
Fitzels Pretzel Mustard,00787692230839,8/3 oz,$16.58,CS,Large Single Serve
Fitzels Pretzel Pizza,00787692230815,8/3 oz,$16.58,CS,Large Single Serve
Five Flavor Bags,10019000085013,12/6.25 oz,$23.33/$1.94,CS/BX,Gum & Mints
Five Flavor Hard Candy,10022000280982,6/50 oz,$63.85/$10.64,CS/BX,Bulk Candy
Flamin Hot Variety Mix LLS,00028400499309,2/30 ct,$44.06/$22.03,CS/BX,Large Single Serve
Flapjack Protein Blubrry Maple,10705599011945,12/2.16 oz,$23.69,CS,Miscellaneous
Flapjack Protein Buttermilk Mp,10705599011969,12/2.15 oz,$23.69,CS,Miscellaneous
FLATBREAD FIG AND GOAT CHEESE K8348,00745378834801,120 / 0.58 OZ,$146.58,CS,PREPARED FOODS
FLATBREAD OLIVE OIL & SEL GRIS,10756963400018,12 / 6 OZ,$72.74,CS,BAKERY
FLATBREAD SWEET ONION & CREME FRAICHE,10756963400025,12 / 6 OZ,$72.74,CS,BAKERY
FLAVOR CONC ANCHO,00074826680067,6/14.4Z,$52.46,CS,OTHER
FLAVOR CONC CHIPOTLE GF PPR,00074826686069,6/14.4OZ,$55.46,CS,SPECIALTY
FLAVOR CONC RSTD GRLC GF,00074826142060,6/1 LB,$63.95,CS,MISC.
FLOUR ALL PURP 44,10016000529813,1/50 LB,$16.85,CS,SPECLTY FLOURS
FLOUR ALL PURP H&R BL EN MT,00734730239576,1/25LB,$11.91,CS,BREAD/ROLLS
FLOUR ALL PURP H&R MEDLLN,10016000544250,2/25 LB,$16.26,CS,BREAD/ROLLS
FLOUR H&R,10070233001751,1/50 LB,$20.91,CS,BREAD/ROLLS
FLOUR H&R ALL PURP ENRICH BLCH,10016000162454,1/25 LB,$9.09,CS,BREAD/ROLLS
FLOUR H&R ALL PURPOSE,10016000143149,1/50 LB,$16.03,CS,MISC.
FLOUR HI-GLTN BL EN MTBR13.6+%,00734730239347,1/50LB,$21.60,CS,SPECLTY FLOURS
FLOUR HI-GLUTEN BL EN MT BR,00889356181751,1/25 LB,$11.71,CS,SPECLTY FLOURS
FLOUR PIZZA 00 BLUE PIZZERIA,08014601250315,1/25KG,$53.52,CS,PIZZA
FLOUR RICE,10016000570068,1/50 LB,$21.58,CS,SPECLTY FLOURS
FLOUR RICE WHT,00072806555619,1/50 LB,$47.48,CS,SPECLTY FLOURS
FLOUR SELF RISE BL EN SOFT,00889356181782,1/25 LB,$11.91,CS,MISC.
FLOUR SEMOLINA UNBLCH,10016000531625,1/50 LB,$23.43,CS,SPECLTY FLOURS
Foa Glazed Blueberry Donut,30072250007765,6/12/2.75 oz,$67.19/$11.20,CS/BX,Pastry
Foa Glazed Donut Stks 2pk,30072250004337,6/12/2.75 oz,$67.19/$11.20,CS/BX,Pastry
FORK PLASTIC  1000CT,,1/1000 CT,$59.69,CS,TABLE SERVICE
Frank s Redhot Hot Sauce Packe,10041500854059,200/7 gm,$13.59,CS,Condiments
French Fries Extra Crinkle MW,10013120012515,12/4.75 oz,$15.91,CS,Miscellaneous
Fresh Mint T100 Singles 1 7oz,10009800003843,24/12/1.7OZ,$540.26/$22.51,CS/BX,Gum & Mints
Fries Ched Fiery Heirloom,10850059885045,24/1 oz,$29.28,CS,Snacks
Fries Cheddar Unpriced Andy,20026200496157,12/3 oz,$11.43,CS,Bagged Vend Size
Fries Funnel Cake 3 8  X 4,10073321045309,1/600 ct,$62.47,CS,Miscellaneous
Fries Hot,00026200471679,72/.85 oz,$19.53,CS,Bagged Vend Size
Fries Hot Chesters Crisps XVL,00028400363167,28/2.625 oz,$39.09,CS,Bulk Snacks
Fries Hot LSS,00028400443944,64/1.75 oz,$47.69,CS,Large Single Serve
Fries Hot Vend,20026200471727,48/1.5 oz,$26.36,CS,Bagged Vend Size
Fritos Flamin Hot XVL,00028400358255,36/3.25 oz,,CS/BX,Bulk Snacks
Fritos Scoops Original TopNGo,00028400669788,18/3.5 oz,$30.60,CS,Bulk Snacks
Frosted Birthday Cake Cookie,10888849012197,12/8/1.76 oz,$211.49/$17.62,CS/BX,Cookies
FROZEN CAR MACCHIA (d) 8/1.5LB,10840825029049,8/1.5 LB,$74.12,CS,FARMER BROS BRAND
FROZEN HI REV MCHA (d) 8/1.5LB,10840825029056,8/1.5 LB,$77.71,CS,FARMER BROS BRAND
Fruit Berry Patch Bunny,10013562114952,8/4.5 oz,$28.81,CS,Bag Candy
Fruit Bowl Mandarin Orange,10038900742062,12/7 oz,$18.33,CS,Snak-Paks(Fruit&Pud)
Fruit Bowl Mixed Fruit,10038900719248,12/7 oz,$17.19/$1.43,CS/BX,Snak-Paks(Fruit&Pud)
Fruit Bowl Sliced Peaches,10038900719668,12/7 oz,$17.19,CS,Snak-Paks(Fruit&Pud)
Fruit Dried Mango,30185889000127,24/1 oz,$37.24,CS,Miscellaneous Snack
Fruit Dried Mango Peices,10850052997585,2/12/1 oz,$29.14,CS,Snacks
Fruit Dried Pineapple Pcs,10850052997578,2/12/.8 oz,$29.14,CS,Snacks
Fruit Gushers Flavor Mixes,10016000493626,6/8/4.25 oz,$86.23/$14.37,CS/BX,Bag Candy
Fruit Gushers Tropical,10016000170312,8/4.25 oz,$15.54,BX,Bag Candy
Fruit Gushers Tropical,10016000170312,6/8/4.25 oz,$86.23/$14.37,CS/BX,Bag Candy
fruit gushers tropical,943950,need pack type,$89.68,Case,
Fruit Jerky Banana Cacao,00856261006271,6/12/.8 oz,$82.72,CS,Snacks
Fruit Jerky Mango w  Chili,20856261006794,6/12/0.8 oz,$91.25,CS,Snacks
Fruit Juice Burst Mixed,10041420081214,48/2.25 oz,$30.08,CS,Bag Candy
FRUIT LIME DRIED ROUNDS 256CT,00760948601034,1/1 LB,$52.37,CS,MIX FRUIT
Fruit Mandarin Orng 100  Juice,10024000507915,12/7 oz,$24.70,CS,Lunchables/Snacks
Fruit Mango Jerky Organic,00856261006233,12/.8 oz,$15.54,BX,Snacks
Fruit Mango Jerky Organic,00856261006233,6/12/.8 oz,$91.25/$15.21,CS/BX,Snacks
Fruit Mango Strips,00856261006233,6/5 oz,$31.56,CS,Snacks
Fruit Mango Whip,10071202003363,24/3.6 oz,$36.99,CS,Miscellaneous
FRUIT MIX BOWL IN JUICE,10038900030657,36/4 OZ,$23.64,CS,MISC
FRUIT MIX DRIED APPLE ORGNC GF,20185889000335,30/1.23OZ,$83.96,CS,MIX FRUIT
FRUIT MIX TROPICAL FRT JCE BWL,10038900030480,36/4 OZ,$23.64,CS,MISC
Fruit Mixed Snacks,10034856050985,12/5 oz,$18.73,CS,Concessions
Fruit Mixed Snacks,10034856050985,12/5 oz,$17.60,CS,Concessions
Fruit N Yogurt Strawberry,10034856124860,12/4 oz,$20.20,CS,Bag Candy
Fruit Pch Mix Ban Pnapl Mango,10185889000703,12/2.8 oz,$40.37,CS,Miscellaneous Snack
Fruit Pch Mix Ban Pnapl Mango,10185889000703,12/2.8 oz,$39.52,CS,Miscellaneous Snack
Fruit Peach Chnks Naturals ELS,10024000507878,12/7 oz,$21.34,CS,Lunchables/Snacks
Fruit Pineapple Jerky Organic,00856261006257,12/.8 oz,$15.54,BX,Snacks
Fruit Pineapple Jerky Organic,00856261006257,6/12/.8 oz,$91.25/$15.21,CS/BX,Snacks
Fruit Pineapple Whip,10071202003349,24/3.6 oz,$36.99,CS,Miscellaneous
Fruit Red Grpfrt Naturals ELS,10024000507854,12/7 oz,$21.34,CS,Lunchables/Snacks
Fruit Snack Berries Cherry,10034856050923,12/5 oz,$17.60,CS,Concessions
Fruit Snack Fruit Island,10034856050916,12/5 oz,$17.60,CS,Concessions
Fruit Snack Island Strawberry,00041420067877,6/30/0.5 oz,$102.34,CS,Miscellaneous Snack
Fruit Snack Mixed,00613008753047,12/5 oz,$16.58,CS,Miscellaneous
Fruit Snack Mixed,10034856863981,9/8 oz,$23.54,CS,Bag Candy
Fruit Snack Mixed Fruit,10034856028984,48/2.25 oz,$34.13,CS,Bag Candy
Fruit Snack Mixed Fruit,10034856825187,250/.8 oz,$62.47,CS,Bag Candy
Fruit Snack Mixed Fruit USDA,10034856144981,144/1.55 oz,$70.40,CS,Bag Candy
Fruit Snack Mixed Welch s,10034856425080,48/4.25 oz,$70.40,CS,Bag Candy
Fruit Snack Strawberry,10034856050961,12/5 oz,$17.60,CS,Concessions
Fruit Snacks Island Fruits,10034856250910,250/.5 oz,$40.60,CS,Bag Candy
Fruit Snacks Mixed Berry,10041420054751,48/2.5 oz,$29.54,CS,Bag Candy
FRUIT STRAWBERRY IN DRK CHOC,00850241008200,12/2.1 OZ,$25.03,CS,BAKE NEEDS-MISC
Fruit Tangerine Crnbry Sweetie,10074329123105,12/2.25 oz,$17.55,CS,Miscellaneous
Fudge Round,00024300098505,16/12/1.19 OZ,$53.00,CS,Pastry
Funyuns Onion Hot LSS,00028400490108,64/1.25 oz,$47.69,CS,Large Single Serve
Funyuns Onion Hot XVL,00028400363204,24/1.875 oz,$33.50/$1.40,CS/BX,Bulk Snacks
Funyuns Onion Snack LSS,00028400443999,64/1.25 oz,$47.69,CS,Large Single Serve
Funyuns Onion Snacks XVL,00028400363174,24/1.875 oz,$33.50/$1.40,CS/BX,Bulk Snacks
Funyuns Queso XVL,00028400728409,24/1.875 oz,$33.50,CS,Bulk Snacks
GARDEN MEDLEY SPICY GREEK,10631723308004,2 / 5 LB,$81.95,CS,PANTRY
Gardetto s Original,00016000148680,7/5.5 oz,$18.49,CS,Bulk Snacks
Gardetto s Pizzeria,00016000148413,7/5 oz,$18.49,CS,Bulk Snacks
Gardetto s Spicy Italian,10016000170138,7/5.5 oz,$18.49,CS,Bulk Snacks
Gardettos Cheddar Chipotle 7ct,00016000148673,7/5.5 oz,$18.49,CS,Bulk Snacks
Gardettos Crisps Original,00016000144842,7/3 oz,$17.11,CS,Large Single Serve
Gardettos Crisps Original,00016000144842,7/3 oz,$15.34,CS,Large Single Serve
Gardettos Crisps PeppercornRnc,00016000144859,7/3 oz,$15.34,CS,Large Single Serve
Gardettos Orig Snak Ens XLSS,00016000147409,36/2.5 oz,$31.85,CS,Large Single Serve
GARLIC CLOVE RSTD FRZN BAG,10631723730003,3/4#,$113.78,CS,PROCESSED
Gems Chocolate Coated,10857484006281,6/5 oz,$25.77,CS,Count Goods
Genoa Salami Sliced Snack,10813039020195,30/1.5 oz,$78.67,CS,Lunchables/Snacks
GINGER PICKLED,70000000000009,1/5 LB,$39.33,CS,VEG-MISC
GLAZE BALSAMIC,10074865952856,6/12.9OZ,$20.00,CS,MISC
Go Go  keto Mix,10824295140459,14/1.85 oz,$22.19,CS,Nuts
Go Go keto Mix,10824295140459,14/1.85 oz,$21.72,CS,Nuts
Go Go Keto Mix,10824295137596,30/1.85 oz,$44.42,CS,Nuts
GOAT CHEESE & HONEY PHYLLO TRIANGLE K736,00745378736013,200 / .75 OZ,$207.20,CS,PREPARED FOODS
Gold Bears Share Bag,00042238305366,18/3.5 oz,$22.11,CS,Bag Candy
Goldfish Cracker Cheddar Chse,10014100135392,72/1.5 oz,$32.41,CS,Bagged Vend Size
Goldfish Cracker Cheddar Chse,10014100156830,72/2.25 oz,$43.89,CS,Large Single Serve
Goobers Video Pack,00099900683758,15/3.5 oz,$20.13,CS,Box Candy
GRAIN QUINOA & ANCNT GRN BLEND,00687080567496,1/10 LB,$67.83,CS,MISC.
GRAIN QUINOA BLEND TRI COLOR,00687080787870,1/8 LB,$45.11,CS,MISC.
GRAIN QUINOA BLK,00687080046786,1/10#,$65.34,CS,MISC.
GRAIN QUINOA ORGANIC BLK,00687080479416,1/10 LB,$70.45,CS,MISC.
GRAIN QUINOA ORGANIC RED,00687080479362,1/10 LB,$78.09,CS,MISC.
GRAIN QUINOA RED,00687080260724,1/25 LB,$138.45,CS,MISC.
GRAIN SPCLTY BARLEY PEARLED,00074865643177,1/10 LB,$38.47,CS,MISC.
GRAIN SPCLTY BARLEY PEARLED,00687080193275,12/12 OZ,$51.13,CS,BARLEY
GRAIN SPCLTY BLEND WHL ANCIENT,00687080541915,1/10 LB,$55.57,CS,MISC.
GRAIN SPCLTY BULGHUR,00074865634052,1/10 LB,$36.37,CS,SPECLTY FLOURS
GRAIN SPCLTY BULGHUR,00074865718325,1/25 LB,$63.73,CS,SPECLTY FLOURS
GRAIN SPCLTY CHIA SEED BLK,00687080469998,1/10 LB,$81.17,CS,MISC.
GRAIN SPCLTY CHIA SEED BLK,00687080475951,1/1.5 LB,$29.87,CS,MISC.
GRAIN SPCLTY FARRO ORGANIC,00687080474411,1/10 LB,$65.04,CS,MISC.
GRAIN SPCLTY ORZO SPINACH,00687080346114,1/10 LB,$34.09,CS,SPEC PASTA MISC
GRAIN SPCLTY ORZO TOMATO,00687080346121,1/10 LB,$53.47,CS,SPEC PASTA MISC
GRAIN SPCLTY WHEATBERRIES,00074865643269,1/10 LB,$42.64,CS,CORN MEAL
GRAIN SPECIALTY QUINOA RED,00687080260717,1/10 LB,$67.09,CS,MISC.
GRAIN WHEAT FARRO,00687080349238,12/12 OZ,$71.93,CS,MISC.
GRAIN WHEAT WHOLE FARRO,00687080349245,1/10LB,$66.40,CS,SPECLTY FLOURS
Granola Bar PeanutBtr Dark Chc,00602652296697,10/.74 oz,$8.80,BX,Granola Bars
Granola Fruit   Nut,10856416000014,6/1/12 oz,$23.38/$3.90,CS/BX,Cereal
Grape Peanut Butter,00829262004799,4/12/2.1 oz,$46.62,CS,Granola Bars
GRAVY SAUSAGE COUNTRY RTU,10050000052285,6/#10,$81.70,CS,LIQUID
Grits Instant Pack Variety,10030000568597,12/12 oz,$50.99,CS,General Grocery
Guacamole   Tostitos Rolls,10040822343890,12/2.8 oz,,CS,Lunchables/Snacks
Guacamole Mini Individual,10616112031503,8/4/2 oz,$31.86/$3.98,CS/BX,Lunchables/Snacks
Gum 5 Ascent IC,10022000247886,12/10/15 stk,$193.73/$16.14,CS/BX,Gum & Mints
Gum Big Red Slim Pack,10022000217377,12/10/15 stk,$145.98/$12.17,CS/BX,Gum & Mints
Gum Black Cherry Bottle,20034000701517,12/6/3.24 oz,$259.49/$21.62,CS/BX,Gum & Mints
Gum Bubble Original 5pc,20034000711141,8/18/1.4 oz,$98.23/$12.28,CS/BX,Gum & Mints
Gum Bubblemint,10022000214895,12/12/14 Stk,$175.18/$14.60,CS/BX,Gum & Mints
Gum Cobalt Slim Pack,10022000212655,12/10/15 stk,$193.73/$16.14,CS/BX,Gum & Mints
Gum Cool Mint,10022000285505,12/10/15 pc,$294.69/$24.56,CS/BX,Seasonal
Gum Cotton Candy Flavored,20034000711554,8/18/1.4 oz,$98.23/$12.28,CS/BX,Gum & Mints
Gum Doublemint Megapak,10022000260762,8/6/35 Stk,$127.15/$15.89,CS/BX,Gum & Mints
Gum Doublemint Slim Pack,10022000217353,12/10/15 stk,$145.98/$12.17,CS/BX,Gum & Mints
Gum Extra Berry Mixed,10022000282375,4/6/40 pcs,$84.86/$21.22,CS/BX,Gum & Mints
Gum Extra Mint Mix,10022000282344,4/6/40 pcs,$84.86/$21.22,CS/BX,Gum & Mints
Gum Extra Pink Lemonade 15Stck,00022000292803,12/10/15 Stk,$148.71/$12.39,CS/BX,Gum & Mints
Gum Five Cobalt,10022000276138,8/6/35 Stk,$188.82/$23.60,CS/BX,Gum & Mints
Gum Five Flood,10022000219470,12/10/15 stk,$193.73/$16.14,CS/BX,Gum & Mints
Gum Five Rain,10022000276145,8/6/35 Stk,$188.82/$23.60,CS/BX,Gum & Mints
Gum Hubba Bubba Max Origl 5 pc,10022000205831,8/18/1.44 oz,$96.60/$12.08,CS/BX,Gum & Mints
Gum Ice Breakers Crystal,20034000706147,12/6/3.24 oz,$259.49/$21.62,CS/BX,Gum & Mints
Gum Ice Breakers Duo Wtrmln,20034000723892,24/8/1.3 oz,$434.39/$18.10,CS/BX,Gum & Mints
Gum Ice Breakers IC Peppermint,00034000701230,4/3.24 oz,$15.34,BX,Gum & Mints
Gum Ice Breakers IC Peppermint,00034000701230,8/4/3.24 oz,$115.33/$14.42,CS/BX,Gum & Mints
Gum Ice Cubes Cinnamon Bottle,00034000701315,8/4/3.24 oz,$115.33/$14.42,CS/BX,Gum & Mints
Gum IceBreaker IC Cubes Bubble,00034000701292,8/4/3.24 oz,$115.33/$14.42,CS/BX,Gum & Mints
Gum IceBreaker IC Spearmint,00034000701247,8/4/3.24 oz,$115.33/$14.42,CS/BX,Gum & Mints
Gum IceBrkr IC Cube RaspSorbet,00034000701261,8/4/3.24 oz,$115.33/$14.42,CS/BX,Gum & Mints
Gum Juicy Fruit Original,10022000249125,8/18/5 stk,$96.60/$12.08,CS/BX,Gum & Mints
Gum Juicy Fruit Slim Pack,10022000217360,12/10/15 stk,$145.98/$12.17,CS/BX,Gum & Mints
Gum Kiwi Watermelon Bottle,20034000701135,12/6/3.24 oz,$259.49/$21.62,CS/BX,Gum & Mints
Gum Mentos Pure Fresh Mint,00073390636203,12/10/1 oz,$184.18/$15.35,CS/BX,Gum & Mints
Gum Mentos Pure Fresh Spearmnt,00073390903169,12/10/1.06 oz,$184.18/$15.35,CS/BX,Gum & Mints
Gum Mentos Pure Fresh Sprmnt,00073390084448,6/4/3.53 oz,,CS/BX,Gum & Mints
Gum Mini Skittles Flavor,10022000295665,4/6 ct,$84.86/$21.22,CS/BX,Gum & Mints
Gum Mints Sweet,10022000214833,12/14 stk,$15.54,BX,Gum & Mints
Gum Mints Sweet,10022000214833,12/12/14 stk,$175.18/$14.60,CS/BX,Gum & Mints
Gum Orbit Peppermint Soft,10022000253467,4/4/2.96 oz,$56.58/$14.15,CS/BX,Gum & Mints
Gum Orbit SF Spearmint,10022000214840,12/14 Stk,$15.54,BX,Gum & Mints
Gum Orbit SF Spearmint,10022000214840,12/12/14 Stk,$175.18/$14.60,CS/BX,Gum & Mints
Gum Orbit SF Wintermint,10022000214888,12/14 stk,$15.54,BX,Gum & Mints
Gum Orbit SF Wintermint,10022000214888,12/12/14 stk,$175.18/$14.60,CS/BX,Gum & Mints
Gum Orbit Spearmint White,10022000253290,4/4/2.96 oz,$56.58/$14.15,CS/BX,Gum & Mints
Gum Peppermint 35 Stick,10022000255607,8/6/4.6 oz,$149.53/$18.69,CS/BX,Gum & Mints
Gum Peppermint Bottle Pack,20034000701029,6/3.24 oz,$23.01,BX,Gum & Mints
Gum Peppermint Mega Pack 30PC,10022000283853,8/6 ct,$127.15/$15.89,CS/BX,Gum & Mints
Gum Peppermint Slim Pack,10022000220353,12/10/15 stk,$148.71/$12.39,CS/BX,Gum & Mints
Gum Polar Ice Slim Pack,10022000220360,12/10/15 stk,$148.71/$12.39,CS/BX,Gum & Mints
Gum Pomegranate Watermelon,10022000285567,12/10/15 pc,$294.69/$24.56,CS/BX,Seasonal
Gum Prsm Elec Wtrmln Slim Pack,10022000234367,12/10/15 stk,$193.73/$16.14,CS/BX,Gum & Mints
Gum Pure Fresh Bottle,00073390089184,6/6/3.53 oz,$132.61/$22.10,CS/BX,Gum & Mints
Gum Pure Fresh Mint Big Bottle,00073390084356,6/6/3.53 oz,$132.61/$22.10,CS/BX,Gum & Mints
Gum Pure Fresh Sprmnt Bg Bttl,00073390084363,6/6/3.53 oz,$132.61/$22.10,CS/BX,Gum & Mints
Gum Pure Wht SweetMint CurvyBt,00073390084509,6/6/3.53 oz,$132.61/$22.10,CS/BX,Gum & Mints
Gum Rain Slim Pack,10022000212679,12/10/15 stk,$193.73/$16.14,CS/BX,Gum & Mints
Gum Raspberry Lemonade Wallet,00073390157258,12/12/1.19 oz,,CS/BX,Gum & Mints
Gum React Mint Slim Pack,10022000231144,12/10/15 stk,$193.73/$16.14,CS/BX,Gum & Mints
Gum Red FruitLimeTrp CurvyBtl,00073390874971,6/6/3.53 oz,$132.61/$22.10,CS/BX,Gum & Mints
Gum Refresher Polar Ice,10022000261486,4/6/40 pc,$84.86/$21.22,CS/BX,Gum & Mints
Gum SF Peppermint,10022000214864,12/14 stk,$15.54,BX,Gum & Mints
Gum SF Peppermint,10022000214864,12/12/14 stk,$175.18/$14.60,CS/BX,Gum & Mints
Gum Sour Blue Raspberry,10022000290158,8/18/1.41 oz,$96.60/$12.08,CS/BX,Gum & Mints
Gum Spearmint,10022000237948,18/8/.08 oz,$175.18/$9.73,CS/BX,Gum & Mints
Gum Spearmint,10022000276114,8/6/35 stk,$149.53/$18.69,CS/BX,Gum & Mints
Gum Spearmint Big E,10022000226652,4/4/1 oz,$56.58/$14.15,CS/BX,Gum & Mints
Gum Spearmint Mega Pack 30PC,10022000283884,8/6 ct,$127.15/$15.89,CS/BX,Gum & Mints
Gum Spearmint Refreshers,10022000261479,4/6/40 pc,$84.86/$21.22,CS/BX,Gum & Mints
Gum Spearmint Slim Pack,10022000220377,10/15 stk,$13.19,BX,Gum & Mints
Gum Spearmint Slim Pack,10022000220377,12/10/15 stk,$148.71/$12.39,CS/BX,Gum & Mints
Gum Spearmint Slim Pk 15 Stick,10022000217346,12/10/15 stk,$145.98/$12.17,CS/BX,Gum & Mints
Gum Strawberry Lemonade Cubes,20034000402599,12/6/3.24 oz,$259.49/$21.62,CS/BX,Gum & Mints
Gum Sweet Watermelon Slim Pk,10022000220346,12/10/15 stk,$148.71/$12.39,CS/BX,Gum & Mints
Gum Tape Sour Blue Raspberry,10022000215823,12/12/2 oz,$175.18/$14.60,CS/BX,Gum & Mints
Gum Trdnt Mint Sweet Twist 14p,10073390050358,12/12/14 pc,$165.35/$13.78,CS/BX,Gum & Mints
Gum Trdnt Watermelon Twist 14p,10073390050228,12/12/14 pc,$165.35/$13.78,CS/BX,Gum & Mints
Gum Trident Bubble Gum 14pc,10073390050280,12/12/14 pc,$165.35/$13.78,CS/BX,Gum & Mints
Gum Trident Original 14pc,10073390050204,12/12/14 pc,$165.35/$13.78,CS/BX,Gum & Mints
Gum Trident Spearmint,10073390050174,12/12/14 pc,$165.35/$13.78,CS/BX,Gum & Mints
Gum TridentTropical Twist 14pc,10073390050211,12/12/14 pc,$165.35/$13.78,CS/BX,Gum & Mints
Gum Tropical Punch,10022000285536,12/10/15 pc,$294.69/$24.56,CS/BX,Seasonal
Gum Watermelon Fresh Bottle,00073390089054,6/6/3.53 oz,$132.61/$22.10,CS/BX,Gum & Mints
Gum Wild Berry Coolmint SFree,20034000702064,12/6/3.24 oz,$259.49/$21.62,CS/BX,Gum & Mints
Gum Winterfresh Slim Pack,10022000217384,12/10/15 stk,$145.98/$12.17,CS/BX,Gum & Mints
Gum Winterfresh Slim Pk,10022000220247,12/10/15 stk,$148.71/$12.39,CS/BX,Gum & Mints
Gum Winterfrost,10022000237818,18/8/.08 oz,$175.18/$9.73,CS/BX,Gum & Mints
Gum Winterfrost Big E,10022000226683,4/4/1 oz,$56.58/$14.15,CS/BX,Gum & Mints
Gum Wintergreen Coolmint SFree,20034000702040,12/6/3.24 oz,$259.49/$21.62,CS/BX,Gum & Mints
GUMBO FILE GROUND SASSAFRAS,,1 / 12 OZ,$13.33,CS,PANTRY
Gummi Bears 12 Flavor,10634418533484,12/7.5 oz,$23.20,CS,Bag Candy
Gummi Bears 12 Flavor,10634418534504,12/3.5 oz,$10.78,CS,Bag Candy
Gummi Bears Gold Peg Bag,00042238302402,12/4 oz,$16.56,CS,Seasonal
Gummi Bears Gold Peg Bag,00042238302402,12/4 oz,$15.56,CS,Seasonal
Gummi Bears Gold Sour,00042238312203,12/4.5 oz,$15.56,CS,Bag Candy
Gummi Candy Sour S Ghetti,00042238358881,12/5 oz,$15.56,CS,Bag Candy
Gummi Gold Bears,10042238302201,12/5 oz,$15.56,CS,Bag Candy
Gummi Happy Cola,00042238323636,12/5 oz,$15.56,CS,Bag Candy
Gummi Mini Worms 12 Flavor,10634418533507,12/7.5 oz,$23.20,CS,Bag Candy
Gummi Sour Sqworms Nuclear Wrm,10034856024634,6/24/2 oz,$116.50/$19.42,CS/BX,Singles-Non-Chocolat
Gummi Twin Snakes,00042238340923,12/4 oz,$15.56,CS,Seasonal
Gummi Worms Peg Bag,00073380360293,12/5 oz,$12.96,CS,Bag Candy
Gummies 5 Flavor Peg,10019000083422,12/7 oz,$23.33,CS,Bag Candy
Gummies 5 Flavor Share Size,10022000242805,6/15/4.2 oz,$176.00/$29.33,CS/BX,Big Block/King Size
Gummies Bears 12 Flavor Mini,10634418533798,200/1 oz,$50.03,CS,Bag Candy
Gummies Collisions Peg Bag,10022000238358,12/7 oz,$23.33,CS,Bag Candy
Gummies Fruit Kids Pack,00655956004222,300/.9 oz,$65.94,CS,Concessions
Gummies Gold Bears,00042238302549,8/10 oz,$22.83,CS,Bag Candy
Gummies Jolly Rancher Box,10010700858402,11/3.5 oz,$14.76,CS,Box Candy
Gummies Neon Peg Bag,10022000253283,12/7 oz,$23.33,CS,Bag Candy
Gummies Original Sharesize,10022000298697,6/15/3 oz,$176.00/$29.33,CS/BX,Singles-Non-Chocolat
Gummies Peaches,00422383808514,12/5 oz,$15.56,CS,Bag Candy
Gummies Smurfs,00042238305014,12/4 oz,$15.56,CS,Seasonal
Gummies Sour Worm Orig Factory,10034856027338,48/4.5 oz,$42.57,CS,Bag Candy
Gummies Sours Peg Bag,10019000170498,12/7 oz,$23.33,CS,Bag Candy
Gummies Sweet Fish,10669809200218,6/12/1.8 oz,$166.99/$27.83,CS/BX,Bag Candy
Gummies Twin Snakes,00042238377547,12/5 oz,$15.56,CS,Miscellaneous
Gummies Watermelon,00042238723337,12/4.1 oz,$15.56,CS,Bag Candy
Gummies Watermelon Bites,10669809200812,6/12/1.8 oz,$166.99/$27.83,CS/BX,Bag Candy
Gummies Wildberry Peg Bag,10019000083446,12/7 oz,$23.33,CS,Bag Candy
Gummy Bears,10041420080842,8/6 oz,$17.65,CS,Bag Candy
Gummy Bears Snack Pack,,64/2 oz,$61.12,CS,Bag Candy
Gummy Bears Tajin,00087076899066,12/2 oz,$13.65,CS,Bag Candy
Gummy Cluster Very Berry,00779200060557,6/8 oz,$25.58,CS,Count Goods
Gummy Clusters Treat Size,00079200050597,300/.5 oz,,CS,Bag Candy
Gummy Clusters Verry Berry,10079200060692,4/12/3 oz,$92.78/$23.20,CS/BX,Bag Candy
Gummy Fruit Splitz,10079200074590,12/5 oz,$25.87,CS,Bag Candy
Gummy Goldbears Wild Berry,00042238726246,12/5 oz,$15.56,CS,Bag Candy
Gummy Lifesavers Fruit Rings,10022000303018,12/7 oz,$23.33,CS,Bag Candy
Gummy Mango Rings Tajin,00087076899042,12/2.25 oz,$13.65,CS,Bag Candy
Gummy Orange   Berry,10010700703658,12/6.2 oz,,CS,Bag Candy
Gummy Sour Streamers,00042238750043,12/4.5 oz,$15.56,CS,Bag Candy
Gummy Unicorn I Licious,00042238725171,12/4 oz,$15.56,CS,Bag Candy
Gummy Verry Berry Cluster,10079200060678,12/5 oz,$26.47,CS,Bag Candy
Gushers Blue Rapberry Bluebrry,10016000236155,6/8/4.25 oz,$86.23/$14.37,CS/BX,Bag Candy
Gushers Super Sour Berry,10016000135519,6/8/4.25 oz,$86.23/$14.37,CS/BX,Bag Candy
Gushers Super Sour Berry,10016000135519,8/4.25 oz,$15.54,BX,Bag Candy
Gushers Tropical,10016000223766,6/18/1.9 oz,$122.18/$20.36,CS/BX,Singles-Non-Chocolat
GYOZA WRAPPER 3.5 INCHES,,12 / 10 OZ,$54.50,CS,PANTRY
Halls Cherry Bag,00312546621824,4/12/30 ct,$115.15/$28.79,CS/BX,Gum & Mints
Halls Cherry Sticks,00312546624764,24/20/9 pc,$496.60/$20.69,CS/BX,Gum & Mints
Hard Candy Party Bag,10010700156775,6/50 oz,$63.85/$10.64,CS/BX,Bag Candy
Harvest Snap,943687,,$2.08,1,
Heartzels Whole Grain,00028400159401,104/.7 oz,$49.25,CS,Bagged Vend Size
Heath Bar,20010700061472,24/18/1.4 oz,$564.82/$23.53,CS/BX,Singles-Chocolate
Heath Bar Chocolate KS,20010700060659,4/18/2.8 oz,$164.54/$41.14,CS/BX,Big Block/King Size
Hershey Almond KS,20034000221008,12/18/2.6 oz,$493.60/$41.13,CS/BX,Big Block/King Size
Hershey Almond RTL,20034000241006,12/36/1.45 oz,$564.82/$47.07,CS/BX,Singles-Chocolate
Hershey Bar Standard SHIP,00034000207176,144/ct,$188.27,CS,Seasonal
Hershey Bar Whatchamacalit KS,20034000229004,8/18/2.6 oz,$329.07/$41.13,CS/BX,Big Block/King Size
Hershey Bark Peg,10034000454973,12/3.1 oz,$31.11,CS,Bag Candy
Hershey Milk Choc KS,20034000220001,12/18/2.6 oz,$493.60/$41.13,CS/BX,Big Block/King Size
Hershey Milk Chocolate Bar 6pk,10034000290052,24/9.3 oz,$188.27,CS,Miscellaneous
Hershey Milk Chocolate RTL,20034000240009,36/1.55 oz,$50.09,BX,Count Goods
Hershey Milk Chocolate RTL,20034000240009,12/36/1.55 oz,$564.82/$47.07,CS/BX,Count Goods
Hershey Popped Snack Mix PegBg,10034000254023,12/4 oz,$32.41,CS,Snack Mixes
Hershey Popped Snack Mix Pouch,10034000214676,6/8 oz,,CS,Miscellaneous
Hershey s Cookies N Creme KS,20034000196399,12/18/2.6 oz,$493.60/$41.13,CS/BX,Big Block/King Size
Hershey Special Dark RTL,20034000245004,12/36/1.45 oz,$564.82/$47.07,CS/BX,Singles-Chocolate
Hershey Standar Bar Shipper,00034000482863,1/431 ct,$563.51,CS,Miscellaneous
Hershey Waffle Cone King Size,20034000454321,12/18/2.5 oz,$493.60/$41.13,CS/BX,Big Block/King Size
Hersheys Cookies N Creme2 12oz,20788434115692,6/12/2.12oz,$150.09,CS,Snacks
Hint Water White Variety Pack,00184739003492,12/12 oz,$14.87,CS,Miscellaneous
HOMINY WHITE,10039400017285,6/#10,$37.07,CS,HOMINY
Honey Bears Extra Light Amber,10081279121211,12/12 oz,$42.46/$3.54,CS/BX,General Grocery
Honey Bun,00024300097218,6/12/4 oz,$67.27,CS,Pastry
Honey Bun Apple Cinnamon FOA,20072250008284,6/9/4 oz,$50.65/$8.44,CS/BX,Pastry
Honey Bun Boston Creme FOA,20072250032920,8/6/5 oz,$46.97/$5.87,CS/BX,Pastry
Honey Bun Chocolate FOA,00085264820144,6/6/4 oz,$31.22/$5.20,CS/BX,Pastry
Honey Bun Creamy Curl FOA,00072250902465,6/9/4 oz,$50.65,CS,Pastry
Honey Bun Glaze Value Line FOA,00072250007344,36/4 oz,$29.14,CS,Pastry
Honey Bun Glazed FOA,00072250088275,12/6/3.5 oz,$54.51/$4.54,CS/BX,Pastry
Honey Bun Glazed Jumbo FOA,00085264820205,6/6/4 oz,$31.22/$5.20,CS/BX,Pastry
Honey Bun Grand Iced FOA,10072250007655,8/6/6 oz,$46.97/$5.87,CS/BX,Pastry
Honey Bun Iced FOA,30072250087187,6/9/4 oz,$41.52/$6.92,CS/BX,Pastry
Honey Bun Iced Jumbo FOA,00085264820113,6/6/4 oz,$31.22/$5.20,CS/BX,Pastry
Honey Bun Indiv Wrap,00024300097027,6/24/1.76 oz,$76.64,CS,Snack Pastry
Honey Bun Jelly Swirl FOA,00072250007252,6/9/4 oz,$50.65,CS,Pastry
Honey Bun Jumbo FOA,00072250010344,8/6/5 oz,$44.74/$5.59,CS/BX,Pastry
Honey Bun Jumbo Glazed FOA,00888109253110,6/6/4 oz,$53.75/$8.96,CS/BX,Pastry
HONEY CLOVER SQUEEZE BEARS,10081279121211,12/12 OZ,$39.50,CS,MISC.
HONEY FRS PACK 200/9GM,10719098759994,1/200 CT,$49.04,CS,TABLE SERVICE
HONEY HOT EXTRA HOT,10850015717151,4/24 OZ,$72.95,CS,CONDIMENTS-MISC
HONEY KRAFT PACK 200CT/CS,,1/200 CT,$51.71,CS,TABLE SERVICE
HONEY LIGHT EXTRA AMBER,60081279068016,6/5 LB,$124.66,CS,MISC.
HONEY PURE CUP,00051500007631,200/.5 OZ,$41.29,CS,MISC.
HONEY PURE PAC,10013000533703,200/9GM,$39.55,CS,MISC.
Honey Roasted Peanut Share Siz,10040000610486,6/24/3.27 oz,$281.59/$46.93,CS/BX,Singles-Chocolate
HORSERADISH WHITE PRPD,10074865903162,6/32 OZ,$38.25,CS,PREPARED
Hot Cocoa Drink Mx Pk NoSugAdd,00015700055847,6/24/.55 oz,$47.72/$7.95,CS/BX,Cocoa
Hot Cocoa FF NSA Packet,00050000614110,6/30/.28 oz,$62.46/$10.41,CS/BX,Cocoa
Hot Cocoa ODB Bulk IPC,40762111744034,6/2 lb,$92.26,CS,Cocoa
Hot Cocoa Powder Mix Serenade,40762111216715,6/2 lb,$130.17,CS,Cocoa
Hot Cocoa Reg Drink Mix Pkt,20070920474919,6/50 ct,$58.54/$9.76,CS/BX,Cocoa
Hot Cocoa w Marshm Drink Mix,20070920474926,6/50 ct,$65.81/$10.97,CS/BX,Cocoa
Hot Dog Beef 5 1lb 6,10036669006173,2/5 LB,$62.03,CS,Protein
Hot Dog Bun Gourmet 6,10036669004131,8/8 ct,$30.21,CS,FROZEN-PREPARED
Hot Pocket Ham   Cheese,00043695657678,30/4 oz,$31.21,CS,Miscellaneous
Hot Pocket Meatball w Mozz,10043695097068,12/8 oz,$22.90,CS,Miscellaneous
Hot Pocket Meatballs w Mozzrl,00043695825909,30/4 oz,$31.21,CS,Miscellaneous
Hot Pocket Pepperoni Pizza,00043695957389,30/4 oz,$31.21,CS,Miscellaneous
Hot Pocket Philly Stk   Cheese,00043695874749,30/4 oz,$31.21,CS,Miscellaneous
Hot Pocket Pizza Pepprni 1 2lb,10043695097037,12/8 oz,$22.90,CS,Miscellaneous
Hot Pocket Saus Egg   Cheese,00043695968606,30/4 oz,$31.21,CS,Miscellaneous
Hot Sauce Packet,10719098760242,200/7 gm,$13.37,CS,Condiments
Hot Sauce Packet,00075500000034,200/7 gm,$16.78,CS,General Grocery
Hot Tamales Cinnamon Box,00070970495311,12/4.25 oz,$11.33,CS,Box Candy
Hot Tamales Peg Bag,10070970492577,12/5 oz,$12.77,CS,Bag Candy
HTEA ART OG CHI SPC BL 15CT/6C,10840825027250,1/15 CT,$8.76,EA,TEAS
HTEA ART OG EARL GREY 15CT/6CS,10840825028820,1/15 CT,$8.76,EA,TEAS
HTEA ART OG ENG BK BL 15CT/6CS,10840825027243,1/15 CT,$8.76,EA,TEAS
HTEA ART OG GREEN 15CT/6CS,10840825028837,1/15 CT,$8.76,EA,TEAS
HTEA ART OG LEM GRN 15CT/6CS,10840825027236,1/15 CT,$8.76,EA,TEAS
HTEA ART OG MINT 15CT/6CS,10840825028813,1/15 CT,$8.76,EA,TEAS
HTEA CRAN BLD ORN ART 15CT/6CS,10840825027212,1/15 CT,$8.76,EA,TEAS
HTEA GREEN MATCHA ART 15CT/6CS,10840825027199,1/15 CT,$8.76,EA,TEAS
HTEA GREEN SELECT 100CT 12/CS,10840825027373,1/100 CT,$4.31,EA,TEAS
Hubba Bubba Max 5 Straw Wtrmln,10022000201642,8/18/.71 oz,$96.60/$12.08,CS/BX,Gum & Mints
Hubba Bubba Original Tape,10022000240245,24/6/2 oz,$175.18/$7.30,CS/BX,Gum & Mints
Hummus Classic Grab N Go,10040822011119,48/2 oz,$38.36,CS,Lunchables/Snacks
Hummus Classic w Pretzel,10040822011959,12/4.56 oz,$34.72,CS,Lunchables/Snacks
Hummus Roasted Garlic w Pretzl,10040822011997,12/4.56 oz,$33.84,CS,Lunchables/Snacks
Hummus Roasted Red Pepr w Prtz,10040822011966,12/4.56 oz,$34.72,CS,Lunchables/Snacks
Hydration Tropical Mango,00052000058642,8/6/.35 oz,$75.60/$9.45,CS/BX,Powder Drinks
Ice Breakers Cube Wintergreen,00034000701278,8/4/3.24 oz,$115.33/$14.42,CS/BX,Gum & Mints
Ice Breakers Gum Grape Bottle,00034000701254,8/4/3.24 oz,$115.33/$14.42,CS/BX,Gum & Mints
Ice Cream Cookie Crm Single,10070934997803,24/1.25 oz,$20.59,CS,Ice Cream Products
Ice Cream Mango Single,10070934996585,24/1.25 oz,$20.59,CS,Miscellaneous
Ice Cream Strawberry Single,10070934997773,24/1.25 oz,$20.59,CS,Ice Cream Products
Icebreakers Duo Raspberry,20034000723366,24/8/1.3 oz,$434.39/$18.10,CS/BX,Gum & Mints
Iced Tea Half   Half Zero,00856820161298,12/16 oz,$21.03,CS,Miscellaneous
Iced Teaz Green Blue Pom Acai,00856820161250,12/16 oz,$21.03,CS,Miscellaneous
Iced Teaz Green Peach,00856820161236,12/16 oz,$21.04,CS,Miscellaneous
Iced Teaz Green Raspberry Zero,00856820161205,12/16 oz,$21.04,CS,Miscellaneous
Iced Teaz Green Superfruit,00856820161311,12/16 oz,$21.03,CS,Miscellaneous
ICEE Freeze Blue Raspberry 4ct,10073321039735,12/16 oz,,CS,Miscellaneous
ICETEA AUTO BRW CAINS 2OZ/24CT,10840825020602,24/2 OZ,$23.42,CS,TEAS
ICETEA AUTO BRW CAINS 4OZ/24CT,840825014307,24/4 OZ,$17.34,CS,TEAS
ICETEA AUTO GOLDN LGT 4OZ/24CT,840825014031,24/4 OZ,$17.28,CS,TEAS
ICETEA BLACK CLR FLPK 4OZ/24CT,10840825019170,24/4 OZ,$30.27,CS,TEAS
ICETEA BLACK DCF FLPK 1OZ/48CT,10840825019187,48/1 OZ,$30.59,CS,TEAS
ICETEA BLACK DCF FLPK 4OZ/24CT,10840825019194,24/4 OZ,$41.47,CS,TEAS
ICETEA BLACK FLPK 1OZ/48CT,10840825019156,48/1 OZ,$20.27,CS,TEAS
ICETEA BLACK FLPK 4OZ/24CT,10840825019163,24/4 OZ,$30.50,CS,TEAS
ICETEA BLACK SWT FLPK 1OZ/48CT,10840825019200,48/1 OZ,$17.76,CS,TEAS
ICETEA BLACK SWT FLPK 3OZ/32CT,10840825019217,32/3 OZ,$24.32,CS,TEAS
ICETEA BLACK SWT FLPK 4OZ/24CT,10840825019231,24/4 OZ,$26.40,CS,TEAS
ICETEA BLACK SWT FLPK 4OZ/24CT,10840825019224,24/4 OZ,$26.05,CS,TEAS
ICETEA CAF SPCL CAINS 3OZ/24CT,840825014079,24/3 OZ,$14.18,CS,TEAS
ICETEA CHAI LIQ OREGN 32OZ/6CS,10707082100402,1/32 OZ,$8.49,EA,TEAS
ICETEA CLASSC BLCK IM 4OZ/24CT,10840825019071,24/4 OZ,$56.16,CS,TEAS
ICETEA CONC BLACK  .5GL/2CS,10840825020695,2/.5GL,$47.55,CS,TEAS
ICETEA CONC SWT FB15:1 1GL/4CS,10840825026802,4/1GL,$99.58,CS,TEAS
ICETEA CONC UNSWEET FB 1GL/4CS,10840825026796,4/1GL,$77.44,CS,TEAS
ICETEA CONC UNSWT FB 2/1.5GL,10840825033299,2/1.5 GL,$51.00,CS,TEAS
ICETEA GEORG PEACH IM 3OZ/24CT,10840825021555,24/3 OZ,$80.45,CS,TEAS
ICETEA GEORGIA PCH IM 1OZ/24CT,10840825021234,24/1OZ,$29.76,CS,TEAS
ICETEA GGA PEACH FLPK 3OZ/24CT,10840825026345,24/3 OZ,$101.22,CS,TEAS
ICETEA JAMCN TROP IM 4OZ/24CT,10840825019279,24/4 OZ,$96.34,CS,TEAS
ICETEA PACF RASP FLPK 3OZ/24CT,10840825026338,24/3 OZ,$99.71,CS,TEAS
ICETEA PACIFC RASP IM 1OZ/24CT,10840825021227,24/1OZ,$29.76,CS,TEAS
ICETEA PACIFC RASP IM 3OZ/24CT,10840825019125,24/3 OZ,$72.16,CS,TEAS
ICETEA PREM POM HRBL FP 24/3OZ,10840825031028,24/3 OZ,$105.20,CS,TEAS
ICETEA SWT CLSC BLK IM2OZ/24CT,10840825019095,24/2 OZ,$63.20,CS,TEAS
ICETEA SWT WTRMN FLPK 3OZ/24CT,10840825026321,24/3 OZ,$87.42,CS,TEAS
Instant Lunch Beef Flavor,00041789901225,12/2.25 oz,$8.37,CS,Soup
Instant Lunch Chicken Flavor,00041789901218,12/2.25 oz,$8.37,CS,Soup
Instant Lunch Hot   Spcy Shrmp,00041789901447,12/2.25 oz,$8.37,CS,Soup
Instant Lunch Hot   Spicy Beef,00041789901423,12/2.25 oz,$8.37,CS,Soup
Instant Lunch Hot   Spicy Chic,00041789901430,12/2.25 oz,$8.37,CS,Soup
Instant Lunch Shrimp Flavor,00041789901256,12/2.25 oz,$8.37,CS,Soup
JACKSON SWEET POTATO,563770,,$2.01,1,
Jalapeno Pepper Breaded,10041322224771,6/17 oz,$43.09,CS,Miscellaneous
JAM ASST SUG FREE 120G40S40BB,00051500055557,200/3/8 OZ,$18.25,CS,MISC.
JAM FRUIT FIG,00042774798325,6/13.05Z,$32.96,CS,MISC.
JAM GRAPE NAT CUP,00051500082027,200/.5 OZ,$18.96,CS,MISC.
JAM GRAPE PC JAR,00051500038833,72/1 OZ,$40.49,CS,MISC.
JAM STRAWBERRY CUP,00051500007679,200/.5OZ,$19.62,CS,MISC.
JAVA JACKETS FB 1200CT,10840825006491,1/1200 EA,$134.19,CS,TABLE SERVICE
JAVA JACKETS METRO 1200CT,10840825025584,1/1200 CT,$134.19,CS,TABLE SERVICE
JD Saus Egg Chs Croissant,10077900118590,12/4.9 oz,$22.67,CS,Breakfast
JELLY ASST CUP  GRAP SB MIXFRT,00051500007747,200/.5OZ,$17.08,CS,MISC.
JELLY ASST CUP GRAP APP MIXFRT,00051500007730,200/.5 OZ,$15.80,CS,MISC.
JELLY ASST CUP GRAPE STRBERRY,00051500007952,200/.5 OZ,$17.73,CS,REGULAR
JELLY ASST. GROUP 200/.5OZ,,200/.5 OZ,$39.92,CS,TABLE SERVICE
JELLY ASSTCUP GRAP APP SBERRY,00051500016961,200/.5 OZ,$17.41,CS,MISC.
JELLY GRAPE CONCORD,10074865067390,6/#10,$96.72,CS,MISC.
JELLY GRAPE CONCORD,10051500081133,6/48 OZ,$28.27,CS,MISC.
JELLY GRAPE CUP,00051500007648,200/.5OZ,$15.12,CS,MISC.
JELLY GRAPE SQUEEZE,00041800501533,12/20OZ,$31.97,CS,MISC.
Jelly Grape Squeeze,30051500057118,12/20 oz,$31.62/$2.64,CS/BX,Condiments
Jelly Strawberry Squeeze,30051500057224,12/20 oz,$36.47/$3.04,CS/BX,General Grocery
JELLY WELCH ASSORTED  200/.5OZ,10719098701481,1/200 CT,$39.44,CS,TABLE SERVICE
Jerky Beef Bourbon Franklin,10852089007152,8/2 oz,$45.50,CS,Meat Snacks
Jerky Beef Original Stick,00856584004268,24/1.15 oz,$49.66,BX,Meat Snacks
Jerky Beef Original Zero Sugar,10017082888065,8/2.3 oz,$53.44,CS,Bagged Vend Size
Jerky Fruit Mango Raspberry,10850052997417,6/12/.8 oz,,CS,Snacks
Jerky Mango   Guava,10850052997127,6/12/.8 oz,$91.25,CS,Snacks
Jlly Rnchr Gummies Sr Rd Pg Bg,10010700859164,12/6.5 oz,$29.06,CS,Bag Candy
Jolly Rancher Assorted Peg Bag,10010700702309,12/7 oz,$30.93,CS,Singles-Non-Chocolat
Jolly Rancher Assorted Peg Bag,10010700702309,12/7 oz,$29.06,CS,Singles-Non-Chocolat
Jolly Rancher Freeze Dried,10010700530209,8/3.1 oz,$34.75,CS,Singles-Non-Chocolat
Jolly Rancher Fruit Chews Asst,10010700519211,8/13 oz,$34.75/$4.34,CS/BX,Count Goods
Jolly Rancher S F Peg,10010700702804,12/3.6 oz,$39.57,CS,Bag Candy
Jose Cuervo margarita salt,543907,,$3.30,1,
JUICE CLAM OCEAN,10079212311027,12/46OZ,$43.27,CS,MISC.
JUICE LEMON,10014800582304,4/1GAL,$45.60/$11.40,CS/EA,SINGLE STRENGTH
JUICE LEMON,00014800582420,8/48OZ,$37.28,CS,SINGLE STRENGTH
Juice Lemon,00014800582154,24/2.5 oz,$13.44,CS,Condiments
JUICE LEMON PAC,00716037311803,200/4 GM,$16.32,CS,MISC
JUICE LIME,10014800582083,4/1GAL,$55.11,CS,SINGLE STRENGTH
Juice Orange 100  Blnd BNB,00025000062803,1/2.5 gal,$135.89,CS,Syrup
Juicefuls Fruit Mixed,10034856412516,12/4 oz,$17.60,CS,Bag Candy
KABOB CHICKEN CHILI LIME K2105,00745378210506,100 / 1.3 OZ,$155.30,CS,PREPARED FOODS
KABOB MEDITERRANEAN ANTIPASTO K4060,00745378406015,100 / 0.95 OZ,$182.86,CS,PREPARED FOODS
kats classic iced tea 36/4oz,543901,,$89.00,cs,
KETCHUP BTLD ORGANIC,00013000708999,6/14 OZ,$16.32,CS,BOTTLED
KETCHUP CRYOVAC PICKLE FLAVOR,00013000015554,2/1.5GAL,$45.73,CS,BAG N BOX
KETCHUP CUP DIP & SQUEEZE,10013000003084,500/27 GM,$95.57,CS,MISC.
Ketchup Dspnsr Pack TFF,10013000515501,2/1.5 gal,$43.38,CS,Condiments
KETCHUP FANCY POUCH DISPENSER,10013000515501,2/1.5GAL,$40.36,CS,BULK
KETCHUP JAR ROOM SERVICE,10013000514603,60/2.25OZ,$41.43,CS,MISC.
KETCHUP PACKET FCY,10013000984802,1000/9GM,$32.93,CS,MISC.
Ketchup Packet TFF,10013000984802,1000/9 gm,$35.40,CS,Condiments
KETCHUP POUCH-PK FCY (= 6/#10),10013000513705,6/7LB2OZ,$53.78,CS,BULK
Ketchup Single Serve,10013000512159,1/750 ct,$33.37,CS,General Grocery
Ketchup Squeeze,10013000006405,12/20 oz,$38.73,CS,General Grocery
KETCHUP SQUEEZE UPSIDE DOWN,10013000050200,30/20OZ,$63.83,CS,BOTTLED
Ketchup Upside Down,10013000050200,30/20 oz,$68.61,CS,Condiments
KETCHUP VOL PK,10013000511909,1/3GAL,$33.98,CS,BAG N BOX
Kettle Corn Chocolaty Dark,20818780015060,12/5.5 oz,$42.20,CS,Bagged Vend Size
Kettle Lays Potato Chip Bulk,00028400477680,8/16 oz,$43.72,CS,Bulk Snacks
Kind Nut Caramel Sea Salt,00602652418884,3/20/.74 oz,$50.21,CS,Miscellaneous Snack
kind pro max,943980,,$2.12,1,
Kinder Bueno 2pc,10009800552280,12/20/1.5 oz,$294.69/$24.56,CS/BX,Singles-Chocolate
Kinder Bueno Bites Mini,10009800556356,2/12/3.8 oz,,CS/BX,Bag Candy
Kinder Bueno Mini Share,10009800556226,8/5.07 oz,$40.02,CS,Bag Candy
Kinder Bueno T2,10009800552013,4/20/1.5 oz,$98.23/$24.56,CS/BX,Singles-Chocolate
Kinder Bueno T4,10009800554154,16/8/3 oz,$260.49/$16.28,CS/BX,Singles-Chocolate
Kinder Chocolate Mini Sub,10009800514219,6/4.2 oz,$20.20,CS,Count Goods
Kinder Chocolate Singles,10009800512246,12/18/1.8 oz,$265.22/$22.10,CS/BX,Singles-Chocolate
Kinder Joy,10009800571021,4/15/.7 oz,$107.78/$26.95,CS/BX,Miscellaneous
Kinder Joy Variety,10009800572219,4/15/.70 oz,$107.78/$26.95,CS/BX,Miscellaneous
Kinder Maxi,10009800513045,6/16/3 oz,$195.37/$32.56,CS/BX,Singles-Chocolate
Kisses,20034000121001,12/24/1.55 oz,$376.55/$31.38,CS/BX,Singles-Chocolate
Kisses Milk Chocolate,00034000122950,10/56 oz,$228.75/$22.88,CS/BX,Count Goods
Kisses Milk Chocolate,10034000134806,9/35.8 oz,,CS/BX,Count Goods
Kisses Peg Bag,10034000140258,12/4.84 oz,$31.11,CS,Bag Candy
Kit Kat Bar Chocolate KS,20034000226003,6/24/3 oz,$329.07/$54.85,CS/BX,Big Block/King Size
Kit Kat Bar RTL,20034000246001,36/1.5 oz,$50.09,BX,Count Goods
Kit Kat Bar RTL,20034000246001,12/36/1.5 oz,$564.82/$47.07,CS/BX,Count Goods
Kit Kat Big Kat RTL,20034000245325,16/24/1.5 oz,$502.06/$31.38,CS/BX,Singles-Chocolate
Kit Kat Big King Size,20034000245219,9/16/3 oz,$329.07/$36.56,CS/BX,Big Block/King Size
Kit Kat Dark Choc Mint KS Duo,20034000318258,6/24/3 oz,$329.07/$54.85,CS/BX,Big Block/King Size
Kit Kat Dark King Size,20034000236224,6/24/3 oz,$329.07/$54.85,CS/BX,Big Block/King Size
Kit Kat Miniature Share Pack,10034000226709,8/10.1 oz,$45.57,CS,Bag Candy
Kit Kat Minis KS,10034000138514,12/12/2.2 oz,$329.07/$27.42,CS/BX,Big Block/King Size
Kit Kat Minis Pouch,10034000996626,8/7.6 oz,$45.57,CS,Bag Candy
Kit Kat Vanilla Waffle King Sz,20034000228076,6/24/3 oz,$329.07/$54.85,CS/BX,Big Block/King Size
Kit Popcorn All In One,00076150600759,24/16 oz,$17.38,CS,MISC FOOD
Kleenex Upright Facial 60ct,10036000542773,1/27 ct,$60.30,CS,Miscellaneous
Kombucha Strawberry Glow,00811184030277,12/16 oz,$32.20,CS,Miscellaneous
Kombucha Tea Pink Lady Apple,00851861006362,12/16 oz,$32.19,CS,Miscellaneous
Laffy Taffy Banana,00079200150051,8/145/.34 oz,$129.61/$16.20,CS/BX,Count Goods
Laffy Taffy Banana Rope,00079200339388,12/24/.81 oz,$88.41/$7.37,CS/BX,Singles-Non-Chocolat
Laffy Taffy Banana S T,00079200336615,12/24/1.5 oz,$328.22/$27.35,CS/BX,Singles-Non-Chocolat
Laffy Taffy Club Pack,00079200423568,8/145/.34 oz,$129.61/$16.20,CS/BX,Count Goods
Laffy Taffy Rope Mystery Swirl,00079200595203,12/24/.81 oz,$88.41/$7.37,CS/BX,Singles-Non-Chocolat
Laffy Taffy Rope Wld Blu Rspb,00079200469863,12/24/.81 oz,$88.41/$7.37,CS/BX,Singles-Non-Chocolat
Laffy Taffy Sour Apple,00079200132422,8/145/.34 oz,$129.61/$16.20,CS/BX,Count Goods
Laffy Taffy Strawberry,00079200713546,12/24/.81 oz,$88.41/$7.37,CS/BX,Singles-Non-Chocolat
Laffy Taffy WldBlue Raspbry Ch,00079200390747,8/145/.34 oz,$129.61/$16.20,CS/BX,Count Goods
LAHVOSH 15-INCH ROUND ORIGINAL,10078466000039,7 / 15.7 OZ,$75.00,CS,BAKERY
LASAGNA ROASTED VEGETABLE K401,00745378401003,24 / 8.5 OZ,$147.37,CS,PREPARED FOODS
Lay s Baked Slt   Vinegar,00028400748476,60/.875 oz,,CS,Bagged Vend Size
Lays Baked Original XVL,00028400721356,27/1.875 oz,$37.66,CS,Bulk Snacks
Lays Chips Potato Limon XVL,00028400361200,24/2.25 oz,$30.80/$1.28,CS/BX,Bulk Snacks
Lays Chips Potato Limon XVL,00028400361200,8/2.25 oz,$11.16,CS,Bulk Snacks
Lays Chips Salt  N Vinegar LSS,00028400443609,64/1.5 oz,$47.69,CS,Large Single Serve
Lays Chips Sour Cream   Onion,00028400110549,104/1 oz,$49.25,CS,Bagged Vend Size
Lays Crisps Baked BBQ LSS,00028400443951,64/1.125 oz,$47.69,CS,Large Single Serve
Lays Crisps Baked Regular LSS,00028400443968,64/1.125 oz,$47.69,CS,Large Single Serve
Lays Flamin Hot XVL,00028400361187,24/2.25 oz,,CS/BX,Bulk Snacks
lenny cookies,943953,,$1.77,1,
LENTILS GREEN FRENCH 10 LB,,1 / 10 LB,$38.78,CS,PANTRY
Licorice Red Vine Tray,10041364502790,24/5 oz,$34.38,CS,Singles-Non-Chocolat
Licorice Red Vines Orig Bag,10041364246335,24/4 oz,$24.07,CS,Singles-Non-Chocolat
Lid 10 25 PET Sqyare,00667724912097,1/200 ct,,CS,MISC FOOD
LID BLK DUOWALL 10/12/16/20OZ,810278014032,1/1000 CT,$82.28,CS,TABLE SERVICE
LID DOME WH 12/16/20OZ  1500CT,00041165098365,1500/12 CT,$165.76,CS,TABLE SERVICE
LID DUOWALL BLACK UNIV 1200CS,50794297871553,1/1200 CT,$102.69,CS,TABLE SERVICE
"LID ECO CUP 12,16,20OZ 1200CT",50794297871423,1/1200 CT,$231.28,CS,TABLE SERVICE
LID FLIP PPR 12/16/20OZ 1200CT,50794297757352,1/1200 CT,$92.65,CS,TABLE SERVICE
LID FLIP PPR CP 8OZ  1000CT,50794297572429,1/1000 CT,$54.95,CS,TABLE SERVICE
"LID PAPR CUP 12,16,20OZ 1200CT",50794297871447,1200/12 CT,$99.97,CS,TABLE SERVICE
LID SIP STYRO 8OZ  1000CT,00041594200346,1/1000 CT,$58.81,CS,TABLE SERVICE
LID SLOT CLEAR 626TS 1000CT,10840825007818,1000/1 EA,$82.44,CS,TABLE SERVICE
LIDS HOT 12OZ SUP  100CT/10CS,00041165014303,10/100 CT,$8.42,EA,TABLE SERVICE
life savers,943940,,$1.82,1,
Lifesaver Butter Rum Roll,10019000002218,15/20/1.14 oz,$248.99/$16.60,CS/BX,Gum & Mints
Lifesavers 5 Flavor Vend,10022000229356,15/20/.9 oz,$185.89/$12.39,CS/BX,Gum & Mints
Lifesavers Gummy 5 Flavor,10022000301083,12/4.6 oz,$19.65,CS,Bag Candy
Lifesavers Gummy Collisions,10022000301106,12/4.6 oz,$19.65,CS,Bag Candy
Lifesavers Gummy Wild Berry,10022000301120,12/4.6 oz,$19.65,CS,Bag Candy
Lifesavers Pep O Mint Bag,10022000290561,6/44.93 oz,$74.90/$12.48,CS/BX,Count Goods
Lightning Apple 6ft Cable,20707062706560,24/1 ea,$371.69,CS,Independent Items
Lollipops Bulk Assorted,00073390614423,1/1000 ct,$109.31,CS,Bulk Candy
LOTUS WHITE CON 6/64OZ,,Ec0014,$30.95,EA,SYRUPS/TOPPINGS
Lunchable Extra Cheese Pizza,10044700024116,16/4.2 oz,$39.66/$2.48,CS/BX,Lunchables/Snacks
Lunchable Ham American Cracker,00044700096055,8/9.1 oz,$20.80,CS,Lunchables/Snacks
Lunchable Ham Cheddar Crakr,10044700024581,16/3.2 oz,$38.74,CS,Lunchables/Snacks
Lunchable Ham Swiss Crakr,10044700024543,16/3.2 oz,$38.74/$2.42,CS/BX,Lunchables/Snacks
Lunchable Pepperoni Pizza,10044700024109,16/4.3 oz,$39.66/$2.48,CS/BX,Lunchables/Snacks
Lunchable Turkey Amricn Crakr,00044700096116,8/8.9 oz,$20.80,CS,Lunchables/Snacks
Lunchable Turkey Cheddar Crakr,10044700024550,16/3.2 oz,$38.74/$2.42,CS/BX,Lunchables/Snacks
Lunchmaker Bologna w Treat,00046600333919,18/2.44 oz,$24.05,CS,Lunchables/Snacks
Lunchmaker Ham,00046600334312,18/2.6 oz,$24.05,CS,Lunchables/Snacks
Lunchmaker Turkey,00046600334329,18/2.6 oz,$24.05,CS,Lunchables/Snacks
M M Caramel Bag,10040000579844,8/9.05 oz,$41.48,CS,Count Goods
M M Milk Chocolate Bag,10040000579806,12/10 oz,$62.22,CS,Count Goods
M M PBJ Share Size,10040000605611,6/24/2.83 oz,$304.51/$50.75,CS/BX,Big Block/King Size
M M Peanut Butter   Jelly,10040000605550,12/24/1.63 oz,$353.63/$29.47,CS/BX,Singles-Chocolate
M M Peanut Butter Bag,10040000579820,8/9 oz,$41.48,CS,Count Goods
M M Peanuts Bag,10040000579783,12/10.05 oz,$62.22,CS,Count Goods
M M s Almond KS,10040000474170,6/18/2.83 oz,$228.38/$38.06,CS/BX,Big Block/King Size
M M s Milk Choc Mini s Tube,00040000120377,12/24/1.08 oz,$353.63/$29.47,CS/BX,Singles-Chocolate
M M s Milk Choc Peg Bag,10040000017315,12/5.3 oz,$31.11,CS,Bag Candy
M M s Milk Choc Tear N Share,10040000044311,6/24/3.14 oz,$304.51/$50.75,CS/BX,Big Block/King Size
M M s Milk Choco Movie Box Pck,10040000497513,12/3.1 oz,$16.10,CS,Box Candy
M M s Milk Chocolate RTL,00040000499909,36/1.69 oz,$47.05,BX,Singles-Chocolate
M M s Milk Chocolate RTL,00040000499909,9/36/1.69 oz,$397.83/$44.20,CS/BX,Singles-Chocolate
M M s Milk Chocolate Vend,10040000533037,9/36/1.69 oz,$388.62/$43.18,CS/BX,Bag Candy
M M s Mini Mega Tube,10040000476525,6/24/1.77 oz,$304.51/$50.75,CS/BX,Big Block/King Size
M M s Orange,00040000583226,1/10 lb,$102.71,CS,Bulk Candy
M M s Peanut Butter Chocolate,10040000012440,12/24/1.63 oz,$353.63/$29.47,CS/BX,Singles-Chocolate
M M s Peanut Butter King Size,10040000380600,6/24/2.83 oz,$304.51/$50.75,CS/BX,Big Block/King Size
M M s Peanut Butter Peg Bag,10040000017445,12/5.1 oz,$31.11,CS,Bag Candy
M M s Peanut Butter Vend,10040000533075,12/24/1.63 oz,$345.44/$28.79,CS/BX,Bag Candy
M M s Peanut Candies RTL,10040000012327,48/1.74 oz,$62.73,BX,Singles-Chocolate
M M s Peanut Candies RTL,10040000012327,8/48/1.74 oz,$471.50/$58.94,CS/BX,Singles-Chocolate
M M s Peanut Movie Box Pack,10040000497537,12/3.1 oz,$16.10,CS,Box Candy
M M s Peanut Peg Bag,10040000017322,12/5.3 oz,$31.11,CS,Bag Candy
M M s Peanut Peg Pack,10040000565144,12/2.55 oz,$14.87,CS,Bag Candy
M M s Peanut Purple Moment,10040000584466,6/24/3.27 oz,$304.51/$50.75,CS/BX,Big Block/King Size
M M s Peanut Tear N Share KS,10040000044328,6/24/3.27 oz,$304.51/$50.75,CS/BX,Big Block/King Size
M M s Peanut Vend,10040000533051,8/48/1.74 oz,$460.58/$57.57,CS/BX,Singles-Chocolate
M M s Pop Caramel Pouch,10040000640797,8/5.5 oz,$44.57,CS,Bag Candy
M M s Pretzel KS,10040000446511,6/24/2.83 oz,$304.51/$50.75,CS/BX,Big Block/King Size
M M s White,00040000583165,1/10 lb,$102.71,CS,Bulk Candy
M Ms Caramel Sharing Size,10040000508844,6/24/2.83 oz,$304.51/$50.75,CS/BX,Big Block/King Size
M Ms Chocolate Milk SUP,10040000580130,12/5 oz,$31.38,CS,Count Goods
M Ms Mega Peanut Butter,10040000592805,6/24/2.83 oz,$304.51/$50.75,CS/BX,Big Block/King Size
M Ms Peaut SUP,10040000580307,12/5 oz,$31.38,CS,Count Goods
Mac   Cheese Aged Cheddar Cup,10013562000583,12/2.01 oz,$23.87,CS,Miscellaneous
Mac   Cheese Cheesy Jalapeno,10015300014968,12/2.25 oz,$24.14,CS,Hot Food - Microwave
Mac   Cheese Flamin Hot,10015300014975,12/2.11 oz,$24.14,CS,Hot Food - Microwave
Macaroni   Cheese Easy Bowl,10021000077134,6/3.5,$22.92,CS,General Grocery
MACE PREMIUM GROUND GRANADA,,1 / 16 OZ,$30.69,CS,PANTRY
Makeup Remover Cleansing Towel,10070501451059,2/12/7 ct,$47.35/$23.68,CS/BX,Miscellaneous
Mamba Berry Tasty King Size,00072799118372,4/24/3.73 oz,$126.61/$31.65,CS/BX,Singles-Non-Chocolat
Mamba Fruit Chews,00072799055745,4/24/3.73 oz,$126.61/$31.65,CS/BX,Singles-Non-Chocolat
Mamba Fruit Chews Bag,00072799056315,12/3.52 oz,$12.56,CS,Bag Candy
Mango Strips Peeled,10185889000659,12/2.8 oz,$40.37,CS,Miscellaneous Snack
Mango Strips Peeled,10185889000659,12/2.8 oz,$39.52,CS,Miscellaneous Snack
MARINADE TANDOORI GF,10850049863121,6/1.65BG,$115.64,CS,MISC CONV PRD
MARMALADE ORANGE BULK POUCH,00051500589656,4/8.25LB,$95.91,CS,JAM/JELL-MISC
MARMALADE ORANGE PC JAR,00051500038888,72/1 OZ,$44.41,CS,MISC.
Marshmallow Jet Puff,10600699003282,18/12 oz,$35.21,CS,Miscellaneous
MARSHMALLOW MINI WHITE,10600699660768,12/1 LB,$26.25,CS,MARSHMALLOWS
MARSHMALLOW MINI WHITE,10074865190197,12/1LB,$33.60,CS,MARSHMALLOWS
Marshmallow Mini White JetPuff,10600699660768,12/1 lb,$28.22,CS,General Grocery
MARSHMALLOW REGULAR,10600699661161,12/1 LB,$28.18,CS,CANDY&NUTS-MIS
MARSHMALLOW WHITE XL,10600699001653,8/24 OZ,$25.13,CS,MARSHMALLOWS
Mayonaise Real Pouch,00021000664856,200/.44 oz,$29.31,CS,Condiments
MAYONNAISE HEAVY DELUXE CG FR,10021000648297,4/1 GAL,$91.20,CS,REGULAR
MAYONNAISE LITE,10021000643018,4/1 GAL,$81.53,CS,RED CALORIE
MAYONNAISE LITE,10021000665331,200/7/16OZ,$27.27,CS,MISC.
MAYONNAISE POUCH DISPENSER,10013000516706,2/1.5GAL,$70.51,CS,MISC
MAYONNAISE REAL PACKET,00021000664856,200/7/16OZ,$27.27,CS,REGULAR
MAYONNAISE ROOM SERVICE,10013000522301,60/1.8 OZ,$91.53,CS,MISC.
MAYONNAISE SPREAD VEGAN HVY DU,10048001010731,4/1 GAL,$98.50,CS,MISC
Mayonnaise Squeezable,10021000026873,12/12 oz,$49.03,CS,General Grocery
MAYONNAISE SQUEEZE REAL BTL,10021000052933,12/12 OZ,$48.35,CS,REGULAR
Meal Beef A Roni MW,10064144047021,12/7.5 oz,$21.99/$1.83,CS/BX,Hot Food - Microwave
Meal Beef Pot Roast Box,00037600201971,6/9 oz,$16.35,CS,Hot Food - Canned
Meal Chicken Alfredo MW,00037600350310,6/10 oz,$16.35,CS,Hot Food - Microwave
Meal Compleats RstBf w Msh Pot,00037600450881,6/9 oz,,CS,Hot Food - Microwave
Meal Compleats Salisbury Steak,00037600231152,6/9 oz,$16.35,CS,Hot Food - Microwave
Meal EasyMac Original Cups MW,00021000016419,10/2.05 oz,$17.06,CS,Hot Food - Microwave
Meal Meatloaf w Mshd Potato MW,10037600303238,6/9 oz,$16.35,CS,Hot Food - Microwave
Meal Ravioli Beef MW,10064144047090,12/7.5 oz,$21.99,CS,Hot Food - Microwave
Meal Spaghetti w Meat Sce Tray,00037600486835,7/7.5 oz,$16.88,CS,Hot Food - Microwave
Meal Spaghetti w Meatball MW,20064144047172,12/7.5 oz,$21.99/$1.83,CS/BX,Hot Food - Microwave
Meal Spaghetti w Meatballs,10064144043221,24/15 oz,$53.53/$2.23,CS/BX,Hot Food - Microwave
Meal Turkey   Dressing MW Tray,00037600187176,6/10 oz,$16.35,CS,Hot Food - Microwave
Mega Tube Chwy Candy Skittles,10022000292961,6/24/1.9 oz,$281.59/$46.93,CS/BX,Big Block/King Size
Melody Pops Assorted,10073390613768,6/30/.53 oz,$83.91/$13.99,CS/BX,Singles-Non-Chocolat
Mexican Street Corn Nuts,10071159291233,12/4 oz,$13.93,CS,Snacks
Mike   Ike Mega Mix Bag,00070970492587,12/5 oz,$12.77,CS,Bag Candy
Mike   Ike Mega Mix Box,00070970495366,12/4.25 oz,$11.33,CS,Box Candy
Mike   Ike Mega Mix Sour Bag,00070970492600,12/5 oz,$12.77,CS,Miscellaneous
Mike   Ike Mega Mix Sour Box,00070970495373,12/4.25 oz,$11.33,CS,Box Candy
Mike   Ike Original Fruits Box,00070970495335,12/4.25 oz,$11.33,CS,Singles - No UPC
Mike   Ike Original Peg Bag,10070970492591,12/5 oz,$12.77,CS,Bag Candy
Mild Cheddar   Beef Snack Pack,10041716011826,2/10/1.58 oz,$26.93/$13.47,CS/BX,Lunchables/Snacks
Milk 2  Organic,20742365264256,6/64 oz,$32.62,CS,Miscellaneous
Milk Almond Dk Choc Aseptic,10025293004327,12/10 oz,$20.76,CS,Miscellaneous
Milk Almond Orgnl Aseptic Qt,00025293001466,6/32 oz,$15.43,CS,Miscellaneous
Milk Almond Pure Original,10025293000985,6/64 oz,$22.68,CS,Miscellaneous
Milk Almond Pure Unswtnd,10025293001494,6/64 oz,$22.68,CS,Miscellaneous
Milk Almond Unswtnd Aseptic,00025293001725,6/32 oz,$15.43,CS,Miscellaneous
Milk Almond Vanilla Less Sugar,10025293004334,12/10 oz,$20.76,CS,Miscellaneous
Milk Chocolate Rd Fat Organic,00742365208867,18/8 oz,$26.10,CS,Miscellaneous
MILK COCONUT 13.66 OZ,00737628011230,1/24 CT,$54.72,CS,MISC.
MILK COCONUT LITE,10041224860121,24/14 OZ,$69.51,CS,COCONUT MILK
MILK COCONUT UNSWT,10041224860084,6/#10,$98.24,CS,MISC.
Milk Duds,10010700021523,12/5 oz,$16.10,CS,Singles-Chocolate
Milk Pure Almond Vanla Aseptic,00025293001329,18/8 oz,$21.98,CS,Miscellaneous
Milk Soy Choc Aseptic Sng Serv,00025293001411,18/8 oz,$21.18,CS,Miscellaneous
Milk Soy Plain Unsweetened Asp,00025293001060,6/32 oz,$15.43,CS,Miscellaneous
Milk Soy Unswtnd Organic,10025293600239,6/64 oz,$22.72,CS,Miscellaneous
Milk Soy Very Vanilla Aseptic,00025293001435,18/8 oz,$21.18,CS,Miscellaneous
Milk UHT Half and Half Organic,10093966000334,12/32 oz,$57.14,CS,Miscellaneous
Milk UHT Nonfat Skim Organic,10093966516002,6/64 oz,$29.99,CS,Miscellaneous
Milk UHT Redcd Fat 2  Organic,10093966515005,6/64 oz,$29.99,CS,Miscellaneous
Milk UP Whole Organic,20742365264454,6/64 oz,$32.62,CS,Miscellaneous
Milk White Rd Fat Organic,00742365208843,18/8 oz,$26.10,CS,Miscellaneous
Milky Way KS,10040000044014,6/24/3.63 oz,$304.51/$50.75,CS/BX,Big Block/King Size
Milky Way Midnight Dark Choc,10040000011047,12/24/1.76 oz,$353.63/$29.47,CS/BX,Singles-Chocolate
Milky Way Midnight Dark Shring,10040000504037,6/24/2.83 oz,$304.51/$50.75,CS/BX,Big Block/King Size
Milky Way Singles RTL,10040000422065,10/36/1.84 oz,$442.03/$44.20,CS/BX,Singles-Chocolate
Milky Way Singles Vend,10040000533013,10/36/1.84 oz,$431.80/$43.18,CS/BX,Singles-Chocolate
MINI CHICKEN SAUSAGE & GRAVY BISCUIT,00745378798707,112 / 2.4 OZ,$167.60,CS,PREPARED FOODS
Miniature Asst Candy SUP Bag,10034000215284,8/8 oz,$38.84,CS,Bag Candy
Mint Choco Chip Flip Ss,10818290019209,12/4.5 oz,$21.24,CS,Pudding/Gelatin
Mint Fruit Adventure T100,10009800003874,24/12/1.7 oz,$540.26/$22.51,CS/BX,Gum & Mints
Mint Orange T100 Singles,10009800003850,24/12/1.7 oz,$540.26/$22.51,CS/BX,Gum & Mints
Mint Strawberry   Cream T100,10009800003898,24/12/1.7 oz,,CS,Gum & Mints
Mint Wintergreen T100 Singles,10009800003867,24/12/1.7 oz,$540.26/$22.51,CS/BX,Gum & Mints
Mints Cool Tin SF,20034000720600,8/1.5 oz,$19.26,BX,Gum & Mints
Mints Cool Tin SF,20034000720600,24/8/1.5 oz,$434.39/$18.10,CS/BX,Gum & Mints
Mints Green Apple,00073390700027,24/15/1.32 oz,$351.99/$14.67,CS/BX,Gum & Mints
Mints IceBreaker Duo Strawbry,20034000723359,8/1.3 oz,$19.26,BX,Gum & Mints
Mints IceBreaker Duo Strawbry,20034000723359,24/8/1.3 oz,$434.39/$18.10,CS/BX,Gum & Mints
Mints Mentos Mint Flavor,00073390007300,24/15/1.32 oz,$351.99/$14.67,CS/BX,Gum & Mints
Mints Mentos Mixed Fruit,00073390007317,24/15/1.32 oz,$351.99/$14.67,CS/BX,Gum & Mints
Mints Mentos Roll Rainbow,00073390700034,24/15/1.32 oz,$351.99/$14.67,CS/BX,Gum & Mints
Mints Mentos Singles Cinnamon,00073390007324,24/15/1.32 oz,$351.99/$14.67,CS/BX,Gum & Mints
Mints Mentos Strawberry,00073390007331,24/15/1.32 oz,$351.99/$14.67,CS/BX,Gum & Mints
Mints PepOmint Peg Bag,10019000085037,12/6.25 oz,$26.20,CS,Bag Candy
Mints PepOMint Vend,10022000229363,15/20/.72 oz,$185.89/$12.39,CS/BX,Gum & Mints
Mints Peppermint,10022000631401,12/1.76 oz,$31.36,BX,Gum & Mints
Mints Peppermint,10019000001037,15/20/.84 oz,$279.68/$18.65,CS/BX,Gum & Mints
Mints Peppermint,10022000631401,12/12/1.76 oz,$353.63/$29.47,CS/BX,Gum & Mints
Mints Sours,20034000720686,24/8/1.5 oz,,CS/BX,Gum & Mints
Mints Spearmint Mints T,20034000721232,24/8/1.5 oz,$434.39/$18.10,CS/BX,Gum & Mints
Mints Tic Tac Orange Bottle Pk,10009800006332,12/4/3.4 oz,$154.99/$12.92,CS/BX,Gum & Mints
Mints TicTacFrt Advtre Bttl Pk,10009800006301,12/4/3.4 oz,$154.99/$12.92,CS/BX,Seasonal
Mints Wint O Green Bag,10019000085044,12/6.25 oz,$26.20,CS,Gum & Mints
Mints Wintergreen,10022000631425,12/12/1.76 oz,$353.63/$29.47,CS/BX,Gum & Mints
Mints Wintergreen Tin,20034000720624,8/1.5 oz,$19.26,BX,Gum & Mints
Mints Wintergreen Tin,20034000720624,24/8/1.5 oz,$434.39/$18.10,CS/BX,Gum & Mints
Mints WintOGreen Singles,10022000210668,15/20/.84 oz,$279.68/$18.65,CS/BX,Gum & Mints
Mints WintOGreen Vend,10022000229349,15/20/.72 oz,$185.89/$12.39,CS/BX,Gum & Mints
Miss Vickies XVL Jalapeno,00028400363310,24/1.875 oz,$33.50/$1.40,CS/BX,Bulk Snacks
Miss Vickies XVL Sea Salt,00028400363334,24/1.875 oz,$33.50/$1.40,CS/BX,Bulk Snacks
Miss Vickies XVL SSalt Vinegar,00028400363327,24/1.875 oz,$33.50/$1.40,CS/BX,Bulk Snacks
MIX BISCUIT BTRMLK COMPLT,10889356106157,6/5LB,$38.99,CS,PACKAGES
MIX BROWNIE CHOC COMPLT,10016000113128,6/6LB,$92.50,CS,PACKAGES
MIX CAKE ANGEL FOOD COMPLT,10016000111957,12/16 OZ,$85.03,CS,BAGS/BOXES
MIX CAKE DEVILS FOOD COMPLT,10016000111124,6/5 LB,$97.89,CS,PACKAGES
MIX CAKE FUNNEL COMPLT,10041449100750,6/5LB,$42.51,CS,BAGS/BOXES
MIX CAKE WHITE COMPLT,10016000111322,6/5LB,$93.95,CS,PACKAGES
MIX CAKE YELLOW COMPLT,10016000111520,6/5LB,$93.95,CS,PACKAGES
MIX CORNBREAD COMPLT,10016000114224,6/5.62LB,$63.05,CS,PACKAGES
MIX DESSERT LEMON BAR W/FLLNG,10016000112404,6/4.1 LB,$97.70,CS,PACKAGES
Mix Drink Hydration Lemon Lime,10850021474741,8/6/1.69 oz,$181.51,CS,Powder Drinks
Mix Drink Hydratn Passion Frut,10850021474758,8/6/1.69 oz,$181.51,CS,Powder Drinks
Mix Fruit   Nut Tropical,10077034089551,42/2.5 oz,$40.79,CS,Snack Mixes
MIX GRAVY BISC W/PEPPER,10041460994123,6/24 OZ,$21.65,CS,DRY MIX
MIX GRAVY BRN INST GF,10048001005508,6/7 OZ,$32.15,CS,DRY MIX
MIX GRAVY BROWN 8/13.37 OZ,10050000382733,8/13.5OZ,$34.77,CS,DRY MIX
MIX GRAVY BROWN LOW SODIUM,10050000385727,8/16 OZ,$38.50,CS,MISC.
MIX GRAVY COUNTRY ZTF,10050000384225,8/22 OZ,$50.71,CS,DRY MIX
MIX GRAVY OLD FSHND,10041460994246,6/24OZ,$21.45,CS,GRAVY&BASE-MIS
MIX GRAVY TURKEY,10074865120637,6/11.3OZ,$30.47,CS,DRY MIX
MIX GUMBO BASE,10071429095479,6/1LB,$48.97,CS,OTHER
MIX MUFFIN VARIETY LFAT COMPLT,10016000115603,6/4.5LB,$77.60,CS,PACKAGES
MIX MUFFIN WHL GRAIN COMPLT,10016000315294,6/5 LB,$75.88,CS,MISC.
MIX PANCAKE GLDN VALLEY COMPLT,10016000108322,6/5 LB,$41.68,CS,PANCK/WFFLE MIX
Mix PeanutButter   Dark Choc,10077034084419,12/5.5 oz,$38.37,CS,Snack Mixes
MIX SEASONING CHILI POUCH,10052100962341,6/13 OZ,$35.70,CS,MIXES
MIX SEASONING FRENCH FRY RANCH,10021500806227,6/15 OZ,$86.39,CS,MIXES
MIX SEASONING SLOPPY JOE,10021500805701,6/15 OZ,$30.64,CS,MIXES
MIX SEASONING TACO,10021500806159,6/22 OZ,$61.83/$10.31,CS/EA,SEASONING
MIX SEASONING TACO NO MSG,10021500801109,6/9OZ,$27.63,CS,SEASONING
MIX WAFFLE BELGIAN,10016000118055,8/3.75LB,$54.10,CS,PANCK/WFFLE MIX
MIX WAFFLE HONEY & OAT LOW SUG,00856282003365,48/1.16OZ,$69.56,CS,PANCK/WFFLE MIX
Mixed Miniature Xmas Bag,10040000483424,24/10.57 oz,$83.50,CS,Seasonal
MOLASSES PURE POMEGRANATE,70000000000009,12/20 OZ,$135.15,CS,MISC.
MOLASSES UNSULFURD,70000000000009,4/1 GAL,$52.44/$13.11,CS/EA,MISC.
MONIN 750 PREM STRAWBERRY,543905,,$9.99,EA,
MONIN 750ML PRE PURE CANE SYRUP,543904,,$9.99,EA,
MONIN PREM CHERRY FLAV,543905,,$9.99,EA,
MONIN PREM WATERMELON CLASSIC,543906,,$9.99,EA,
Moon Pie Dbl Decker Banana,00072108540030,6/9/2.75 oz,$30.06/$5.01,CS/BX,Cookies
Moon Pie Dbl Decker Chocolate,00072108540016,6/9/2.75 oz,$30.06/$5.01,CS/BX,Cookies
Moon Pie Dbl Decker Vanilla,00072108540023,6/9/2.75 oz,$30.06/$5.01,CS/BX,Cookies
Moon Pie Salted Caramel,00072108540085,6/9/2.75oz,$30.06/$5.01,CS/BX,Cookies
Mounds KS,20034000052107,8/18/3.5 oz,$329.07/$41.13,CS/BX,Big Block/King Size
MOUSSE MIX VAN,10058336131339,12/2.7 OZ,$21.08,CS,MISC.
Mozzarella Sticks Breaded,10041322224696,6/22 oz,$43.09,CS,Miscellaneous
Mr  Goodbar KS,20034000223002,12/18/2.6 oz,$493.60/$41.13,CS/BX,Big Block/King Size
Mr  Goodbar RTL,20034000243000,12/36/1.75 oz,$564.82/$47.07,CS/BX,Singles-Chocolate
"Mrs Vickie""s Chips",943931,,$1.39,1,
Muddy Bears Theatre Box,00655956020123,12/3.1 oz,$13.92,CS,Bag Candy
Muddy Buddies Funfetti,10016000204291,7/4.25 oz,$18.82,CS,Snacks
Muffin Banana Nut IW,10091752001053,24/4 oz,$22.08,CS,Pastry
Muffin Banana Nut IW,10091752021051,4/12/6.5 oz,$68.78/$17.20,CS/BX,Pastry
Muffin Banana Nut IW TFF,10032100086278,24/4 oz,$28.27,CS,Pastry
Muffin Blubry IW TFF,10032100086254,24/4 oz,$28.27,CS,Pastry
Muffin Blueberry IW,10091752001008,24/4 oz,$24.61,CS,Pastry
Muffin Cake Blueberry IW,10823056500112,3/40/2 oz,$65.07,CS,Food Service
Muffin Choc Chip IW,10091752001152,24/4 oz,$22.55,CS,Pastry
Muffin Choc Choc Chip IW,10091752021204,4/12/6.5 oz,$79.91/$19.98,CS/BX,Pastry
Muffin Choc Dbl IW TFF,10032100086544,24/4 oz,$29.64,CS,Pastry
Muffin Chocolate Choco Chip IW,10091752001206,24/4 oz,$26.75,CS,Pastry
Muffin Double Chocolate Chip,10823056500174,6/20/2 oz,$65.07,CS,Pastry
Muffin Egg Canadian Bacon Ched,10850075822031,20/9.5 oz,$77.20,CS,Burritos
Muffin English Sausage Cheese,10077900347983,24/3.6 oz,$26.77,CS,Miscellaneous
Muffin Mountain Blueberry Min,10705599011518,12/2.29,$22.51,CS,Miscellaneous
Muffin Sausage Egg Cheese,10077900513692,12/5 oz,$18.96,CS,Breakfast
Muffin Wild Blueberry IW,10091752021006,4/12/6.5 oz,$69.74/$17.44,CS/BX,Pastry
MUSHROOM PHYLLO BEGGAR PURSE K751 FILLO,00745378751009,100 / 0.75 OZ,$135.16,CS,PREPARED FOODS
MUSHROOM TART K707,00745378707006,200 / 1 OZ,$221.07,CS,PREPARED FOODS
MUSHROOM WILD VOL AU VENT K7145 MTO,00745378714509,100 / .95 OZ,$125.77,CS,PREPARED FOODS
MUSTARD BROWN BOLD & SPCY,10041500819737,4/105 OZ,$27.85,CS,MISC.
MUSTARD DIJON GLASS JAR,10054400000259,12/8 OZ,$40.00,CS,YELLOW
MUSTARD DIJON GLS JAR,10054400000556,6/24 OZ,$68.52,CS,DIJON
MUSTARD DIJON PKT,00054400011319,200/.25 OZ,$25.74,CS,MISC.
MUSTARD DIJON PLS,10041500741281,6/32OZ,$44.98,CS,DIJON
MUSTARD DIJON PLS JUG,10041500819713,2/105 OZ,$48.26,CS,DIJON
MUSTARD DIJON ROOM SERVICE,10013000514009,60/2 OZ,$56.71,CS,MISC.
Mustard Dspnsr Pack TFF,10013000652008,2/1.5 gal,,CS,OILS & TOPPINGS
MUSTARD YELLOW PACKETS MILD,10013000530504,500/5.6GM,$19.44,CS,MISC.
MUSTARD YELLOW PLS JUG,10041500819386,4/105OZ,$18.39,CS,YELLOW
MUSTARD YELLOW POUCH DISP,10013000652008,2/1.5 GA,$33.85,CS,YELLOW
MUSTARD YELLOW SQZ CLS,10041500756773,12/12OZ,$17.16,CS,YELLOW
Mustard Yellow Upside Down,10013000007310,16/13 oz,$39.00,CS,Condiments
NASHVILLE HOT CHICKEN & WAFFLE K0918,00745378091808,120 / 1.3 OZ,$169.86,CS,PREPARED FOODS
Nerds Big Chewy Sharepack,00079200554194,4/12/4 oz,$92.78/$23.20,CS/BX,Singles-Non-Chocolat
Nerds Chewy Medium Peg,00079200702137,12/6 oz,$26.47,CS,Singles-Non-Chocolat
Nerds Clusters Juicy,10079200085299,12/4.5 oz,$26.47,CS,Bag Candy
Nerds Grape Strawberry,00079200369859,10/36/1.65 oz,$380.64/$38.06,CS/BX,Singles-Non-Chocolat
Nerds Gummy Clusters,00079200080730,12/5 oz,$24.26,CS,Bag Candy
Nerds Gummy Clusters,10079200049031,12/3 oz,$15.56,CS,Concessions
Nerds Gummy Clusters,10079200049055,4/12/3 oz,$92.78/$23.20,CS/BX,Singles-Non-Chocolat
Nerds Gummy Clusters DOY,10041420048545,6/8 oz,$25.58,CS,Count Goods
Nerds Rainbow Video Box,00079200674380,12/5 oz,$15.56,CS,Singles - No UPC
Nerds Rope Rainbow,10041420045698,12/24/.92 oz,$298.75/$24.90,CS/BX,Singles-Non-Chocolat
Nerds Rope Tropical,10041420045728,12/24/.92 oz,$304.51/$25.38,CS/BX,Singles-Non-Chocolat
Nerds Rope Verry Berry,10041420045704,12/24/.92 oz,$328.22/$27.35,CS/BX,Singles-Non-Chocolat
Nerds Wild Cherry Watermelon,00079200789633,10/36/1.65 oz,$380.64/$38.06,CS/BX,Singles-Non-Chocolat
NOODLE ASIAN UDON FRZN,30654156851880,30/250 G,$31.54,CS,MISC.
Noodle Bowl Hot Spicy Shrimp,10070662196622,6/3.27 oz,$8.28,CS,Soup
NOODLE CHOW MEIN,10044300126203,6/24 OZ,$41.80,CS,MISC.
NOODLE CHOW MEIN,00852724003016,4/3.5,$42.48,CS,MISC.
NOODLE LO MEIN,10760941718866,6/5 LB,$70.65,CS,ASIAN APPETZR
NOODLE RICE STICK PAD THAI,10041224723204,30/14 OZ,$137.92,CS,MISC.
NOODLE RICE STICKS,10070844004530,8/8 OZ,$28.32,CS,MISC.
NOODLE UDON DRY,00687080292855,1/3 LB,$30.72,CS,MISC
NOODLE UDON WHEAT DRY,00687080367324,12/3 LB,$172.20,CS,MISC
NOODLE YAKISOBA,10760941980133,6/5 LB,$61.65,CS,ASIAN APPETZR
Noodles Beef Cup,00070662230015,12/2.25 oz,$9.37,CS,Soup
Noodles Bowl Hot Spicy Chicken,10070662196615,6/3.32 oz,$8.28,CS,Soup
Noodles Chow Mein Teriyaki Bf,00070662082737,8/4 oz,$11.44,CS,Soup
Noodles Chow Mein Tryaki Chkn,00070662082799,8/4 oz,$11.44,CS,Soup
Noodles Cup Chicken,,12/2.25 oz,$9.37,CS,Soup
Noodles Korean BBQ Stir Fry,00070662424032,6/2.89 oz,$7.99,CS,Soup
Noodles Pad Thai Bowl,10737628010261,6/9.8 oz,$28.36,CS,Hot Food - Microwave
Noodles Sesame Teriyaki Bowl,10854285000869,6/8.5 oz,$27.56,CS,Hot Food - Microwave
Noodles Spcy KngPao Ht Srv Bwl,10854285000838,6/8.5 oz,$27.56,CS,Hot Food - Microwave
Noodles Sweet Chili Stir Fry,00070662424025,6/2.89 oz,$7.99,CS,Soup
Noodles Teriyaki Beef Stir Fry,00070662424018,6/3 oz,$7.99,CS,Soup
NOODLES UDON,,1 / 25 LB,$92.59,CS,PANTRY
Noodles with Shrimp Cup,00070662230022,12/2.25 oz,$9.37,CS,Soup
Noodles Yakisoba Beef Teriyaki,00041789907074,8/4 oz,$9.61,CS,Hot Food - Microwave
Noodles Yakisoba Chicken,00041789907012,8/4 oz,$9.61,CS,Hot Food - Microwave
Now   Later Apple,10093922521088,12/24/.93 oz,$88.41/$7.37,CS/BX,Singles-Non-Chocolat
Now   Later Banana,10093922521071,12/24/.93 oz,$88.41/$7.37,CS/BX,Singles-Non-Chocolat
Now   Later Org WtrmlnChangemk,10093922521002,12/24/.93 oz,$88.41/$7.37,CS/BX,Singles-Non-Chocolat
Now   Later Original Asst Bar,10041420029162,12/24/2.44 oz,,CS/BX,Singles - No UPC
NUT ALMOND,00028400106085,48/2.25OZ,$142.77,CS,MISC.
NUT ALMOND BLANCHED WHL,00687080254327,1/5 LB,$79.51,CS,ALMONDS
Nut Almonds Roasted Salted,20041570056138,12/12/1.5 oz,$156.91/$13.08,CS/BX,Nuts
NUT CASHEW WHL RSTD SLTD,00028400077002,48/2.25OZ,$99.41,CS,MISC.
NUT CASHEW WHL SLTD FCY,10074865597118,3/2LB,$102.47,CS,CASHEWS
NUT MIX ALM MANGO TANGO 1.5OZ,30893869003593,18/1.5 OZ,$26.06,CS,MISC.
NUT MIX CASHEW POM,30893869003289,18/1.5 OZ,$26.06,CS,MISC.
Nut Mix Chocolate 8ct,10824295136636,8/8 oz,$49.18,CS,Snacks
Nut Mix Cranberries 8ct,,8/8 oz,$49.18,CS,Snacks
NUT MIXED,00028400725989,48/2.25OZ,$99.41,CS,MISC.
NUT MIXED NO PEANUT SLTD XFCY,10074865120163,3/2 LB,$75.03,CS,MIXED NUTS
NUT MIXED WITH FRUIT,00028400077859,48/2.25OZ,$99.41,CS,MISC.
NUT PECAN MED FNCY PIECE,00070690460019,1/5 LB,$56.44,CS,PECANS
NUT PINE,00687080006803,1/5 LB,$274.62,CS,NUTS
NUT PINE SHELLED RAW,00074865717823,1/5 LB,$159.71,CS,PIGNOLIA/PINE
NUT PISTACHIO RAW,70000000000009,1/5#,$89.87,CS,CANDY&NUTS-MIS
NUT PISTACHIO SHELLED RAW,10074865758724,3/2LB,$137.22,CS,PISTACHIO
NUT WALNUT GLAZED PCS,10070690470954,1/5 LB,$49.12,CS,WALNUTS
Nutella   Go Cup w Pretzel,10009800804013,4/12/1.9 oz,$81.30/$20.33,CS/BX,Snacks
Nutella Jar Plastic,10009800802217,12/7.7 oz,$39.85,CS,Condiments
Nutella To Go Cup w Breadstick,10009800803146,4/12/1.8 oz,$81.30/$20.33,CS/BX,Snacks
Nutri Grain Bar Bites Strwbrry,00038000296130,6/2.3 oz,$10.09,BX,Granola Bars
Nutri Grain Bar Bites Strwbrry,00038000296130,8/6/2.3 oz,$79.03,CS,Granola Bars
NutriGrain Bar Bites Choc Chip,00038000296079,8/6/2.3 oz,$79.03,CS,Granola Bars
Nuts Almonds Blueberry,10041570094751,12/12/1.5 oz,$156.91/$13.08,CS/BX,Nuts
Nuts Almonds Lightly Salted,10041570099756,6/12 oz,$44.70,CS,Nuts
Nuts Almonds Roasted Salted,10041570099275,6/12/4 oz,$190.17/$31.70,CS/BX,Nuts
Nuts Almonds Salted,10077034089711,100/1 oz,$75.80,CS,Nuts
Nuts Almonds Smokehouse,10041570099183,6/12/4 oz,$190.17/$31.70,CS/BX,Nuts
Nuts Almonds Smokehouse,00041570130445,12/12/1.5 oz,$156.91/$13.08,CS/BX,Nuts
Nuts Almonds Wasabi Soy Sauce,10041570099312,6/12/4 oz,$190.17/$31.70,CS/BX,Nuts
Nuts Almonds Whole Natrl Foil,10041570003838,6/12/4 oz,$190.17/$31.70,CS/BX,Nuts
Nuts Almonds Whole Natural,10041570051815,12/1.5 oz,$13.36,BX,Nuts
Nuts Almonds Whole Natural,10041570051815,12/12/1.5 oz,$156.91/$13.08,CS/BX,Nuts
Nuts Cashews Honey Travel Pak,10077034084853,12/3 oz,$38.37,CS,Nuts
Nuts Cashews Salted,10077034084471,12/3 oz,$38.37,CS,Nuts
Nuts Cashews Salted Tube,10077034012016,3/12/1.5 oz,$46.48,CS,Bagged Vend Size
Nuts Chili Lime,10686700670070,12/7 oz,$34.17,CS,Nuts
Nuts Japones,10686700670087,12/7 oz,$34.17,CS,Nuts
Nuts Mexican,10686700670094,12/7 oz,$34.17,CS,Nuts
Nuts Mixed,00028400125277,6/8/2.25 oz,,CS/BX,Nuts
Nuts Salty Lime,10686700670063,12/7 oz,$34.17,CS,Nuts
Nyquil Severe Cold   Flu,00323900042612,4/8/1 oz,$87.45,CS,Miscellaneous
Oat Collagen Cup Blubry Walnut,10810589030339,12/2 oz,$24.31,CS,Cereal
OAT STEEL CUT GLUTEN FREE,10039978013856,4/24 OZ,$38.55,CS,MISC.
Oat Strawberry   Cream Cup,10030000568061,12/1.51 oz,$18.79,CS,Miscellaneous
Oatmeal Apple Cinnamon Express,00030000319734,24/1.51 oz,$32.59,CS,Miscellaneous
Oatmeal Apple Cinnamon Express,00030000319734,24/1.51 oz,$31.13,CS,Miscellaneous
Oatmeal Blueberry Hazelnut GF,40039978011846,12/2.5 oz,$21.73,CS,Large Single Serve
Oatmeal Chocolate Chip in Cup,10705599013420,12/2.12,$23.69,CS,Miscellaneous
Oatmeal Creme Pie,00024300098017,8/24/1.34oz,$50.45,CS,Snack Pastry
Oatmeal Instant Variety,00030000316825,1/64 ct,$29.43,CS,Miscellaneous
Oatmeal Maple Brown SgrExpress,00030000319710,24/1.69 oz,$32.59,CS,Miscellaneous
Oatmeal Maple Brown SgrExpress,00030000319710,24/1.69 oz,$31.13,CS,Miscellaneous
Oatmeal Maple Brown Sugar Cup,10705599013444,12/2.12,$23.69,CS,Miscellaneous
Oatmeal Maple Brown Sugar GF,40039978031844,12/2.15 oz,$21.73,CS,Large Single Serve
Oats Overnight Apple Cinnamon,10850003994175,8/5 oz,$13.04,CS,Miscellaneous
Oats Overnight Vanilla Bean,10850003994151,8/5 oz,$13.04,CS,Miscellaneous
OG Hickory   1oz Bf Stick,10852089007510,24/1 oz,$38.04,BX,Meat Snacks
OIL AVOCADO,10889356081232,6/1 LTR,$98.21,CS,AVOCADO
OIL BUTTER FLVR,10781525651447,3/1 GAL,$38.68,CS,MISC.
OIL CANOLA,20041618500166,4/1 GAL,$46.47,CS,MISC.
Oil Canola Popcorn BIB,00026700118760,1/35 lb,$58.71,CS,FATS AND OILS
Oil Cheetos Falmin Hot Flavor,00028400617659,8/16 oz,$133.44,CS,General Grocery
Oil Coconut All in One,20076150600746,24/10.6 oz,$30.96,CS,MISC FOOD
Oil Coconut BIB,00073391900457,1/35 lb,$81.02,CS,FATS AND OILS
OIL COCONUT PAN & GRILL PAIL,00026700190162,1/35 LB,$128.31,CS,PAN&GRILL
OIL OLIVE EXTRA VIRGIN,10072071137777,6/1 GAL,$256.01,CS,EXTRA VIRGIN
OIL POPCORN BIB,00026700173660,1/35 LB,$60.81,CS,MISC.
OIL POPCORN CHEETOS FLAVORED,00028400618885,8/1LB,$124.13,CS,POPCORN
OIL SESAME SEED JAPANESE,10074865083420,12/12OZ,$69.06/$5.76,CS/EA,NUT OILS
OIL TRUFFLE WHT,10041224706306,1/8.5 OZ,$26.76,CS,INFUSED
OKRA PICKLED,10071675387007,6/.5 GAL,$46.45,CS,MISC.
OLIVE GREEN STUFFED W/FETA MT ATHOS,10631723004005,2 / 4 LB,$117.06,CS,OLIVES FRUITS VEGETABLES
OLIVE KALAMATA DIVINA PITTED,10631723202203,6 / 6 OZ,$34.96,CS,OLIVES FRUITS VEGETABLES
OLIVE KALAMATA UNPITTED,10631723002216,2 / 5 LB,$66.00,CS,OLIVES FRUITS VEGETABLES
OLIVE MANZANILLA STFD 340/360,10041224718484,4/1 GAL,$111.82,CS,STUFFED IMP
OLIVE MIX MUFFALETTA,70000000000009,4/1 GAL,$84.70,CS,MISC.
OLIVE MT ATHOS STUFFED BLUE CHS FRESH P,10631723304532,2 / 5.5 LB,$142.58,CS,OLIVES FRUITS VEGETABLES
OLIVE QUEEN STFD 100/110 CT,10073600003785,4/1 GAL,$156.34,CS,STUFFED DOM
OLIVE RIPE SLICED,10073600003709,6/#10,$81.45,CS,SLICED DOM
OLIVES GREEN STUFF W/RSTED RED PEP,10631723302781,2 / 5 LB,$94.54,CS,OLIVES FRUITS VEGETABLES
Olives Grn Ptd Basil   Garlic,00854918002256,10/1.1 oz,$9.68,CS,Condiments
Olives Grn Ptd Basil   Garlic,00854918002256,10/1.1 oz,,CS,Condiments
OLIVES KALAMATA PITTED MINI KEG,,1 / 4.4 LB,$32.53,CS,OLIVES FRUITS VEGETABLES
OLIVES MT ATHOS GREEN GARLIC STUFFED,10631723302767,2 / 5 LB,$92.42,CS,OLIVES FRUITS VEGETABLES
Omega 3 Mix,10824295140466,14/2 oz,$22.19,CS,Nuts
Omega 3 Mix,10824295137602,30/2 oz,$45.38,CS,Nuts
Omega 3 Mix,10824295137602,30/2 oz,$44.42,CS,Nuts
ONION CHP DEHY DISPEN,10052100796083,1/15LB,$84.12,CS,MISC.
ONION PIECES FRENCH FRIED,10041500220069,6/24OZ,$49.08,CS,MISC.
ORANGE MANDARIN IN JUICE,10038900042223,6/10#,$82.01,CS,MISC
ORANGE MANDARIN SECT JUICE CUP,10038900042087,36/4OZ,$24.73,CS,MISC
Oreo Cakesters Original 3pk,10044000069909,6/8/3.03 oz,$77.32/$12.89,CS/BX,Cookies
Oreo Cakesters Peanut Butter,10044000075344,6/8/3.03 oz,$77.32/$12.89,CS/BX,Cookies
Oreo Cookie Orgnl,10044000060111,12/13.29 oz,$59.98,CS,Cookies
Oreo Gldn Ds King,10044000082120,2/12/4.15 oz,$38.66/$19.33,CS/BX,Cookies
Oreo Golden Cakesters,10044000080577,6/8/3.03 oz,$77.32/$12.89,CS/BX,Cookies
Oreo Orgnl Dbl Stuff,10044000060135,12/14.03 oz,$59.98,CS,Cookies
Oreo Orig King Sz,10044000082069,2/12/3.22 oz,$38.66/$19.33,CS/BX,Cookies
Oreo Orig King Sz Ds,10044000082090,2/12/4.15 oz,$38.66/$19.33,CS/BX,Cookies
Oreo Original Single Serve,10044000078376,4/10/1.59 oz,$26.53/$6.63,CS/BX,Snacks
Oreo Peanut Butter Mini,10044000081796,12/3 oz,$17.62,CS,Cookies
P3 Pk Tky Brst ColbyJkChs Almd,10044700070755,2/5/2 oz,$19.29/$9.65,CS/BX,Lunchables/Snacks
Pad Thai,10042272009241,12/9.5 oz,$71.03,CS,Miscellaneous
PAD THAI NOODLE RICE STICK MED ERAWAN,,30 / 16 OZ,$150.98,CS,PANTRY
PALM HEART WHL,70000000000009,12/14 OZ,$29.33,CS,HEARTS OF PALM
PAN COATING ARSL GRL CANO,543909,6/17OZ,$39.41/$6.57,CS/EA,
PAN COATING ARSL GRL CANOLA,20064144322767,6/17 OZ,$40.09,CS,ARSL/PAN COAT
Pancake   Sausage Griddlers,10077900335294,20/4 oz,$22.30,CS,Miscellaneous
Pancake Maple Cup Buttermilk,10030000573713,12/2.11 oz,$24.14,CS,General Grocery
Pancakes Buttermilk,00038000247125,8/14.8 oz,$20.59,CS,Breakfast
Paper Parchment Silicone 12X12,10078731601916,1/1000 ct,$58.13,CS,Miscellaneous
Parm Crisps Parmesan Ranch Mix,10840093500998,8/12/12 ea,$152.37,CS,Snacks
PASTA BLEND ORZO VEGGIE,10071179020479,6/2.5 LB,$39.31,CS,MISC.
PASTA CAPELLINI,10076808039112,2/10 LB,$25.08,CS,MISC.
PASTA CAVATAPPI CELLENTANI,10076808000716,2/10 LBS,$25.08,CS,SPEC PASTA MISC
PASTA CONCHIGLIE RIGATE,10076808039310,2/10 LB,$25.08,CS,MISC.
PASTA DITALINI,00076808049589,16/1 LB,$26.81,CS,MISC.
PASTA ELBOW 100% WHL GRAIN,10076808006091,2/10 LB,$31.69,CS,MISC
PASTA FARFALLE BOWTIE,10076808039211,2/10 LB,$25.08,CS,MISC.
PASTA FETTUCINE,10076808039136,2/10 LB,$25.08,CS,LONG GOODS MISC
PASTA FETTUCINE GLTN FREE,10076808006251,12/12 OZ,$31.19,CS,SPEC PASTA MISC
PASTA GEMELLI,10076808039297,2/10 LB,$25.08,CS,SHRT GOODS MISC
PASTA GNOCCHI POTATO DUMPLING,06564420003842,2/5 LB,$27.47,CS,MISC.
PASTA LASAGNA OVEN RDY GF,10076808007937,12/10 OZ,$31.19,CS,SPEC PASTA MISC
"PASTA LASAGNA ROLLETTE CHEESE, 1/13.125LB",10812342023077,60/3.5OZ,$45.73,LBS,ROLLETTES
"PASTA LASAGNA ROLLETTE SPINACH & CHEESE, 1/13.125LB",10812342026368,60/3.5OZ,$46.23,LBS,ROLLETTES
"PASTA LASAGNA ROLLETTE VEGETABLE & CHEESE, 1/13.125LB",10071375721541,60/3.5OZ,$45.73,LBS,ROLLETTES
PASTA LASAGNA SHEETS FLAT,00889356148501,1/10 LB,$34.59,CS,LASAGNA SHEETS
PASTA LASAGNA WAVY,10895059000616,12/16OZ,$29.41,CS,MISC
PASTA LINGUINE,10076808039167,2/10 LB,$25.08,CS,MISC.
PASTA LINGUINI FINI,10076808039150,2/10 LB,$25.08,CS,MISC.
PASTA MACARONI ELBOW,10076808520474,2/10 LB,$25.08,CS,MISC
PASTA MACARONI ELBOW GLUTEN FR,00076808004182,8/12 OZ,$20.79,CS,SPEC PASTA MISC
PASTA MANICOTTI CHEESE,10889356149543,60/2.75OZ,$44.32,CS,MANICOTTI STFD
"PASTA MANICOTTI CHEESE, 1/15LB",10070510556294,1/15LB BULK,$49.25,LBS,MANICOTTI
PASTA NOODLE EGG MED,10074865198230,2/5 LB,$29.37,CS,MISC.
PASTA ORECCHIETTE,10076808007944,2/10 LB,$25.08,CS,SPEC PASTA MISC
PASTA ORZO,00076808049565,16/1 LB,$26.81,CS,SPEC PASTA MISC
PASTA ORZO,10076808009283,2/160 OZ,$25.08,CS,SHRT GOODS MISC
PASTA PASTINA,10076808000471,16/12 OZ,$26.81,CS,SPEC PASTA MISC
Pasta Penne GF,00076808004205,8/12 oz,$22.35,CS,PASTA PRODUCTS
PASTA PENNE RIGATE,10076808039242,2/10 LB,$25.08,CS,SHRT GOODS MISC
PASTA PENNE RIGATE GLUTEN FREE,00076808004205,8/12 OZ,$20.79,CS,SPEC PASTA MISC
PASTA PENNE WHL GRAIN 100%,10076808006060,2/10 LB,$31.69,CS,SPEC PASTA MISC
PASTA PIPETTE,10076808535218,2/10 LB,$25.08,CS,MISC.
PASTA RAVIOLI BEEF,10889356150044,2/5 LB,$36.91,CS,RAVIOLI
PASTA RAVIOLI CHEESE JUMBO,10889356149666,3/3 LB,$36.65,CS,RAVIOLI
PASTA RAVIOLI CHEESE SQUARE,10889356150037,3/3 LB,$30.21,CS,RAVIOLI
"PASTA RAVIOLI CHEESE, 2/5LB",10071375734493,10 LB BULK,$26.79,LBS,RAVIOLI
PASTA RIGATONI,10076808039280,2/10 LB,$25.08,CS,SHRT GOODS MISC
PASTA ROTINI 100% WHL GRAIN,10076808006084,2/10 LB,$31.69,CS,SHRT GOODS MISC
PASTA ROTINI CHICKPEA GF,10076808008484,10/8.8 OZ,$25.99,CS,SPEC PASTA MISC
PASTA ROTINI FUSILLI,10076808039334,2/10 LB,$25.08,CS,SHRT GOODS MISC
PASTA ROTINI GLUTEN FREE,00076808004199,8/12 OZ,$20.79,CS,SPEC PASTA MISC
PASTA ROTINI TRICOLOR,10895059000678,2/10 LB,$30.88,CS,SHRT GOODS MISC
PASTA SHELL JUMBO,10076808517085,12/12 OZ,$29.41,CS,SPEC PASTA MISC
PASTA SHELL MED,10076808006381,2/10 LB,$25.08,CS,MISC
PASTA SPAGHETTI,10076808039129,2/10 LB,$25.08,CS,MISC.
PASTA SPAGHETTI,10076808280088,20/1 LB,$33.52,CS,MISC.
PASTA SPAGHETTI 100% WHL GRAIN,10076808006077,2/10 LB,$31.69,CS,MISC.
PASTA SPAGHETTI GLUTEN FREE,10076808003885,12/12 OZ,$31.19,CS,MISC.
PASTA SPAGHETTINI,10076808044185,2/10 LB,$25.08,CS,MISC.
PASTA TORTELLINI CHEESE,10070510556284,2/5LB,$28.43,LBS,TORTELLINI
PASTA TORTELLINI CHEESE,10889356149765,3/3 LB,$31.36,CS,TORTELLINI
PASTA TORTELLINI TRICOLOR,70000000000009,1/10 LB,$29.53,CS,TORTELLINI
PASTA ZITI,10076808039259,2/10 LB,$25.08,CS,SHRT GOODS MISC
PASTE ACHIOTE PREMIUM,00687080417098,1/1 LB,$29.75,CS,MISC.
PASTE CHILI GOCHUJANG ORIG,00852375003137,6/3 LB,$76.42,CS,MISC.
PASTE CHILI GUAJILLO,00687080258288,4/1 LB,$63.90,CS,PASTE
PASTE CURRY RED THAI KTCHN,10737628908001,6/35 OZ,$80.03/$13.34,CS/EA,MISC
PASTE MISO RED,10858764000128,1 / 2.2 LB,$12.51,CS,PANTRY
PASTE TAHINI,10041224701509,12/16 OZ,$84.55,CS,MISC.
PASTE TAMARIND,00687080284904,8/1 LB,$104.14,CS,MISC
Pastry Claw Strwbrry Cheese Fz,10888109800212,6/6/4.25 oz,$31.22,CS,Pastry
Pastry Protein Cake Strawberry,00810035971325,4/10/2.2 oz,$87.18/$21.80,CS/BX,Snacks
Patties Beef Original 6ct,10054500191451,4/1.01 lb,,CS,Protein
Payday Bar RTL,20010700807230,12/24/1.85 oz,$376.55/$31.38,CS/BX,Singles-Non-Chocolat
Payday KS,20010700807261,8/18/3.4 oz,$329.07/$41.13,CS/BX,Big Block/King Size
Payday Peanut Chocolate KSize,20010700858546,8/18/3.1 oz,$329.07/$41.13,CS/BX,Big Block/King Size
Pb Bite Girl Scout Adventure,10037600008058,8/5.5 oz,$27.26,CS,Snacks
Pb Bite Girl Scout Coconut,10037600337400,8/5.5 oz,$29.52,CS,Snacks
PB Bites Girl Scout Advntrfuls,10037600340059,3/12/1.5 oz,$42.24,CS,Snacks
PEA BLACKEYE,10039400016592,6/#10,$39.26,CS,BLACKEYE
PEACH DICED IN 100% FRUIT JUIC,10038900030732,36/4 OZ,$23.64,CS,DICED DOM
PEACH DICED W/PEAR JUICE,10024000040368,6/#10,$72.14,CS,DICED DOM
PEACH DICED YELLOW CLING ELS,10024000509698,6/#10,$70.35,CS,DICED DOM
Peach Rings Tajin Mild Clasico,00087076296476,6/5 oz,$14.26,CS,Bag Candy
PEACH SLICED IN EXT LGHT SYRUP,10024000509667,6/#10,$67.91,CS,SLICED DOM
Peaches Gummi,10020709002539,12/4.25 oz,$18.29,CS,Bag Candy
Peanut Butter   Jelly Bites,00829262002160,3/25/1.3 oz,$47.97,CS,Snacks
Peanut Butter Almond Blondie S,00602652432422,8/6/1.4 oz,$68.88,CS,Miscellaneous Snack
Peanut Butter Choc Chip Bites,00829262002139,3/25/1.3 oz,,CS,Snacks
PEANUT BUTTER CREAMY,10070690916582,6/5 LB,$64.10,CS,MISC.
PEANUT BUTTER CREAMY CUP,00051500080511,200/.75 OZ,$45.38,CS,MISC.
Peanut Butter Cups,10888849011459,12/12/1.48 oz,$317.23/$26.44,CS/BX,Miscellaneous
Peanut Butter Dark Choc Mini,10850025501252,9/24ct,$225.13,CS,Cookies
Peanut Butter Extra Crunchy,10051500255374,12/16 oz,$35.60/$2.97,CS/BX,General Grocery
Peanut Butter Mini M M s,10040000587948,6/24/1.74 oz,,CS/BX,Miscellaneous
Peanut Chews,10070970930093,8/18/3.3 oz,$232.48/$29.06,CS/BX,Singles-Non-Chocolat
Peanut Chews Dark Original,10070970930246,12/24/2 oz,$261.95/$21.83,CS/BX,Singles-Chocolate
PEANUT DRY ROAST SLTD BLANCHED,10074865112533,3/2LB,$26.05,CS,PEANUTS
PEANUT GRANULATED D/RST UNSALT,10074865115336,3/2LB,$23.35,CS,PEANUTS
Peanut Honey Roasted,10070690282151,30/1.5 oz,$20.69,CS,Nuts
Peanut Honey Roasted,10070690282151,30/1.5 oz,$20.25,CS,Nuts
Peanut in Shell Salted,10081864201083,36/8 oz,$40.87,CS,MISC FOOD
Peanut in Shell Salted Sport,10081864001409,36/7 oz,$35.86,CS,MISC FOOD
Peanut Roasted Salted,10070690282106,30/1.5 oz,$20.69,CS,Nuts
PEANUT RST IN SHELL SLTD,00081864201307,1/25 LB,$70.68,CS,PEANUTS
PEANUT RSTD SALTED,10070690282106,30/1.5 OZ,$19.49,CS,PECANS
Peanut Salt Shell Rstd TXRdhse,10081864160748,36/7 oz,$34.38,CS,MISC FOOD
Peanut Tajin Fiesta Mix,00087076896447,12/2.25 oz,$14.22,CS,Nuts
Peanuts Classico Tajin,00087076296407,6/5 oz,$14.86,CS,Large Single Serve
Peanuts Dry Roasted,10029000015446,12/6 oz,$18.20,CS,Nuts
Peanuts Flaming Hot,00028400795883,96/1.63 oz,,CS,Nuts
Peanuts Hidden Valley Ranch,00087076897048,12/2.25 oz,$14.22,CS,Nuts
Peanuts Honey Roasted,10029000000589,144/2 oz,$66.52,CS,Nuts
Peanuts Honey Roasted,10029000076966,144/1 oz,$35.01,CS,Nuts
Peanuts Honey Roasted RTL,10029000012575,12/6 oz,$18.20/$1.52,CS/BX,Nuts
Peanuts Hot Chile   Lime,10757528008946,3/12/3.2 oz,$59.70,CS,Nuts
Peanuts Lightly Salted,10029000000596,144/2 oz,$66.52,CS,Nuts
Peanuts Nut Butter Classic,10824295142026,14/2 oz,$19.73,CS,Snacks
Peanuts Nut Butter Cocoa Dstd,10824295142033,14/2 oz,$19.73,CS,Snacks
Peanuts PB  chocolate,10824295142019,14/2 oz,$19.73,CS,Snacks
Peanuts PB J Strawberry,10824295142002,14/2 oz,$19.73,CS,Snacks
Peanuts Salted,10029000000367,144/2 oz,$66.52,CS,Nuts
Peanuts Salted,10029000076928,144/1 oz,$35.15,CS,Nuts
Peanuts Salted,10077034089995,42/3.5 oz,$40.79,CS,Nuts
Peanuts Salted,10077034089889,72/2 oz,$42.64,CS,Nuts
Peanuts Salted,00028400746175,6/16/1.62,$45.99,CS,Nuts
Peanuts Salted In Shell,,48/3 oz,$25.74,CS,MISC FOOD
Peanuts Salted In Shell,10081864201045,48/6 oz,$42.50,CS,MISC FOOD
Peanuts Salted RTL,10029000012582,12/6 oz,$18.20/$1.52,CS/BX,Nuts
Peanuts Salted Travel Pack,10077034086222,12/7 oz,$38.37,CS,Nuts
Peanuts Tajin Classico,00087076896409,12/2.75 oz,$14.22,CS,Nuts
PEAR DICED IN JUICE,10038900030190,36/4 OZ,$23.64,CS,DICED IMP
PEAR DICED IN JUICE,10024000222023,6/#10,$62.39,CS,DICED DOM
PEAR SLICED IN JUICE,10024000222030,6/10#,$62.39,CS,SLICED DOM
Pecan Caramel Salted,10072238041824,30/1.5 oz,$39.57,CS,Nuts
PECAN HALF MED FCY RAW,00074865435673,1/5 LB,$61.78,CS,PECANS
PECAN PCS SML FCY,00074865434522,1/5 LB,$63.53,CS,PECANS
Pecan Spnwhl Vend MicroMrkt,00024300894961,6/12/2.10 oz,$47.29/$7.88,CS/BX,Pastry
Pecans Banana Rum,10893869000307,18/1.5 oz,$27.66,CS,Nuts
Pecans Banana Rum,10893869000307,18/1.5 oz,$27.08,CS,Nuts
Pecans Banana Rum Glazed Mix,10893869000284,6/4 oz,$26.44,CS,Nuts
Pecans Maple,10893869000185,18/1.5 oz,$27.66,CS,Nuts
Pecans Maple,10893869000185,18/1.5 oz,$27.08,CS,Nuts
Pecans Maple Premium Blend,00893869000713,6/4 oz,$26.44,CS,Nuts
PEPPADEW AND ASPARAGUS FRITTATA K417,00745378417011,60 / 3.35 OZ,$153.09,CS,PREPARED FOODS
PEPPADEW PEPPERS RED WHOLE IN TIN,10654287000542,2 / 105 OZ,$81.11,CS,OLIVES FRUITS VEGETABLES
PEPPADEW STUFFED PARM BREADED K8156,00745378815602,200 / 0.6 OZ,$212.40,CS,PREPARED FOODS
PEPPER BANANA RINGS,50041820100070,4/1 GAL,$44.56,CS,PEPPERS
PEPPER CHILE PWDR GOCHUJANG,00687080647945,1/17 OZ,$39.22,CS,MISC.
PEPPER CHILE THAI DRIED,00687080257977,1/1 LB,$43.89,CS,GRND SPEC SPICE
PEPPER CHILI ANCHO DESTEMMED,00687080029222,1/1 LB,$34.03,CS,GRND SPEC SPICE
PEPPER CHILI GUAJILLO,00687080004687,1/1 LB,$32.60,CS,CHILI PEPPERS
PEPPER CHILI NEW MEXICO,00687080004809,1/1 LB,$35.00,CS,CHILI PEPPERS
PEPPER CHIPOTLE IN ADOBO SAUCE,10075386048585,12/7 OZ,$21.83,CS,MEXICAN FD-MISC
PEPPER CHIPOTLE MORITA PWDR IR,00687080575521,1/20 OZ,$42.52,CS,MISC.
PEPPER CHIPOTLE MORITA PWDR IR,00687080575538,6/20 OZ,$153.90,CS,MISC.
PEPPER HABANERO PWDR PURE,00687080419535,6/16 OZ,$243.50,CS,GRND SPEC SPICE
PEPPER JALAPENO DEHYDRATED,00760948601225,1/8 OZ,$68.39,CS,MISC.
PEPPER JALAPENO SLI NACHO,10075386049780,6/#10,$61.98,CS,MISC.
Pepper Packet,00806795609288,3/1000/.1 gm,$15.79,CS,General Grocery
Pepper Red Crushed Packet,00806795042658,500/1 gm,$17.42,CS,SPICES
PEPPER RED ROASTED STRIP,10041224456287,6/2.5 KG,$66.69,CS,RED
PEPPER RED ROASTED WHOLE,10073600093823,12/28 OZ,$43.21,CS,RED
PEPPERONCINI WHOLE IMPORTED,10041224456942,4/128OZ,$39.34,CS,PEPPERONCINI
Pepperoni   Mozz Twin Pack,90017869807124,2/8/1.5 oz,$29.10/$14.55,CS/BX,Lunchables/Snacks
Pepperoni Mozz Cracker Pack,10813039024025,10/2 oz,$35.54,CS,Lunchables/Snacks
Pepperoni Sliced,10031400050057,2/5 lb,$52.88,CS,Protein
peppers jaiapeno nacho sliced,563776,4/1gal,$61.16,case,
Peppers Jalapeno Slices,10079426211199,4/1 gal,$34.12,CS,MISC FOOD
Phone Battery Power Bank,20707062886095,24/1 ea,$302.86,CS,Miscellaneous
Pibb Xtra 5Gal,00049000989106,1/5 gal,$136.87,CS,Syrup
Pickle  10 Big Papa In A Pouch,00038200101210,1/12 ct,$13.53,CS,Miscellaneous
Pickle  10 Hot Mama In A Pouch,00038200101227,12/11.2 oz,$13.53,CS,Miscellaneous
Pickle  4 Dill Mild In A Pouch,00038200041219,1/12 ct,$9.78,CS,Miscellaneous
Pickle  4 Large Hot In A Pouch,00038200041226,1/12 ct,$9.78,CS,Miscellaneous
Pickle  4 Lg Kosher In A Pouch,00038200041233,1/12 ct,$9.78,CS,Miscellaneous
Pickle  6 Dill Jumbo In A Pch,00038200000063,1/12 ct,$11.00,CS,Miscellaneous
PICKLE CHIP DILL KO RE KK 5/16,00889356004487,1/5 GAL,$37.64,CS,CHIPS/SLICES
PICKLE DILL BITES,40074329123342,6/3.25OZ,$8.16,CS,CHIPS/SLICES
Pickle Dill Cutz,00038200000032,12/3.25 oz,$11.30,CS,Miscellaneous
PICKLE DILL HOTTIE BITES,40074329123137,6/3.35OZ,$8.16,CS,CHIPS/SLICES
PICKLE DILL SASSY BITES,40074329123212,6/3.25OZ,$8.16,CS,CHIPS/SLICES
Pickle Dill Snack,20054100000396,12/2 oz,$21.03,CS,Miscellaneous
Pickle Dill Sng Serve Pouch,20074329123362,12/1 ct,$14.61,CS,Miscellaneous
Pickle Dilly Bites,40074329123342,6/3.25 oz,$8.78,CS,Miscellaneous
Pickle Hotties Bite,40074329123137,6/3.25 oz,$8.78,CS,Miscellaneous
Pickle Ice Bag RTL,00038200232150,6/8/2 oz,$11.34/$1.89,CS/BX,Miscellaneous
Pickle Kosher Dill Sprs Glass,10054100004328,6/16 oz,$18.45,CS,General Grocery
Pickle Sassy Bites,40074329123212,6/3.25 oz,$8.78,CS,Miscellaneous
PICKLE SPR KO 275/325 CT REF,00734730677439,1/5 GAL,$40.06,CS,SPEARS
Pie Apple Bites,00829262002153,3/25/1.3 oz,$43.53,CS,Snacks
Pie Apple FOA,30888109021390,6/8/4.5 oz,$71.67/$11.95,CS/BX,Pastry
Pie Apple FOA,00072250903813,6/8/4.5 oz,$45.02,CS,Pastry
Pie Cherry FOA,30888109021406,6/8/4.5 oz,$71.67/$11.95,CS/BX,Pastry
Pie Cherry FOA,00072250911160,6/8/4.5 oz,$45.02,CS,Pastry
Pie Chocolate Cream,10041458117046,12/5.34 oz,$37.65,CS,Miscellaneous
Pie Key Lime,10041458117053,12/6.5 oz,$37.65,CS,Miscellaneous
Pie Snack Apple,00011284303015,4/12/4 oz,$44.79,CS,Pastry
Pie Snack Cherry,00011284303022,4/12/4 oz,$44.79,CS,Pastry
Pie Snack Peach,00011284303114,4/12/4 oz,$44.79,CS,Pastry
PIMENTO CHEESE FRITTER K8166,00745378816609,200 / 1 OZ,$176.52,CS,PREPARED FOODS
PIMENTO DICED PLD,10734730494668,12/28 OZ,$75.66,CS,DOMESTIC
PINEAPPLE CRSHD JCE FCY,10038900007659,6/#10,$61.47,CS,CRUSHED DOM
Pineapple Rings Organic,00856261006660,6/3.5 oz,$28.86,CS,Snacks
PINEAPPLE TIDBIT JCE FCY,10038900005532,6/#10,$61.47,CS,TIDBETS DOM
Pink Lady Apple Kombucha,10811184031516,12/11.5 oz,$25.35,CS,Miscellaneous
Pink Snowballs FOA,00072250915816,6/8/4.5 oz,$45.02/$7.50,CS/BX,Pastry
Pistachio Chili Roasted N Shll,10014113910856,10/5.5 oz,$65.86,CS,Nuts
Pistachio Chili Roasted NoShel,10014113910870,3/8/2.25 oz,$75.33/$25.11,CS/BX,Nuts
Pistachio Chili Roasted NoShel,10014113990216,96/.75 oz,$79.60,CS,Nuts
Pistachio Honey Roasted NoShel,10014113910863,3/8/2.25 oz,$75.33/$25.11,CS/BX,Nuts
Pistachio Honey Roasted NoShel,10014113990223,96/.75 oz,$79.60,CS,Nuts
Pistachio Jalapeno Lime Shelld,10014113701546,3/8/2.25 oz,$75.33/$25.11,CS/BX,Nuts
Pistachio Pmrgnt Nut Blends,10893869000727,6/4 oz,$26.44,CS,Nuts
Pistachio Roasted InShell,10014113702178,12/12/1.25 oz,$141.56/$11.80,CS/BX,Nuts
Pistachio Rstd   Salted,30014113734067,10/6 oz,$66.09,CS,Nuts
Pistachio Rstd Salted No Shell,10014113990049,96/.75 oz,$81.32,CS,Nuts
Pistachio Rstd Salted No Shell,10014113990049,96/.75 oz,$79.60,CS,Nuts
Pistachio Salt   Vinegar No Sh,10014113700334,3/8/2.25 oz,$75.33/$25.11,CS/BX,Bagged Vend Size
Pistachio Salt Vinegar No Shel,10014113700464,96/.75 oz,$79.60,CS,Nuts
Pistachio Sea Salt   Pepper,10014113701447,3/8/2.25 oz,$75.33/$25.11,CS/BX,Nuts
Pistachio Sweet Chili Bag,10014113910306,3/8/4.5 oz,$79.31/$26.44,CS/BX,Nuts
PISTACHIO WHL GRD A CA SHLD RAW,,1 / 6 LB,$111.71,CS,PANTRY
Pistachios In Shell,00028400675512,48/1.75 oz,$68.53,CS,Nuts
Pistachios In Shell Pillow Bag,10014113910153,3/8/5 oz,$79.88/$26.63,CS/BX,Nuts
Pistachios No Shell,20014113910136,3/8/2.5 oz,$75.62/$25.21,CS/BX,Nuts
Pistachios Pomegranate,10893869000192,18/1.5 oz,$27.08,CS,Nuts
Pistachios Wonderful Rstd Sltd,10014113911853,12/24/1.5 oz,$307.00/$25.58,CS/BX,Nuts
Pizza Cheese,10072180637182,16/18.9 oz,$60.98,CS,Miscellaneous
Pizza Classic Supreme,10072180566673,16/23.45 oz,$91.57,CS,Miscellaneous
Pizza Meat Trio,10072180637359,16/20.13 oz,$60.98,CS,Miscellaneous
Pizza Pepperoni,10072180566666,16/20.6 oz,$91.57,CS,Miscellaneous
Pizza Pepperoni,10072180637175,16/18.56 oz,$60.98,CS,Miscellaneous
Pizza Pepperoni 5  IW,10072180635270,24/5.45 oz,$32.57,CS,Miscellaneous
Pizza Pepperoni Deep Dish,10072180733662,12/11.2 oz,$49.85,CS,Miscellaneous
Pizza Roll Pepperoni 50ct,10717854166079,6/25 oz,$24.41,CS,Miscellaneous
PLANTAIN TART MINI K0921,00745378092102,144 / 0.62 OZ,$76.60,CS,PREPARED FOODS
Planters Mixed Nuts Variety,00029000023925,6/40.05 oz,$64.81,CS,Nuts
Plate 10 25 Square Bagasse,00667724411170,1/200 ct,$37.02,CS,MISC FOOD
POLENTA CORN MEAL YELLOW MED,10041224721606,4/5LB,$47.71,CS,CORN MEAL
POLENTA CORN WHT COARSE,00687080073188,1/10 LB,$40.81,CS,MISC.
POLENTA INSTANT FINE,00074865634007,1/10 LB,$26.52,CS,MISC.
POP TART BLUBRY FRSTD POUCH,00038000310324,72/3.3 OZ,$59.10,CS,TOASTER TARTS
Pop Tart Blueberry Whlgrn Sgl,00038000171963,10/1.76 oz,$5.08,BX,Miscellaneous
POP TART BRN SUGAR CINN FRSTD,00038000311321,72/2 CT,$59.10,CS,TOASTER TARTS
POP TART CHERRY FRSTD POUCH,00038000318320,72/2 CT,$59.10,CS,TOASTER TARTS
Pop Tart Chocolate Chip,00038000197215,12/6/3.67 oz,$58.42/$4.87,CS/BX,Mergers-Acquisitions
Pop Tart Cinnamon Roll,00038000312298,6/12/3.3 oz,$61.40,CS,Snacks
POP TART FR CINN WHL GRN 1CT,00038000551222,120/1.69OZ,$57.46,CS,TOASTER TARTS
POP TART FR CINN WHL GRN 2 CT,00038000551253,72/3.53OZ,$52.53,CS,TOASTER TARTS
POP TART FR STRWBRY WHL GR 1CT,00038000551307,120/1.69OZ,$57.46,CS,TOASTER TARTS
Pop Tart Frosted Blueberry,00038000310324,6/3.3 oz,$5.23,BX,Miscellaneous
Pop Tart Frosted Blueberry,00038000310324,12/6/3.3 oz,$58.42/$4.87,CS/BX,Miscellaneous
Pop Tart Frosted Brwn Sugr Cin,00038000311321,6/3.3 oz,$5.23,BX,Miscellaneous
Pop Tart Frosted Brwn Sugr Cin,00038000222603,12/13.5 oz,$41.79,CS,Mergers-Acquisitions
Pop Tart Frosted Brwn Sugr Cin,00038000311321,12/6/3.3 oz,$58.42/$4.87,CS/BX,Miscellaneous
Pop Tart Frosted Cherry,00038000318320,6/3.6 oz,$5.23,BX,Miscellaneous
Pop Tart Frosted Cherry,00038000318320,12/6/3.6 oz,$58.42/$4.87,CS/BX,Miscellaneous
Pop Tart Frosted S mores,00038000058172,6/3.6 oz,$5.23,BX,Miscellaneous
Pop Tart Frosted S mores,00038000222788,12/13.5 oz,$41.79,CS,Miscellaneous
Pop Tart Frosted S mores,00038000058172,12/6/3.6 oz,$58.42/$4.87,CS/BX,Miscellaneous
Pop Tart Frosted Strawberry,00038000317323,6/3.3 oz,$5.23,BX,Miscellaneous
Pop Tart Frosted Strawberry,00038000222702,12/13.5 oz,$41.79,CS,Miscellaneous
Pop Tart Frosted Strawberry,00038000317323,12/6/3.3 oz,$58.42/$4.87,CS/BX,Miscellaneous
Pop Tart Hot Fudge Sundae,00038000504693,6/3.38 oz,$5.23,BX,Miscellaneous
Pop Tart Hot Fudge Sundae,00038000504693,12/6/3.38 oz,$58.42/$4.87,CS/BX,Miscellaneous
Pop Tart Poppers Straw Crunch,00038000299346,6/2.1 oz,$10.09,BX,Snacks
Pop Tart Poppers Straw Crunch,00038000299346,8/6/2.1 oz,,CS/BX,Snacks
Pop Tart Strawberry Milkshake,00038000304279,12/6/3.3 oz,$61.40,CS,Snacks
Pop Tart Strawberry WG Sgl,00038000551307,12/10/1.76 oz,$59.70/$4.98,CS/BX,Miscellaneous
POP TART STWBRY FRSTD POUCH,00038000317323,72/2 CT,$59.10,CS,TOASTER TARTS
Pop Tarts Cinnamon Roll Bites,00038000285400,6/3.5 oz,,CS,Snacks
Pop Tarts Strawberry Bites,00038000250699,6/3.5 oz,$11.98,CS,Snacks
Pop Tarts Strawberry Bites,00038000250699,6/3.5 oz,$11.73,CS,Snacks
Popcorn Aged White Ched Puffs,10015665601001,12/4 oz,$27.86,CS,Large Single Serve
Popcorn Aged White Cheddar,30015665127451,12/1 oz,$12.49,CS,Snacks
Popcorn Aged White Cheddar,30015665127451,12/1 oz,$12.23,CS,Snacks
Popcorn Black Pepper,10850251004077,12/4.4 oz,$40.79,CS,Large Single Serve
Popcorn Butter,20076150232237,36/2.75 oz,$21.63,CS,Microwave Popcorn
Popcorn Butter,10816925021535,12/1 oz,$16.21,CS,Bagged Vend Size
Popcorn Butter,10041780043006,14/2.5 oz,$23.55,CS,Large Single Serve
Popcorn Butter Lovers,20076150232565,4/18/2.75 oz,$48.53/$12.13,CS/BX,Microwave Popcorn
POPCORN CARAMEL ORIGINAL XVL,00028400675628,28/3.125Z,$37.62,CS,FLAVORED
POPCORN CHDR WHT,10850251004435,12/1OZ,$15.60,CS,FLAVORED
Popcorn Ched Jalapeno,10816925022549,12/1 oz,$16.21,CS,Snacks
POPCORN CHEDDAR WHITE XVL,00028400363303,24/1.75OZ,$32.24,CS,FLAVORED
POPCORN CHEDDAR WHT LSS,00028400444392,64/1OZ,$45.90,CS,NACHO/TORTILLA
Popcorn Cookies N Creme,10810031480156,12/2.25 oz,$24.73,CS,Snacks
Popcorn Doritos Ncho Chese XVL,00028400755412,24/1.625 oz,,CS,Bulk Snacks
Popcorn Himalayan Gold,00855611008910,12/.88 oz,$10.66,CS,Bagged Vend Size
Popcorn Himalayan Gold Organic,00855469006922,18/.88 oz,$15.99,CS,Bagged Vend Size
Popcorn Himalayan Pink Organic,00850038090593,96/.46 oz,$42.07,CS,Bagged Vend Size
Popcorn Himalayan Pink Salt,00180999001414,18/.88 oz,$15.99,CS,Bagged Vend Size
Popcorn Himalayan Pink Salt,00180999001681,18/.88 oz,,CS,Large Single Serve
Popcorn Kernel 50lb bag,543933,50/1lb,$37.58,1,
POPCORN KERNEL YELLOW,00074865075282,1/20 LB,$17.37,CS,MISC.
Popcorn Kettle Sweet,10850251004206,12/5.3 oz,$40.79,CS,Large Single Serve
Popcorn Mushroom BKH Magick,60768662350353,1/50 lb,$27.45,CS,MISC FOOD
Popcorn No Cheese Cheesiness,00855611008620,18/.88 oz,,CS,Bagged Vend Size
Popcorn Org Himalayan Sea Salt,00855611008897,12/.88 oz,$11.23,CS,Bagged Vend Size
Popcorn Original,30850251004088,12/1 oz,$16.56,CS,Bagged Vend Size
POPCORN ORIGINAL,30850251004088,12/1OZ,$30.98,CS,FLAVORED
Popcorn Original,10855206005086,15/2 oz,$23.99,CS,Bagged Vend Size
Popcorn Original,30850251004088,12/1 oz,$16.21,CS,Bagged Vend Size
Popcorn Original,10850251004008,12/4.4 oz,$40.79,CS,Large Single Serve
Popcorn Original,30850251004088,6/1 oz,$8.11,CS,Bagged Vend Size
Popcorn Reeses,10810031480149,12/2.25 oz,,CS,Snacks
Popcorn Salt - Flavacol,543936,12/3.5,$29.08/$2.24,CS/12,
Popcorn Sea Salt,00818780010276,24/.6 oz,$24.37,CS,Bagged Vend Size
Popcorn Sea Salt,10818780014240,12/1.25 oz,$21.60,CS,Bagged Vend Size
Popcorn Sea Salt,10818780014240,12/1.25 oz,$21.78,CS,Bagged Vend Size
Popcorn Sea Salt Kettle,00818780012652,12/4.8 oz,$35.88,CS,Bagged Vend Size
Popcorn Smartfood Kettle XVL,00028400775328,24/1.75 oz,,CS,Bulk Snacks
Popcorn Sweet   Salty Kettle,00818780011945,12/7 oz,$35.52,CS,Bagged Vend Size
Popcorn Sweet   Salty Kettle,00818780012133,24/1 oz,$24.37,CS,Bagged Vend Size
Popcorn Sweet   Salty Kettle,10818780014226,12/2.25 oz,$22.09,CS,Bagged Vend Size
Popcorn Sweet   Salty Kettle,10818780014226,12/2.25 oz,$21.78,CS,Bagged Vend Size
Popcorn Sweet   Salty Kettle,10816925021160,12/1.9 oz,$16.21,CS,Bagged Vend Size
Popcorn Sweet Fire Rosted,30072600066893,20/1.5 oz,$24.88,CS,Large Single Serve
POPCORN SWT SLTY BOOMCHICKAP,00818780012133,24/1 OZ,$22.71,CS,FLAVORED
Popcorn White Cheddar,10818780016473,12/1.5 oz,$22.09,CS,Bagged Vend Size
Popcorn White Cheddar,10850251004435,12/1 oz,$16.56,CS,Bagged Vend Size
Popcorn White Cheddar,10855206005079,15/2 oz,$23.99,CS,Bagged Vend Size
Popcorn White Cheddar,10850251004435,12/1 oz,$16.21,CS,Bagged Vend Size
Popcorn White Cheddar LSS,00028400444392,64/1 oz,$47.69,CS,Large Single Serve
Popcorn White Cheddar Ultra Lt,10850251004176,12/4.4 oz,$40.79,CS,Large Single Serve
Popcorn White Cheddar XVL,00028400363303,24/1.75 oz,$33.50/$1.40,CS/BX,Bulk Snacks
Popcorn White Cheddar XVL,00028400363303,24/1.75 oz,$34.22,CS,Bulk Snacks
Popcorners Carnival Kettle,10893594002119,12/5 oz,$35.44,CS,Large Single Serve
Popcorners Kettle Corn,20810607020714,12/7 oz,$29.42,CS,Large Single Serve
Popcorners Kettle Corn LSS,00893594002464,64/1 oz,$51.37,CS,Large Single Serve
Popcorners Kettle Corn XVL,00810607025289,24/1.75 oz,$35.89,CS,Bulk Snacks
Popcorners White Cheddar,10893594002096,12/5 oz,$35.44,CS,Large Single Serve
Popcorners White Cheddar LSS,00893594002488,64/1 oz,$51.37,CS,Large Single Serve
Popcorners White Cheddar XVL,00810607025296,24/1.75 oz,$35.89,CS,Bulk Snacks
Popper Jalapeno Stfd W Ched,10046704063313,8/8 oz,$36.14,CS,Miscellaneous
Popper Popcorn 16 oz,00090939026004,1/1 ct,"$1,810.53/$1,810.53",CS/EA,MISC FOOD
Popping Oil Classic Blnd,10026700193313,4/1 GAL,$63.99,CS,FATS AND OILS
Popping Oil Classic Blnd,00026700173660,1/35 lb,$66.21,CS,Butter & Oils
Pork   Vegetable Dumplings,10807176712747,9/6.6 oz,$29.45,CS,Miscellaneous
PORK RIND F/ FRYING,00734730512440,1/15 LB,$58.34,CS,COOKED
Pork Rinds BBQ,00077079007131,60/.875 oz,$24.88,CS,Bagged Vend Size
Pork Rinds Hot,20077079007128,60/.875 oz,$24.88,CS,Bagged Vend Size
Pork Rinds Hot n Spicy,00028400443869,64/1 oz,$47.69,CS,Large Single Serve
Pork Skins BBQ,10735178371146,40/1 oz,$16.59,CS,Bagged Vend Size
Pork Stck Stret Taco Pineapple,20852089007531,24/1 oz,$38.04,BX,Meat Snacks
Pot Pie Beef,20031000103020,24/7 oz,$34.46,CS,Miscellaneous
Pot Pie Chicken,20031000101019,24/7 oz,$34.46,CS,Miscellaneous
Pot Pie Chicken w Broccoli,20031000101002,24/7 oz,$34.46,CS,Miscellaneous
Pot Pie Sausage Gravy,00031000101305,24/7 oz,$34.46,CS,Miscellaneous
Pot Pie Turkey,20031000101033,24/7 oz,$34.46,CS,Miscellaneous
POTATO AU GRATIN DAUPHINOISE K414,00745378414010,60 / 4.15 OZ,$104.41,CS,PREPARED FOODS
POTATO CAKES SALT & PEPPER K412 MTO,00745378412009,128 / 0.46 OZ,$99.60,CS,PREPARED FOODS
POTATO CHIP SEA SLT & VNGR XVL,00028400363327,24/1.88OZ,$32.24,CS,POTATO
Potato Honey BBQ Chips,10041780353198,60/1.50 oz,$37.67,CS,Bagged Vend Size
Potato Skins Bacon Ranch,10720495306308,55/1.75 oz,$28.67,CS,Large Single Serve
Potato Skins Chddr   Bacon,10720495300498,72/1 oz,$24.31,CS,Bagged Vend Size
Potato Skins Chddr   Bacon,10720495305639,55/1.75 oz,$28.67,CS,Large Single Serve
Potato Skins Chs Bacon,00720495301467,6/3 oz,$9.81,CS,Miscellaneous
Potato Skins Chs Bacon,00720495301467,6/3 oz,$9.60,CS,Miscellaneous
Potato Skins Jalapeno Cheddar,10720495306414,6/3 oz,$9.60,CS,Miscellaneous
Potato Skins SrCrm Onion,10720495301310,6/3 oz,$9.60,CS,Miscellaneous
Potato Sour Cream   Onion Chip,10041780353204,60/1.50 oz,$37.67,CS,Bagged Vend Size
POTSTICKER EDAMAME K3644,00745378364407,150 / 0.7 OZ,$128.37,CS,PREPARED FOODS
Potsticker Veg Edamame,10850075822024,20/4.8 oz,$74.75,CS,Burritos
POTSTICKER VEGETABLE K3628,00745378362809,150 / 0.8 OZ,$116.66,CS,PREPARED FOODS
POTSTICKERS PORK K3622,00745378362205,150 / 0.7 OZ,$128.37,CS,PREPARED FOODS
POWDER BAKING,10019900003506,6/5LB,$97.67/$16.28,CS/EA,BULK
Powder Pure Vanilla,00746287524005,6/2 lb,$53.15,CS,Powdered Drinks
Powder Sticks Cherry Glacier,10052000044581,12/10 ct,$78.94/$6.58,CS/BX,Powder Drinks
Powder Sticks Glacier Freeze,10052000044574,12/10 ct,$78.94/$6.58,CS/BX,Powder Drinks
PRESERVE APRICOT,10051500006754,12/18 OZ,$47.34,CS,MISC.
PRESERVE FIG,20088702509353,6/13 OZ,$46.83,CS,MISC.
PRESERVE PEACH,20088702015625,6/13 OZ,$46.44,CS,MISC.
PRESERVE STRAWBERRY,10074865067406,6/#10,$131.51,CS,MISC.
PRETZEL BAVARIAN BRAUHAUS BKD,10073321573741,12/10 OZ,$35.33,CS,BAKED
Pretzel Buffalo Ched Filled IW,10073321725331,20/6.25 oz,,CS,Miscellaneous
Pretzel Bulk Pizza,00787692235827,6/2.5 lbs,,CS,Snacks
Pretzel Ched Cheese Filled,10850049917282,20/7.5 oz,$63.72,CS,Miscellaneous
Pretzel Cheddar Filler IW,10073321725263,20/6.25 oz,$45.11,CS,Miscellaneous
Pretzel Cookies N Creme Dipped,10034000214621,12/4.25 oz,$32.41,CS,Large Single Serve
Pretzel Crisps Buffalo Wing,00049508250623,8/3 oz,$10.26,CS,Large Single Serve
Pretzel Crisps Buffalo Wing,00049508250623,8/3 oz,$9.48,CS,Large Single Serve
Pretzel Crisps Everything,00049508121503,12/14 oz,$49.04,CS,Snacks
Pretzel Crisps Garlic Parmesan,10049508007347,8/3 oz,$9.48,CS,Large Single Serve
Pretzel Crisps Original,00049508250616,8/3 oz,$10.26,CS,Large Single Serve
Pretzel Crisps Original,00049508250616,8/3 oz,$9.48,CS,Large Single Serve
Pretzel Dill Pickle,10855206005611,15/3 oz,$23.99,CS,Bagged Vend Size
Pretzel Dill Pickle,00028400762038,8/4 oz,$23.49,CS,Snacks
Pretzel Fitzels Taco Time,00787692230877,8/3 oz,,CS,Snacks
Pretzel Garlic Parmesan,10855206005574,15/3 oz,$23.99,CS,Bagged Vend Size
Pretzel Hanover Wht Choco Dips,00077975093115,8/5 oz,$24.88,CS,Large Single Serve
Pretzel Hershey Milk ChocCvrd,00077975093092,8/5 oz,$24.88,CS,Large Single Serve
Pretzel Hny Must Onion Pieces,10077975093907,8/5 oz,$13.46,CS,Miscellaneous
Pretzel Homestyle,30855712008001,10/5 oz,$31.59,CS,Miscellaneous
Pretzel Homestyle,10855712008120,12/2.5 oz,$19.17,CS,Miscellaneous
Pretzel Homestyle,30855712008001,10/5 oz,$30.92,CS,Miscellaneous
Pretzel Homestyle,10855712008120,12/2.5 oz,$18.76,CS,Miscellaneous
Pretzel Homestyle Display,00855712008086,16/16 oz,$90.21,CS,Miscellaneous
Pretzel Honey Mstrd Onion Pcs,10077975081119,60/2.25 oz,$28.16,CS,Bagged Vend Size
Pretzel Honey Mustard,10855712008816,12/2.5 oz,$18.76,CS,Large Single Serve
Pretzel Honey Mustard,50855712008784,10/5 oz,$30.92,CS,Large Single Serve
Pretzel Hot Buffalo Pieces,10077975093914,8/5 oz,$13.46,CS,Miscellaneous
Pretzel Hot Buffalo Wing Pcs,10077975081096,60/2.25 oz,$28.16,CS,Large Single Serve
Pretzel Jalapeno Chs Filler IW,10073321725270,20/6.25 oz,$45.11,CS,Miscellaneous
Pretzel Maui Monk,10760295004172,24/1.5 oz,$27.86,CS,Snacks
Pretzel Melt PepperJack Chdr,10817058013954,24/4 oz,$53.82,CS,Pastry
Pretzel Milk Choco Covered,10034000214607,12/4.25 oz,$32.41,CS,Large Single Serve
Pretzel Mini,30077975022314,8/3.5 oz,$7.30,CS,Bulk Snacks
Pretzel Mini Bag Club Pack,10077975088156,48/1.5 oz,$13.42,CS,Bagged Vend Size
Pretzel Mini Fat Free,10077975022174,60/1.5 oz,$18.27,CS,Bagged Vend Size
Pretzel Mini Fat Free LSS,30077975027982,48/2.25 oz,$22.06,CS,Bagged Vend Size
Pretzel Nugget PB Filled,10070271003946,12/5 oz,$21.89,CS,Bagged Vend Size
Pretzel Nugget Peanut Butter,10070271275930,24/2.5 oz,$20.77,CS,Bagged Vend Size
Pretzel Olde Tyme,10077975022181,60/1.58 oz,$18.27,CS,Bagged Vend Size
Pretzel Parmesan Garlic,10850031719726,10/5 oz,$30.92,CS,Snacks
Pretzel Peanut Butter All Nat,10070271003755,6/44 oz,$67.75,CS,Bulk
Pretzel Peanut Butter Bites,10037600003329,8/6 oz,$27.32,CS,Snacks
Pretzel Pieces Nashville Hot,10077975096120,60/2.25 oz,,CS,Large Single Serve
PRETZEL PREBAKED BITES,00040232365829,500/.48 OZ,$63.90,CS,BAKED
Pretzel Ranch Cool,00028400762014,8/4 oz,$23.49,CS,Snacks
Pretzel Reeses Dipped Peg,10034000214614,12/4.25 oz,$32.41,CS,Large Single Serve
PRETZEL SMPLY STELLAR,10760295004141,24/1.5 oz,$27.86,CS,Snacks
Pretzel Soft 6ct,10073321000186,12/13 oz,$42.80,CS,Pastry
PRETZEL SOFT BAKED BITE,10073321001152,375/.31 OZ,$27.01,CS,BAKED
PRETZEL SOFT BAKED KINGSIZE,10073321001169,50/5 OZ,$27.46,CS,BAKED
PRETZEL SOFT BAVARIAN 7OZ,10053493070415,10/4 PK,$63.28,CS,BAKED
Pretzel Soft KS Bulk,10073321001169,50/5 oz,$33.70,CS,MISC FOOD
Pretzel Sourdough Nibblers,40077975025879,8/3.5 oz,$7.30,CS,Bulk Snacks
Pretzel Southwest,30855712008209,10/5 oz,$30.92,CS,Miscellaneous
PRETZEL STICK,10074865906750,1/7LB,$19.76,CS,REGULAR
PRETZEL STICK,00028400795371,34/3.5 OZ,$47.33,CS,MISC.
Pretzel Sweet Cream Cheese Flr,10073321725287,20/6.25 oz,$45.11,CS,Miscellaneous
Pretzel Thin LSS,10041780002034,36/2.125 oz,$15.35,CS,Large Single Serve
Pretzel Thins XVL,00028400363457,20/3.5 oz,,CS/BX,Bulk Snacks
PRETZEL TINY TWIST CLS LSS,00028400443913,64/2 OZ,$45.90,CS,REGULAR
PRETZEL TINY TWIST CLS SS,00028400324304,88/1OZ,$40.10,CS,REGULAR
Pretzel Tiny Twist LSS,00028400443913,64/2 oz,$47.69,CS,Large Single Serve
Pretzel Tiny Twists,00028400324304,88/1 oz,$41.67,CS,Bagged Vend Size
PRETZEL TWIST COOL RANCH,00028400762014,8/4 OZ,$22.53,CS,FLAVORED
PRETZEL TWIST DILL PICKLE,00028400762038,8/4 OZ,$22.53,CS,FLAVORED
PRETZEL TWIST FLMN HOT HNY MUS,00028400773355,8/4 OZ,$22.53,CS,FLAVORED
Pretzel Twisted Stick Seasoned,10077975095338,36/2.25 oz,$16.95,CS,Bagged Vend Size
Pretzel Yellow Mustard,10855206005598,15/3.0 oz,$23.99,CS,Bagged Vend Size
Pretzels Chili Lime Time,00787692230846,8/3 oz,$16.58,CS,Bagged Vend Size
Pretzels Chocolate Covered,10678523040239,12/5.5 oz,$50.31,CS,Miscellaneous Snack
Pretzels Cinn Sugar,10850031719375,10/5 oz,$30.92,CS,Snacks
Pretzels Jalapeno Pieces,10077975081102,60/2.25 oz,$28.16,CS,Large Single Serve
Pretzels Reeses Filled,10810031480262,12/5 oz,$23.74,CS,Bag Candy
Pretzels Sm Bag Pizza,00787692235810,50/1.8 oz,$66.33,CS,Snacks
Prfct Peach Cobbler Flip Ss,10818290019339,12/4.5 oz,$21.24,CS,Pudding/Gelatin
Pringles Barbacoa Hot Ones,00038000328527,12/2.5 oz,$14.93,CS,Large Single Serve
Pringles Barbeque Grb Go,00038000183645,12/2.5 oz,$15.25,CS,Large Single Serve
Pringles Barbeque Grb Go,00038000183645,12/2.5 oz,$14.93,CS,Large Single Serve
Pringles BBQ Standard Can,00038000183669,14/5.57 oz,$34.83,CS,Large Single Serve
Pringles Cheddar Cheese,00038000138560,14/5.57 oz,$34.83,CS,Large Single Serve
Pringles Cheddar Cheese Grb Go,00038000845611,12/2.5 oz,$15.25,CS,Large Single Serve
Pringles Cheddar Cheese Grb Go,00038000845611,12/2.5 oz,$14.93,CS,Large Single Serve
Pringles Chili Cheese Fries,00038000279195,14/5.5 oz,$34.83,CS,Large Single Serve
Pringles Classic LGNG Hot Ones,00038000328503,12/2.5 oz,$14.93,CS,Large Single Serve
Pringles Jalapeno   Queso,00038000328442,6/2 oz,,CS,Large Single Serve
Pringles Large Grab   Go SHIP,00038000134630,48/ct,$59.70,CS,Seasonal
Pringles Mingle Ched SourCream,00038000282553,6/2 oz,$10.09,CS,Large Single Serve
Pringles Mingle Ched SourCream,00038000282553,6/2 oz,$7.78,CS,Large Single Serve
Pringles Original Grb   Go,00038000845635,12/2.36 oz,$15.25,CS,Large Single Serve
Pringles Original Grb   Go,00038000845635,12/2.36 oz,$14.93,CS,Large Single Serve
Pringles Original Standard Can,00038000138409,14/5.26 oz,$34.83,CS,Large Single Serve
Pringles Pizza,00038000138621,14/5.57 oz,$34.83,CS,Large Single Serve
Pringles Pizza Grab NGo,00038000169090,12/2.5 oz,$14.93,CS,Large Single Serve
Pringles Salt   Vinegar,00038000138591,14/5.57 oz,$34.83,CS,Large Single Serve
Pringles Salt Vinegar Grab Go,00038000848933,12/2.5 oz,$14.93,CS,Large Single Serve
Pringles Sour Cream   Onion,00038000138423,14/5.57 oz,$34.83,CS,Large Single Serve
Pringles Sour Crm   On Grb Go,00038000845604,12/2.5 oz,$15.25,CS,Large Single Serve
Pringles Sour Crm   On Grb Go,00038000845604,12/2.5 oz,$14.93,CS,Large Single Serve
Prngl Mngl Shrp Whi Ched Ranch,00038000281419,6/2 oz,$10.09,CS,Large Single Serve
Prngl Mngl Shrp Whi Ched Ranch,00038000281419,6/2 oz,$7.78,CS,Large Single Serve
Prosciutto   Mozz Twin Pack,90017869807100,2/8/1.5 oz,$29.10/$14.55,CS/BX,Lunchables/Snacks
Protein Bar Caramel Peanut,00602652434754,12/2.2 oz,$25.56,BX,Miscellaneous Snack
Protein Bar Cocoa Caramel Alm,30850064950718,12/12/1.94 oz,$313.82,CS,Miscellaneous
Protein Bar Key Lime Pie 20g,30850054108952,12/12/1.94 oz,$313.82/$26.15,CS/BX,Miscellaneous
Protein Bar Oreo Whi Fudge,10722252070873,12/12/2.4 oz,$257.54/$21.46,CS/BX,Snacks
Protein Bite Strwbry Pb,00193908008466,6/12/1.7 oz,$127.07,CS,Snacks
Protein Energy Drk Choc PB,00193908008497,6/12/1.7 oz,$127.07/$21.18,CS/BX,Snacks
Protein Max Caramel Peanut,00602652434754,6/12/2.2 oz,$150.09/$25.02,CS/BX,Miscellaneous Snack
Protein Shake Caramel Salt,20036632024255,12/12 oz,$36.59,CS,Miscellaneous
Protein Shake Chocolate,00643843717140,12/11.5 oz,$35.54,CS,Miscellaneous
Protein Shake Chocolate,20036632024279,12/12 oz,$36.59,CS,Miscellaneous
Protein Shake Cookies   Creme,00643843716990,12/11.5 oz,$35.54,CS,Miscellaneous
Pudding Choc 4 Pack,10043000827502,4/12/3.5 oz,$24.22,CS,Snak-Paks(Fruit&Pud)
Pudding Choc Snack Pack 4pk,20027000419001,12/3.25 oz,$24.08,CS,General Grocery
Pudding Chocolate Snack Pack,10027000554187,48/3.5 oz,$19.17/$1.60,CS/BX,Snak-Paks(Fruit&Pud)
Pudding Vanilla Snack Pack,10027000554194,48/3.5 oz,$19.94,CS,Snak-Paks(Fruit&Pud)
Pudding Vanilla Snack Pack 4pk,20027000419018,12/3.25 oz,$24.08,CS,General Grocery
Puff Bohemian BBQ Curl,10810122080050,24/.8 oz,$20.19,CS,Bagged Vend Size
Puff Bohemian BBQ Curl,10810122080128,12/1.5 oz,$18.20,CS,Large Single Serve
Puff Everything 1oz,00811452032453,4/12/1 oz,$68.23/$17.06,CS/BX,Snacks
Puff Nacho Vibes Curl,10810122080111,12/1.5 oz,$19.33,CS,Large Single Serve
Puff Nacho Vibes Curl,20810122080118,6/1.5 oz,$9.10,CS,Large Single Serve
Puff Salty Sweet,00811452032460,4/12/1 oz,$68.23/$17.06,CS/BX,Snacks
Puff Sriracha Sunshine Curl,10810122080067,24/.8 oz,$19.05,CS,Bagged Vend Size
Puff Sriracha Sunshine Curl,10810122080098,12/1.5 oz,,CS,Large Single Serve
Puff Vegan White Cheddar Curl,10810122080012,12/4 oz,$39.52,CS,Large Single Serve
Puff Vegan White Cheddar Puff,10810122080104,12/1.5 oz,$19.33,CS,Large Single Serve
Puffs Grain Cheddar,00860005036363,24/.7 oz,$37.81,CS,Bagged Vend Size
Puffs Grain Sour Cream   Onion,00860009646919,24/.7 oz,$37.81,CS,Bagged Vend Size
PUMP GHD DISPNSR CHOC SYR 6/CS,10747599992121,1/1 CT,$19.86,EA,SYRUPS/TOPPINGS
PUMP TOR SYRUP 750ML-1LTR,,1/750 ML,$5.13,EA,SYRUPS/TOPPINGS
PUMPKIN SEED BULK,00790429913134,1/5 LBS,$30.97,CS,MISC.
PUMPKIN SEED PEPITAS RAW,00889356117170,1/5LB,$44.96,CS,MISC.
PUMPKIN SEED RSTD SLTD,00070690471398,1/5LB,$29.40,CS,MISC.
PUMPKIN SOLID PACK FCY,10039000045169,6/#10,$51.57,CS,MISC.
QUESADILLA CHICKEN K765,00745378765006,200 / 0.75 OZ,$160.73,CS,PREPARED FOODS
QUESADILLA TRUMPETS CHEESE K7654,00745378765402,100 / 0.85 OZ,$95.67,CS,PREPARED FOODS
QUEST CHIP,0,,$2.20,1,
QUEST CHIPS,0,,$2.20,1,
QUICHE CRUSTLESS HRDWD SMKD BACON K4172,00745378417202,60 / 4 OZ,$167.40,CS,BAKERY
QUICHE CRUSTLESS SPINACH & SWISS K4171,00745378417103,60 / 4 OZ,$152.84,CS,PREPARED FOODS
Quinoa Chocolate Dark Sea Salt,10866206000230,12/2 oz,$24.83,CS,Snacks
Quinoa Chocolate Milk,10866206000209,12/2 oz,$24.83,CS,Snacks
Quinoa Dark Choco Blueberries,10854571007077,12/2 oz,$24.83,CS,Snacks
QUINOA GOLDEN/WHITE 10 LB,,1 / 10 LB,$32.86,CS,PANTRY
QUINOA GRAIN SPCLTY,00074865634076,1/10 LB,$65.89,CS,MISC.
QUINOA GRAIN WHT,10684476034560,2/5 LB,$36.39,CS,MISC.
Raisin Almond Cashew,10077034084440,12/1/4.5 oz,$38.37,CS,Nuts
RAISIN GOLDEN,70000000000009,24/15OZ,$68.95/$2.87,CS/EA,VEG-MISC
RAISIN SEEDLESS,10074865116173,24/15 OZ,$84.31,CS,RAISINS
RAISIN SEEDLESS THOMPSON,00086631025216,1/10 LB,$41.44,CS,RAISINS
Raisinets Conc Box Tray,10099900714329,15/3.1 oz,$20.13,CS,Box Candy
Raisinets MilkChoco StandUpBag,00099900239740,8/8 oz,$39.11,CS,Count Goods
Raisins Chocolate Covered,10034856006951,48/3.5 oz,$88.41,CS,Bag Candy
Raisins Chocolate Milk Covered,10034856760013,6/7 oz,$27.09,CS,Bag Candy
Raisins Milk Chocolate,10034856548765,48/5 oz,$125.52,CS,Bag Candy
Raisins Peanut Butter Choco,10034856760037,6/7 oz,$27.09,CS,Bag Candy
Ramen Noodles Chicken,00041789902116,24/3 oz,$9.91,CS,Soup
Ramen Noodles Vegetarian Miso,20815677022224,6/1.6 oz,$10.95,CS,Miscellaneous
Ramen Soup Cup Chicken,20815677022064,6/1.6 oz,$10.95,CS,Miscellaneous
Ramen Spicy Beef Noodles,20815677022095,6/1.8 oz,$10.95,CS,Miscellaneous
Ramen Vegetarian Vegetable,10815677022074,6/1.9 oz,$10.95,CS,Miscellaneous
Ranch Dispenser Pack,10013000980422,2/1.5 gal,$61.00,CS,Sauces
Ranch Dressing Dipping Cup,00013000544306,60/2 oz,$38.69,CS,OILS & TOPPINGS
Raspberries White Dark Chocolt,00850012117087,8/5 oz,$34.02,CS,Miscellaneous
RAVIOLI CHEESE JUMBO RND,10072883722499,1/10 LB,$38.17,CS,RAVIOLI
Red Vines Orig Red Twists Bag,10041364002320,12/8 oz,$23.06,CS,Bag Candy
Red Vines Red Twists Original,10041364492794,4/9/5 oz,$51.57/$12.89,CS/BX,Bulk Candy
Reese s Bar Pnt Bttr Tree KS,20034000473698,6/24/2.4 oz,$260.31/$43.39,CS/BX,Seasonal
Reese s Big Cup,20034000430011,18/16/1.4 oz,$376.55/$20.92,CS/BX,Singles-Chocolate
Reese s Fast Break,20034000152517,12/18/1.8 oz,$282.41/$23.53,CS/BX,Singles-Chocolate
Reese s NutRageous,20034000109306,16/18/1.66 oz,$376.55/$23.53,CS/BX,Singles-Chocolate
Reese s Peanut Butter Big Cup,20034000430950,9/16/2.8 oz,$329.07/$36.56,CS/BX,Big Block/King Size
Reese s Peanut Butter Cup RTL,20034000440003,36/1.5 oz,$50.09,BX,Count Goods
Reese s Peanut Butter Cup RTL,20034000440003,12/36/1.5 oz,$564.82/$47.07,CS/BX,Count Goods
Reese s Peanut Butter Mini Pch,10034000470560,8/7.6 oz,$45.57,CS,Bag Candy
Reese s Peanut Buttr Cup KS,20034000480009,6/24/2.8 oz,$329.07/$54.85,CS/BX,Concessions
Reese s Pieces,20034000248517,18/1.53 oz,$25.05,BX,Singles-Chocolate
Reese s Pieces,20034000248517,18/18/1.53 oz,$423.61/$23.53,CS/BX,Singles-Chocolate
Reese s Pieces Big Box,10034000114709,12/4 oz,$17.14,CS,Box Candy
Reese s Pieces Big Box,10034000114709,12/4 oz,$16.10,CS,Box Candy
Reese s Pnt Bttr Cup Minis KS,20034000470215,9/16/2.5 oz,$329.07/$36.56,CS/BX,Big Block/King Size
Reese s Stick KS,20034000202007,6/24/3 oz,$329.07/$54.85,CS/BX,Big Block/King Size
Reese s Sticks,20034000151411,12/20/1.5 oz,$313.79/$26.15,CS/BX,Singles-Chocolate
Reese s Wht Choc PntBtrCp Mini,10034000432230,8/10.5 oz,$45.57,CS,Count Goods
Reeses Animal Cracker Dipped,10034000217530,12/4.25 oz,$32.41,CS,Cookies
Reeses Butter Cup W Caramel,20034000252170,9/16/2.8 oz,$329.07/$36.56,CS/BX,Big Block/King Size
Reeses Caramel Big Cup,20034000250091,18/16/1.4 oz,$376.55/$20.92,CS/BX,Big Block/King Size
Reeses Cups Oreo   Whi Cream,20034000458121,12/24/1.4 oz,$376.55,CS,Singles-Chocolate
Reeses Milk Lava Peanut Butter,20034000953411,9/16/2.8 oz,$329.07/$36.56,CS/BX,Big Block/King Size
Reeses Oreo   Whi Cream KingSz,20034000946529,6/24/2.8 oz,$329.07/$54.85,CS/BX,Big Block/King Size
Reeses Outrageous King Size,20034000412000,8/18/2.95 oz,$329.07/$41.13,CS/BX,Big Block/King Size
Reeses PB Pumpkins,20034000473254,6/36/1.2 oz,$223.47/$37.25,CS/BX,Seasonal
Reeses PButter Cups Pieces,20034000485011,9/16/2.8 oz,$329.07/$36.56,CS/BX,Miscellaneous
Reeses Peanut Butter Cup,10034000451705,9/4.4 oz,$23.33,CS,Bag Candy
Reeses Peanut Butter Lovers,20788434115678,6/12/2.12oz,$150.09/$25.02,CS/BX,Snacks
Reeses Peanut Butter Mini,10034000432902,12/4.65 oz,$31.11,CS,Bag Candy
Reeses Pieces Bark,10034000455031,12/3.1 oz,$31.11,CS,Bag Candy
Reeses Popped Snack Mix PegBag,10034000254016,12/4 oz,$32.41,CS,Snack Mixes
Reeses s PButter Cups White,20034000480115,8/18/2.8 oz,$329.07/$41.13,CS/BX,Big Block/King Size
Reeses Take 5 King Size,20034000386110,8/18/2.25 oz,$329.07/$41.13,CS/BX,Big Block/King Size
RELISH DILL GREEN,10889356004712,4/1GAL,$41.20/$10.30,CS/EA,MISC.
relish sweet Dspnsr,,,$44.13/$22.06,cs/ea,
RELISH SWEET DSPNSR PK,10013000980439,2/1.5GAL,$44.13,CS,MISC.
Relish Sweet Easy Squeeze,10013000001370,12/12.7 oz,$25.67,CS,Condiments
RELISH SWT GRN,10013000692608,6/#10,$67.51,CS,MISC.
RELISH SWT GRN PKT,10013000531808,200/9 GM,$20.52,CS,MISC.
Rice A Roni Ched Broccoli Cup,00015300014206,12/2.11 oz,$21.00,CS,Hot Food - Microwave
RICE ARBORIO,00687080007367,1/10 LB,$24.61,CS,MISC.
RICE ARBORIO INTNL BENS,10054800424280,2/5LB,$33.69,CS,WHITE
RICE ARBORIO SUPERFINO,10041224724522,10 / 35 OZ,$121.48,CS,PANTRY
RICE BASMATI,00687080007398,1/10 LB,$28.52,CS,MISC.
RICE BASMATI WHT,00687080007404,1/25 LB,$48.26,CS,GRAINS
RICE BLEND WILD,00687080474510,1/25 LB,$167.35,CS,WILD
RICE BOTAN SUSHI RICE,00074865643382,1/10LB,$37.92,CS,MISC.
RICE BROWN PARBOILED WHLGRN QC,00734730535302,1/25 LB,$22.80,CS,BROWN
RICE BROWN SHORT GRAIN,00687080048988,1/10 LB,$49.48,CS,MISC.
Rice Cake Mini Cheddar,10030000169244,12/3.03 oz,$31.59,CS,Miscellaneous
RICE CALASPARRA NATURAL VALENCIA DOP,10825325400598,1 / 11 LB,$64.82,CS,PANTRY
RICE CHINESE BLACK FORBIDDEN,00030004163050,6 / 2 LB,$69.99,CS,PANTRY
Rice Crisp Apple Cinnamon,00030000577585,60/.91 oz,$39.14,CS,Miscellaneous
Rice Crisps Caramel Popped,00030000564141,8/3.3 oz,$20.97,CS,Snacks
Rice Crisps Cheddar Popped,00030000564134,8/3.3 oz,$20.97,CS,Snacks
Rice Crisps Cheddar Popped,00030000564134,8/3.3 oz,$21.47,CS,Snacks
RICE DIRTY CAJN,00687080551013,4/2.5 LB,$44.95,CS,MISC.
RICE JASMINE,00687080007497,1/25 LB,$39.71,CS,LONG GRAIN
RICE JASMINE,00687080007480,1/10 LB,$25.62,CS,MISC.
RICE JASMINE BRWN ORGANIC,00687080479263,1/10 LB,$64.41,CS,BROWN
Rice Jasmine Ready,10054800423399,12/8.5 oz,$30.00,CS,General Grocery
Rice Krispie Choc PeanutButter,00038000303128,12/1.5 oz,$15.25,BX,Snacks
Rice Krispie Choc PeanutButter,00038000303128,8/12/1.5 oz,$119.39,CS,Snacks
Rice Krispie Choc SeaSlt Prtzl,00038000307386,8/12/1.5 oz,$119.39,CS,Snacks
Rice Krispie Treat Whole Grain,00038000110528,20/1.41 oz,$12.83,BX,Large Single Serve
Rice Krispie Treat Whole Grain,00038000110528,4/20/1.41 oz,$50.22/$12.56,CS/BX,Large Single Serve
Rice Krispie Trt Choc Chip WG,00038000145674,20/1.59 oz,$12.83,BX,Mergers-Acquisitions
Rice Krispie Trt Choc Chip WG,00038000145674,4/20/1.59 oz,$50.22/$12.56,CS/BX,Mergers-Acquisitions
Rice Krispies Confetti Grain,00038000264528,4/20/1.5 oz,$50.22/$12.56,CS/BX,Snacks
Rice Krispies Hmstyl Choc Chip,00038000303241,6/10/1.5 oz,$74.62,CS,Snacks
Rice Krispies Homestyle,00038000280726,10/1.6 oz,$12.71,BX,Snacks
Rice Krispies Homestyle,00038000280726,6/10/1.6 oz,$74.62/$12.44,CS/BX,Snacks
Rice Krispies Slt Caramel Mega,00038000302480,6/12/2.1 oz,$89.54,CS,Snacks
Rice Krispies Treats Orig,00038000524028,12/2.13 oz,$10.02,BX,Mergers-Acquisitions
Rice Krispies Treats Orig,00038000524028,4/12/2.13 oz,$39.23/$9.81,CS/BX,Mergers-Acquisitions
Rice Krispies Treats Squares,00038000265471,20/1.3 oz,$15.01,BX,Miscellaneous
Rice Krispies Treats Squares,00038000265471,4/20/1.3 oz,$56.38/$14.10,CS/BX,Miscellaneous
Rice Krispies Trts BgBr DblChC,00038000251177,12/3 oz,$15.25,BX,Cookies
Rice Krispies Trts BgBr Orig,00038000251139,12/2.2 oz,$15.25,BX,Cookies
Rice Krispies Trts BgBr Orig,00038000251139,6/12/2.2 oz,$89.54/$14.92,CS/BX,Cookies
RICE LONG GRAIN AND WILD,10074865293089,6/36OZ,$52.14,CS,LONG GRAIN
RICE MEXICAN FIESTA BENS ORIG,10054800424204,6/24 OZ,$39.24,CS,BLENDS
RICE MIX DIRTY RED SODIM POUCH,10071429011394,6/40 OZ,$47.67,CS,MISC.
RICE MIX JAMBALAYA RED SOD PCH,10071429011400,6/40 OZ,$47.67,CS,MISC.
RICE NISHIKI PREMIUM MUSENMAI,,1 / 15 LB,$47.22,CS,PANTRY
RICE NOODLE CLEAR BEAN THREAD,,10 / 1 LB,$100.35,CS,PANTRY
RICE PARBOILED COCONT GRN CUR,00687080556087,4/2.5 LB,$69.60,CS,MISC.
RICE PARBOILED PERFECT,00074865138383,1/25 LB,$22.80,CS,WHITE
RICE PARBOILED SPANISHED,00687080564235,4/2.5 LB,$56.14,CS,MISC.
RICE PILAF BENS ORIG 6/36OZ,10054800424235,6/36 OZ,$34.62,CS,BLENDS
Rice Ready Roasted Chicken,10054800423306,12/8.8 oz,$30.00,CS,General Grocery
RICE RISOTTO PORCINI FUNGHI,00687080550665,4/2.5 LB,$80.77,CS,MISC.
RICE SAFFRON BLEND,00687080080285,1/10 LB,$44.28,CS,BLENDS
RICE SHORT BOMBA,00687080501544,1/10 LB,$138.17,CS,MISC.
RICE SHORT GREEN BAMBOO,00687080244489,1/10#,$120.78,CS,WHITE
RICE SPANISH,10074865293065,6/36 OZ,$33.39,CS,MISC.
RICE WILD GRADE A,00030004305214,12 / 1 LB,$103.22,CS,PANTRY
RiceKrispie Carml SeaSalt Prtz,00038000307416,8/12/1.5 oz,$119.39,CS,Snacks
Ritz Pepperjack   Colby Jack,00046100354049,4/3/1.5 oz,$14.88,CS,Lunchables/Snacks
ROASTED CAULIFLOWER AU GRATIN K4134,00745378413402,60 / 3.75 OZ,$130.41,CS,PREPARED FOODS
Rocher 3 Pcs,10009800123244,12/12/1.3 oz,$225.93/$18.83,CS/BX,Box Candy
Rold Gold Sticks XVL,00028400795371,34/3.5 oz,$45.46,CS,Bulk Snacks
Roll 5 Flavor Singles,10022000210637,15/20/1.14 oz,$248.99/$16.60,CS/BX,Gum & Mints
Roll Cinnamon Big Texas FOA,10888109800359,6/6/4 oz,$31.22/$5.20,CS/BX,Pastry
Roll Cinnamon w Icing,00018000522309,12/12.4 oz,$43.42/$3.62,CS/BX,Miscellaneous
Ruffles Baked Cheddar SC Ridge,00028400568821,60/.8 oz,$28.42,CS,Bagged Vend Size
Ruffles Chips ChdSrCrm XVL Pgd,00028400535182,24/2.125 oz,$33.50/$1.40,CS/BX,Bulk Snacks
Ruffles Chips Potato Queso XVL,00028400361262,24/2.125 oz,$33.50,CS,Bulk Snacks
Ruffles Chips Ridged,00028400110617,104/1 oz,$49.25,CS,Bagged Vend Size
Ruffls Bkd Ched Sour Cream XVL,00028400721288,27/1.79 oz,$36.70,CS,Bulk Snacks
Sabra Guacamole   Tortilla,30040822343894,8/2.8 oz,$23.14,CS,Lunchables/Snacks
Sabritas Turbos Flamas,00028400525459,64/2 oz,$47.69,CS,Large Single Serve
Salami Hard   Mozz Twin Pack,90017869807117,2/8/1.5 oz,$29.10/$14.55,CS/BX,Lunchables/Snacks
Salami Hard Pepper Jack Twn Pk,90017869807131,2/8/1.5 oz,$29.10,CS,Lunchables/Snacks
Salami Mild   Aged Cheddar,90017869883319,12/2 oz,$27.80,CS,Lunchables/Snacks
Salami Spicy   Aged Cheddar,90017869883302,12/2oz,$27.80,CS,Lunchables/Snacks
Salisbury Steak,10658276202535,8/16 oz,$25.49,CS,Miscellaneous
SALSA MED TO GO,00028400479066,30/3.8 OZ,$25.01,CS,MISC.
SALSA MEDIUM THK&CHUNK,10072101777423,4/136 OZ,$72.09,CS,MISC.
SALSA PICANTE MEDIUM,10072101021625,4/1 GAL,$65.64,CS,MISC.
SALSA PICANTE MILD,10072101021595,4/1 GAL,$65.64,CS,MISC.
SALSA PICO DE GALLO FRSH,00074865448437,1/5 LB,$32.36,CS,PROCESSED
SALSA VERDE RSTD,00072101743643,6/68OZ,$72.89,CS,MISC.
Salsitas Torilla Display Cs,00078907450396,12/3 oz,$18.87,CS,Miscellaneous
SALT GRANULATED IODIZED,00074865042123,1/25LB,$7.74,CS,REGULAR
SALT GRANULATED ORG GNGR,00687080555240,1/28 OZ,$33.97,CS,MIXES
SALT KOSHER FLAKE,10024600017029,12/3 LB,$38.36,CS,KOSHER
SALT KOSHER FLAKE COARSE,10074865334560,12/3LB,$55.86,CS,KOSHER
Salt Packet,00806795609295,3/1000/.5 gm,$6.34,CS,General Grocery
SALT PACKET POUCH,50719098143531,3/1000CT,$8.01,CS,MISC.
SALT SEA,00687080003000,6/40 OZ,$46.68,CS,SEA SALT
SALT SEA COARSE,00687080252613,6/35OZ,$45.60,CS,SEA SALT
SALT SEA DURANGO HICKORY SMOKED,,1 / 23 OZ,$26.83,CS,PANTRY
SALT SEA GOCHUJANG,00687080686760,1/28 OZ,$31.24,CS,SEA SALT
SALT SEA GRINDER,10052100589951,6/6 CT,$92.75,CS,MISC.
SALT SEA MOCHA VANILLA,00687080686043,1/28 OZ,$30.95,CS,SEA SALT
SALT SEA PERUVIAN CHILE CITRUS,00687080686081,1/28 OZ,$31.75,CS,SEA SALT
SALT SEA SMK FINE,00687080285864,1/32 OZ,$27.30,CS,SEA SALT
SALT SEA SRIRACHA,00687080685923,1/24 OZ,$31.46,CS,SEA SALT
SALT SEA TRIPLE INFERNO,00687080705577,1/32OZ,$31.06,CS,SEA SALT
SALT SEASONED,10021500806203,4/5LB,$85.73/$21.43,CS/EA,MISC.
SALT SEASONED NO MSG,10021500806258,1/50LB,$186.59,CS,MISC.
SALT SEASONED TRDTNL,10734730005246,2/4.5LB,$38.85,CS,MISC.
Salt Seasoning,10090939022454,12/35 oz,$36.46,CS,OILS & TOPPINGS
Salt Seasoning Blend,00090939123147,1/50 lb,$53.62,CS,OILS & TOPPINGS
SAMOSA CHICKEN K7192,00745378719207,100 / 1 OZ,$115.32,CS,PREPARED FOODS
Sandwhich Chorizo Breakfast,10611665900085,12/5 oz,$36.77,CS,Breakfast
Sandwich French Toast Sausage,10077900136556,24/4.5 oz,$38.00,CS,Breakfast
Sandwich Pancake   Sausage,10077900118514,24/4 oz,$35.51,CS,Breakfast
SAUCE ALFREDO,10889356122126,4/5LB,$55.94,CS,HEAT N SERVE
SAUCE BBQ CLASSIC KANSAS CITY,10041500053964,4/1GAL,$53.80,CS,MISC.
SAUCE BBQ CUPS,00019582397095,100/1 OZ,$20.82,CS,BBQ
Sauce BBQ Dipping Cup,10013000524503,60/2 oz,$35.73,CS,General Grocery
SAUCE BBQ GOLD SWEET & TANGY,10041500054008,4/1 GAL,$57.02,CS,MISC
SAUCE BBQ HNY MISISIPI STYL,10041500761753,4/1 GAL,$57.92,CS,MISC.
SAUCE BBQ KENTUCKY BOURBON,10041500958979,2/1 GAL,$32.83,CS,CONDIMENTS-MISC
SAUCE BBQ MUSTARD FNGR LEEKEN,00798669810008,4/1 GAL,$83.81/$20.95,CS/EA,MISC.
SAUCE BBQ ORIGINAL,00041500053219,1/5GAL,$57.19,CS,MISC.
SAUCE BBQ ORIGINAL,10041500053162,4/1 GAL,$49.61,CS,MISC.
SAUCE BBQ PACKET,10013000533802,200/12 GM,$22.26,CS,MISC.
SAUCE BBQ POUCH DSPNSR,10013000500101,2/1.5GAL,$50.75,CS,MISC.
SAUCE BBQ SMOKEY,00041500053264,1/5GAL,$57.19,CS,MISC.
SAUCE BBQ SMOKEY,10041500053094,4/1GAL,$49.61,CS,MISC.
SAUCE BBQ SWEET MEMPHIS,10041500801374,4/1 GAL,$51.73,CS,MISC.
SAUCE BOURBON STY,00050000558971,4/.5 GAL,$70.84,CS,MISC
SAUCE BROWNING,10071100051022,12/32 OZ,$93.98/$7.83,CS/EA,MISC
SAUCE CHEESE CHDR AGED,00036144032065,6/#10,$55.05,CS,MISC.
SAUCE CHEESE CHDR SHARP,00036144051011,4/140 OZ,$52.18,CS,MISC.
SAUCE CHEESE CHDR SHARP,543925,4/140OZ,$50.66/$12.66,CS/EA,
SAUCE CHEESE JALAPENO,00036144051004,4/140 OZ,$52.18,CS,MISC.
SAUCE CHEESE MILD,00036144032041,6/#10,$44.71,CS,MISC
SAUCE CHEESE NACHO POUCH,10079426561003,4/110 OZ,$53.09,CS,MISC.
SAUCE CHEESE SHARP CHDR,00036144050410,4/80 OZ,$39.55,CS,MISC.
SAUCE CHEESE SHARP PREM,00036144033017,6/106 OZ,$46.84,CS,MISC.
Sauce Chili BIB,00036144051103,4/140 oz,$83.04,CS,MISC FOOD
SAUCE CHILI GARLIC,20078895770036,6/5LB,$90.21/$15.04,CS/EA,MISC.
SAUCE CHILI GARLIC GF,10850049863022,4/4 BAG,$125.23,CS,MISC.
SAUCE CHILI HOT SRIRACHA,30011210008329,6/20 OZ,$22.37,CS,MISC.
SAUCE CHILI SAMBAL OELEK,10041224873763,6/4.62LB,$88.68,CS,MISC.
SAUCE CHILI SWEET,00044738072311,24/10 OZ,$54.80,CS,MISC.
SAUCE CHILI SWEET RED HOT,10041500831197,4/.5 GAL,$49.10,CS,MISC.
SAUCE CHILI THAI SWEET/SPICY,10041224871981,6/4.85LB,$81.11,CS,MISC.
SAUCE CHIPOTLE PPR,30011210007971,12/5OZ,$37.37,CS,MISC.
Sauce Cholula Original,20049733091019,12/5  oz,$33.97,CS,General Grocery
SAUCE COCKTAIL RTU,10074865115930,6/#10,$47.56,CS,MISC.
SAUCE CURRY COCONT,00050000739899,4/.5 GAL,$90.17,CS,MISC
SAUCE DEMI GLACE CONC NO COOK,00074826783041,4/4.25LB,$123.48,CS,MISC
SAUCE DEMI GLACE CONCENTRATE,00074826783065,6/13.6OZ,$37.47,CS,MISC
SAUCE ENCHILADA,10072101025050,6/#10,$54.24,CS,MISC.
SAUCE FISH,00860007262203,1/64 OZ,$24.58,CS,MISC.
SAUCE FISH 3 CRABS,70000000000009,12/24 OZ,$154.92,CS,MISC
SAUCE FISH PREMIUM,10737628011282,6/23.66Z,$21.61,CS,MISC.
SAUCE FISH TIPAROS (TOM YAM KUNG),18850545777559,12 / 23 OZ,$80.20,CS,PANTRY
SAUCE GENERAL TSO,00050000313105,4/.5GAL,$71.32,CS,MISC
SAUCE GINGER SWEET ASIAN,10041500906246,4/.5 GAL,$52.80,CS,MISC.
SAUCE GREEN PEPPER,30011210009203,12/5 OZ,$37.37,CS,MISC.
SAUCE HABANERO 100% NAT,00856262005044,6/19.6OZ,$45.08,CS,MISC.
SAUCE HARISSA,00074826775060,6/13.6 Z,$61.63,CS,MISC
SAUCE HOISIN,20742812710053,6/5LB,$40.38,CS,MISC.
SAUCE HOLLANDAISE RTU,10048001000923,6/34.32Z,$66.10,CS,MISC.
SAUCE HONEY GRLC STINGIN HOT,10041500952595,2/1 GAL,$52.66,CS,MISC.
SAUCE HOT,40049733000015,4/.5 GAL,$57.68,CS,MISC.
SAUCE HOT,10049733010198,24/5FOZ,$62.93,CS,MISC.
SAUCE HOT,10070328010583,12/5  FOZ,$23.26,CS,MISC.
SAUCE HOT EXTRA HOT CAYENNE,10041500751969,4/1 GAL,$65.47,CS,MISC.
SAUCE HOT GREEN PPR,10049733010204,24/5 FOZ,$62.93,CS,MISC.
SAUCE HOT LOCO LOWCOUNTRY,00798669820007,4/1 GAL,$82.63/$20.66,CS/EA,MISC.
SAUCE HOT LOUISIANA,10071675110001,24/6OZ,$25.99,CS,MISC.
SAUCE HOT ORIG,30011210005755,2/64 OZ,$63.77,CS,MISC.
SAUCE HOT ORIG PACKETS,10041500854059,200/7GM,$12.64,CS,HOT
Sauce Hot Packet,80049733091073,200/.25 oz,$13.06,CS,Sauces
Sauce Hot Packet,00077885001934,500/7 gm,$52.58,CS,Condiments
SAUCE HOT RED HOT ORIGINAL,10041500013210,12/12 OZ,$31.29,CS,MISC.
SAUCE HOT SRIRACHA AGAVE BLU,00856262005150,6/19.6OZ,$45.08,CS,MISC.
SAUCE JAMAICAN JERK RTU,10048001916675,4/.5GAL,$69.51,CS,MISC
SAUCE JAPANESE SUIJI-MIRIN,70000000000009,2/60 OZ,$34.43,CS,MISC.
SAUCE KOREAN GOCHUJANG PEPPER,10026700172417,4/.5 GAL,$51.27,CS,MISC.
SAUCE MARINADE CRIOLLO MOJO,10041331030615,6/1GAL,$52.17,CS,MISC
SAUCE MARINARA CA,10027000391256,6/#10,$44.89,CS,MISC.
SAUCE MASALA CHANA VEGAN,10850049863091,4/4 BG,$70.70,CS,MISC.
SAUCE MASALA MAKHNI BUTTER GF,10850049863114,4/4 BAG,$98.30,CS,MISC CONV PRD
SAUCE MASALA TIKKA,20879662320023,2/4LBS,$38.19,CS,MISC.
SAUCE MISO RED CHILI RTU,00050000277094,4/.5 GAL,$82.65,CS,MISC
SAUCE MIX ALFREDO,10050000385024,8/16 OZ,$80.77,CS,MISC.
SAUCE MIX CHEESE,10050000382627,8/32 OZ,$70.45,CS,MISC.
SAUCE ORANGE ZSTY,00050000547425,4/.5GAL,$55.08,CS,MISC.
SAUCE OYSTER,10074865618165,6/5 LB,$62.64,CS,MISC.
SAUCE PEPPER CAYENNE RED HOT,00041500805511,24/5 OZ,$28.26,CS,MISC.
SAUCE PEPPER CAYENNE RED HOT,10041500055609,4/1GAL,$56.50/$14.13,CS/EA,MISC.
SAUCE PEPPER CHIPOTLE SALSA,10074234925115,6/#10,$51.32,CS,MEXICAN FD-MISC
SAUCE PEPPER HARISSA HOT,00852955007050,12/10 OZ,$66.38,CS,MISC.
SAUCE PEPPER HARISSA MILD,00852955007067,12/10 OZ,$66.43,CS,MISC.
SAUCE PEPPER HARISSA SPICY,10041622018124,3/30OZ,$44.25,CS,MISC.
SAUCE PESTO BASIL,10074865728246,6/30 OZ,$82.59,CS,HEAT N SERVE
SAUCE PICANTE PACKET MEDIUM,10072101000026,200/.5OZ,$17.83,CS,PICANTE/SALSA
SAUCE PICANTE PKTS,00716037000172,200/.5OZ,$25.90,CS,PICANTE/SALSA
SAUCE PIZZA PREPARED CA,10027000388669,6/#10,$39.85,CS,MISC.
Sauce Pizza X Hvy W Basil GF,10806795435754,6/#10,$22.47,CS,GENERAL PRODUCTS
SAUCE PONZU,00094922902726,6/375 ML,$67.50,CS,MISC.
SAUCE SHAWARMA,00074826321069,6/1 LB,$67.83,CS,PANCAKES
SAUCE SOY DISPENSER BOTTLE,10041390002806,12/5 OZ,$22.56,CS,SOY
SAUCE SOY GLTN FREE LS SOD 4/1,80078895145775,4/1 GAL,$81.66,CS,MISC
SAUCE SOY MUSHROOM,00722337818034,1/1.8 LT,$12.68,CS,SOY ASIAN
SAUCE SOY PACKETS BULK,10041390002783,500/6ML,$14.53,CS,SOY
SAUCE SOY SMOKED SHOYU,07482527074130,2/25.36Z,$57.09,CS,SOY
SAUCE SOY TAMARI GF LS,10041390001557,6/.5GAL,$82.28,CS,MISC
SAUCE SOY TAMARI GLUTEN FREE,10041390001588,6/.5 GAL,$74.52,CS,SOY
SAUCE STEAK,10054400000013,2/1GAL,$115.81,CS,MISC.
SAUCE STEAK 57,10013000526606,24/5 OZ,$70.19,CS,MISC.
SAUCE STEAK GLASS,10054400000020,12/10OZ,$62.15,CS,MISC.
SAUCE STEAK PACKET,00054400000658,200/.5 OZ,$59.25,CS,MISC.
SAUCE SWEET & SOUR,10072180691429,5/6 LB,$63.51,CS,HEAT N SERVE
SAUCE SWEET & SOUR RTU,00050000316816,6/.5GAL,$50.56,CS,SWEET SOUR
SAUCE SWEET AND SOUR,10021000672124,100/1 OZ,$23.04,CS,MISC
SAUCE SZECHUAN GLUTEN FREE,10075810120450,6/64 OZ,$166.47,CS,SHELF STABLE
SAUCE TABASCO HOT,30011210000286,12/5OZ,$37.37,CS,MISC.
SAUCE TABASCO HOT BOTTLE MINI,30011210000163,144/1/8OZ,$60.96,CS,MISC.
SAUCE TABASCO PACKET,10013000714102,200/3 GM,$15.96,CS,HOT
SAUCE TABASCO SRIRACHA,30011210008824,2/64 OZ,$31.92,CS,MISC.
SAUCE TABASCO SRIRACHA,00011210008328,1/20 OZ,$22.37,CS,MISC
SAUCE TACO PACKET HOT,10013000986806,500/1/3 OZ,$35.23,CS,TACO
SAUCE TACO PKT MILD,10013000532409,200/9 GM,$20.06,CS,TACO
SAUCE TARTAR CREAMY,10021000648877,4/1 GAL,$76.71,CS,MISC
SAUCE TARTAR PKT,10013000531600,200/12 GM,$22.33,CS,TARTAR
SAUCE TERIYAKI,10041390010443,4/1GAL,$55.53/$13.88,CS/EA,TERIYAKI
SAUCE TERIYAKI,00050000316502,4/.5 GAL,$44.98,CS,MISC
SAUCE TERIYAKI GLAZE,10041390049108,6/5LB,$55.92,CS,TERIYAKI
SAUCE TOMATO FANCY CA,10027000390617,6/#10,$36.31,CS,SAUCE
SAUCE TZATZIKI FRESH,10077589191853,4/.5 GAL,$39.72,CS,MISC
SAUCE WHITE F/ MAC & CHS RTU,00013800624000,4/64 OZ,$70.50,CS,HEAT N SERVE
SAUCE WING BUFFALO POUCH,10041500821631,2/5.67L,$57.66,CS,MISC.
SAUCE WING BUFFALO RTU,10041500741618,4/1 GAL,$56.06/$14.02,CS/EA,MISC.
SAUCE WING GRLC PARMESAN,20013409516304,4/64 OZ,$41.85,CS,MISC.
SAUCE WORCESTERSHIRE,10051600000034,24/5OZ,$57.67,CS,MISC.
SAUCE WORCESTERSHIRE,10041500053087,4/1GAL,$34.51,CS,MISC.
SAUERKRAUT SHREDDED,10074865264645,12/#2.5,$22.64,CS,MISC.
SAUERKRAUT SHREDDED FCY,10074865119341,6/#10,$50.87,CS,MISC.
Sausage Vienna,20039000086633,24/4.6 oz,$26.25,CS,Hot Food - Canned
Scrambler Wrap Egg Bacon Chs,00041433124895,12/6.1 oz,$38.97,CS,Burritos
Sea Salt Avocado Oil Swt Potat,00856823004837,28/1.5 oz,$35.82,CS,Snacks
Sea Salt Avocado Oil Swt Potat,00856823004837,28/1.5 oz,$36.59,CS,Snacks
SEASONING ALL PRP ASIAN SLT FR,00687080556124,1/20 OZ,$41.10,CS,MIXES
SEASONING ALL PURPOSE HO-LOTTA,00798669400001,12/20.25Z,$161.01/$13.42,CS/EA,MISC.
SEASONING ALL PURPSE HISSY FIT,00798669440007,12/20.25Z,$164.16/$13.68,CS/EA,MISC.
SEASONING BBQ BULGOGI,00687080720730,1/19 OZ,$38.30,CS,MISC.
SEASONING BBQ MESQT,10074865894651,1/26OZ,$18.09,EA,MISC.
SEASONING BLACKENED REDFISH,10734730540952,1/23OZ,$12.43,EA,MISC.
SEASONING BLEND CHIMICHURRI,00687080540840,1/12 OZ,$31.12,CS,MIXES
SEASONING BLEND CLASSIC,10052100318544,300/.03 OZ,$29.55,CS,MIXES
SEASONING BLEND EVERYTHING BGL,10052100048670,1/21 OZ,$11.97,EA,MISC.
SEASONING BLEND NSHVL HOT CHKN,00687080709131,1/20 OZ,$32.15,CS,MISC.
SEASONING BLEND PERI PERI,10889356000875,1/21OZ,$20.75,EA,MISC.
SEASONING BLEND SALT FREE,10052100031733,6/21OZ,$111.22,CS,MIXES
SEASONING BLEND SOUTHWEST,10052100370108,6/18 OZ,$74.35,CS,MISC.
SEASONING BLK TRUFFLE PARM&GRL,00687080576726,1/18 OZ,$44.57,CS,MISC.
SEASONING BOURBON BRN SGR GM,10052100034185,6/27 OZ,$88.71,CS,MIXES
SEASONING CAJUN,10074865250907,6/18OZ,$107.18/$17.86,CS/EA,MISC.
SEASONING CARIBBEAN JERK,10074865238745,1/18 OZ,$16.01,EA,MISC.
SEASONING CHICKEN MONTREAL,10074865416860,1/23 OZ,$12.95,EA,MISC.
SEASONING CREOLE,10071998000058,12/17OZ,$45.54/$3.80,CS/EA,MISC.
SEASONING FAJITA,10074865251218,1/30OZ,$14.87,EA,MISC.
SEASONING FRUIT TAJIN,20633148100017,12/5OZ,$28.77,CS,MISC.
SEASONING GARLIC HERB S/F,10052100031740,1/20 OZ,$19.65,EA,MISC.
SEASONING GRILL MA MOJITO LIME,10052100034888,6/27 OZ,$88.71,CS,MIXES
SEASONING GRILL MA SMKHSE MAPL,10052100034871,6/28 OZ,$88.71/$14.79,CS/EA,MIXES
SEASONING ITALIAN WHL,10074865310021,1/1.75LB,$37.37,EA,MISC.
SEASONING ITALIAN WHL,10074865898390,1/6.25 Z,$11.18,EA,MISC.
SEASONING LIQUID SMOKE HICKORY,10041421177510,4/1 GAL,$47.47,CS,MISC
SEASONING OLD BAY,10070328010026,6/24OZ,$79.34/$13.22,CS/EA,MISC.
SEASONING ORIGINAL,10071998400049,4/8LB,$86.49/$21.62,CS/EA,TENDERIZER
SEASONING PASTE PILPELCHUMA,00687080652031,1/18.1 Z,$41.04,CS,PASTE
SEASONING PEPPER RED MILD,10052100357369,1/5 LB,$62.98,EA,MISC.
SEASONING POULTRY,10074865251874,1/12 OZ,$15.97,EA,MISC.
SEASONING ROTISSERIE CHKN,10074865448649,1/24OZ,$17.04,EA,MISC.
SEASONING RUB CHIPOTLE CINAMON,10021500010853,1/27 OZ,$16.70,EA,MIXES
SEASONING RUB MAPLE BOURBON,00814076024194,1/22 OZ,$25.11,CS,MISC.
SEASONING RUB OLD BAY,10070328005039,1/22OZ,$14.68,EA,MISC.
SEASONING RUB SMKY CHILE CUMIN,10021500010839,1/25 OZ,$17.68,EA,MIXES
SEASONING RUB SWEETSMOKE DRY,00798669410000,12/21.5OZ,$172.09/$14.34,CS/EA,MISC.
SEASONING SAZON CON AZAFRAN,10041331037775,18/20CT,$47.05,CS,MISC.
SEASONING SEAFOOD,10070328030031,1/7.5LB,$50.66,EA,MISC.
SEASONING SPICE BLEND BAHARAT,00687080519877,1/18 OZ,$36.65,CS,MISC.
SEASONING SPICE HARISSA BLEND,00687080533125,1/20 OZ,$34.03,CS,MISC.
SEASONING SPICE MEDITERR BLEND,00687080520170,1/18 OZ,$34.71,CS,MISC.
SEASONING SPICE RAS EL HANOUT,00687080302172,1/16 OZ,$37.68,CS,MISC.
SEASONING SPICY SRIRACHA,10052100032082,6/22OZ,$130.98/$21.83,CS/EA,MISC.
SEASONING STEAK MONTREAL,10074865799093,1/29OZ,$14.79,EA,MISC.
Seasoning Taco Original,10046000288694,32/1 oz,,CS,General Grocery
SEASONING VEGETABLE GRL MATE,10052100147786,1/20 OZ,$14.85,EA,MISC.
Seawd Rstd Chili Lime Trayless,10850023446449,6/5/.7 oz,$20.47,CS,Miscellaneous
Seaweed Chili Lime,10850023446210,8/6/1.02 oz,$39.23/$4.90,CS/BX,Snacks
Seaweed Grab   Go Avocado Oil,10850023446159,6/5/.7 oz,$20.47/$3.41,CS/BX,Snacks
Seaweed Grab   Go Sea Salt,10850023446128,6/5/.7 oz,$20.47/$3.41,CS/BX,Snacks
Seaweed Grab   Go Teriyaki,10850023446180,6/5/0.7 oz,$20.47/$3.41,CS/BX,Snacks
Seaweed Sea Salt   Avocado Oil,10851093004485,8/6/.96 oz,$39.23/$4.90,CS/BX,Snacks
Seaweed Snack Sea Salt,10851093004195,8/6/1.02 oz,$39.23/$4.90,CS/BX,Snacks
Seaweed Snack Teriyaki,10851093004188,8/6/1.02 oz,$39.23/$4.90,CS/BX,Snacks
SEED CHIA BLK ORGANC,00687080527186,1/10 LB,$82.88,CS,GRAINS
SEED CHIA WHT ORGANIC,00687080602876,1/10 LB,$83.28,CS,MISC.
SEED FLAX BRN ORGANIC,00687080244755,1/10 LB,$56.60,CS,GRAINS
SEED FLAX GOLDEN,00687080039290,1/10 LB,$64.47,CS,MISC.
SEEDS PUMPKIN PEELED      5 LB,10840501964374,5 LB,$49.20,CS,SEEDS
SEEDS PUMPKIN WITH SHELL  1 LB,00840501942740,1 LB,$7.61,LB,SEEDS
SEEDS PUMPKIN WITH SHELL 22 LB,10840501957833,22 LB,$77.20,CS,SEEDS
Seeds Sunflower Dill Pickle VL,10896887002209,12/5.35 oz,$24.23,CS,Nuts
Seeds Sunflower Org Flv Unpr,20026200772343,12/12/1.625 oz,$86.05/$7.17,CS/BX,Nuts
Seeds Sunflower Shell BBQ,00026200465708,12/5.25 oz,$19.96,CS,Nuts
Seeds Sunflower Shell Original,00026200461700,12/5.25 oz,$19.96/$1.66,CS/BX,Nuts
Seeds Sunflwr Shell Ranch Jmb,00026200467702,12/5.25 oz,$19.96/$1.66,CS/BX,Nuts
SGLCUP TEA ENG BRKFST TWN 24CT,00070177857806,1/24 CT,$22.56,EA,TEAS
SGLCUP TEA GREEN TWN 24CT/4CS,00070177857882,1/24 CT,$22.56,EA,TEAS
Shake Protein Cafe Latte,00643843717881,12/11.5 oz,$35.54,CS,Miscellaneous
Shake Protein Choc Dream Cup,00643843714729,3/4/11 oz,$31.17/$10.39,CS/BX,Miscellaneous
Shake Vanilla Protein 11 5 Oz,00643843717034,12/11.5 oz,$35.54,CS,Miscellaneous
Shaker Salt   Pepper,10719098160103,12/5.5 oz,$51.75/$4.31,CS/BX,Condiments
Shippr Bar Kind Protein Max,00602652671326,24/2.2 oz,$50.03,CS,Granola Bars
SHO ENERGY BOOST 6-1Ltr,9420055057124,1/1 LT,$12.64,EA,SYRUPS/TOPPINGS
SHO PUMP 10ML FITS 1LTR PET,,1/1 CT,$3.22,EA,SYRUPS/TOPPINGS
SHO SYR BUTTERSCOTCH 6/1LTR,9420055048016,1/1 LT,$9.34,EA,SYRUPS/TOPPINGS
SHO SYR CANE SUGAR 6/1LTR,9420055052266,1/1 LTR,$6.24,EA,SYRUPS/TOPPINGS
SHO SYR CARAMEL 6/1LTR,9420055046975,1/1 LTR,$9.34,EA,SYRUPS/TOPPINGS
SHO SYR CHOCOLATE 6/1LTR,9420055052686,1/1 LTR,$12.64,EA,SYRUPS/TOPPINGS
SHO SYR HAZELNUT 6/1LTR,9420055047019,1/1 LTR,$9.34,EA,SYRUPS/TOPPINGS
SHO SYR RASPBERRY 6/1LTR,9420055052662,1/1 LTR,$12.64,EA,SYRUPS/TOPPINGS
SHO SYR SALTED CARAMEL 6/1LTR,9420055048078,1/1 LTR,$9.34,EA,SYRUPS/TOPPINGS
SHO SYR STRAWBERRY 6/1LTR,9420055051894,1/1 LTR,$12.64,EA,SYRUPS/TOPPINGS
SHO SYR THREE BERRY 6/1LTR,9420055051870,1/1 LTR,$12.64,EA,SYRUPS/TOPPINGS
SHO SYR THTN LIME&MINT 6/1 LTR,9420055052075,1/1 LTR,$12.64,EA,SYRUPS/TOPPINGS
SHO SYR TRIPLE PEACH 6/1LTR,9420055051887,1/1 LTR,$12.64,EA,SYRUPS/TOPPINGS
SHO SYR VANILLA 6/1LTR,9420055047033,1/1 LTR,$9.34,EA,SYRUPS/TOPPINGS
Shortbread Fingers Twin Pack,00039047061163,6/24/1.4 oz,$110.86/$18.48,CS/BX,Cookies
SHORTENING FRY LIQ CLR CANOLA,00072071400058,1/35 LB,$42.02,CS,CANOLA
SHORTENING FRY LIQ CLR ZTF,00074865055178,1/35LB,$36.81,CS,LIQUID
SHORTENING FRY SOYBEAN,00072071000135,1/35#,$38.53,CS,CANOLA
SHORTENING SWEETEX GOLDEN FLX CAKE/ICING,00751884913640,1 / 50 LB,$128.64,CS,PANTRY
Shortng Cttnsd Canola TFF JUG,00026700148798,1/35 lb,$56.05,CS,FATS AND OILS
Skinny pop,56127,,$1.35,1,
Skippy Peanut Butter Bites,10037600003312,8/6 oz,$27.36,CS,Snacks
Skittles Bulk 25 lb,00040000065609,1/25 lb,$86.00,CS,Bulk Candy
Skittles Fruit RTL,10040000011603,36/2.17 oz,$47.05,BX,Singles-Non-Chocolat
Skittles Fruit RTL,10040000011603,10/36/2.17 oz,$442.03/$44.20,CS/BX,Singles-Non-Chocolat
Skittles Gummie Sour Peg DRC,00022000291073,12/5.8 oz,$23.20,CS,Bag Candy
Skittles Gummies Original,10022000285956,12/5.8 oz,$24.83,CS,Bag Candy
Skittles Gummies Original,10022000285956,12/5.8 oz,$23.33,CS,Bag Candy
Skittles Gummies Sour Share Sz,10022000298727,6/15 ct,$176.00,CS,Bag Candy
Skittles Gummies Wild Berry,00022000286734,12/5.8 oz,$24.56,CS,Bag Candy
Skittles Gummies Wild Berry,10022000285970,12/5.8,$23.33,CS,Bag Candy
Skittles Mash Ups Peg Bag,10022000265866,12/7.2 oz,$23.33,CS,Bag Candy
Skittles Mixed Fun Size,10022000297119,6/26.46 oz,$54.98,CS,Count Goods
Skittles Original Box Theater,10022000288599,12/3.5 oz,$16.10,CS,Box Candy
Skittles Original Peg Bag,10040000140921,12/7.2 oz,$23.33,CS,Bag Candy
Skittles Original Vend,10022000260465,10/36/2.17 oz,$431.80/$43.18,CS/BX,Bulk Candy
Skittles Pop d Original SUP,10022000301267,8/5.5 oz,$44.57,CS,Bag Candy
Skittles Pop d Share Size,10022000330342,9/18/1.78 oz,$316.79/$35.20,CS/BX,Singles-Non-Chocolat
Skittles Pop d Sour SUP,10022000301304,8/5.5 oz,$44.57,CS,Bag Candy
Skittles Sour Gummy Peg Bag,10022000289749,12/5.8 oz,$23.33,CS,Bag Candy
Skittles Sour Wild Berry,10022000297720,8/7.2 oz,$20.20,CS,Count Goods
Skittles Sour Wild Berry,10022000297959,12/24/1.8 oz,$353.63/$29.47,CS/BX,Singles-Non-Chocolat
Skittles Sour Wild Berry SSize,10022000297874,6/24/3.3 oz,$281.59/$46.93,CS/BX,Big Block/King Size
Skittles Sours,10040000012662,12/24/1.8 oz,$353.63/$29.47,CS/BX,Singles-Non-Chocolat
Skittles Sours BiteSz TearNSha,10040000044663,6/24/3.3 oz,$281.59/$46.93,CS/BX,Big Block/King Size
Skittles Sours Peg Bag,10040000140938,12/5.7 OZ,$23.33/$1.94,CS/BX,Bag Candy
Skittles Tear N Share,10040000044601,6/24/4 oz,$281.59/$46.93,CS/BX,Big Block/King Size
Skittles Tropical,10040000011634,10/36/2.17 oz,$442.03/$44.20,CS/BX,Singles-Non-Chocolat
Skittles Wildberry,10040000011627,10/36/2.17 oz,$442.03/$44.20,CS/BX,Singles-Non-Chocolat
Skittles Wildberry Tear Share,10022000200591,6/24/4 oz,$281.59/$46.93,CS/BX,Big Block/King Size
SkittlesPopVarietyStandUpPouch,00022000301680,32/5.5 oz,,CS,Miscellaneous
SLEEVE ART CUP 12-24OZ 1200/CS,10840825030366,1/1200 CT,$113.62,CS,TABLE SERVICE
SLEEVE HOT CUP WHITE 1200CT,,1/1200 CT,$115.69,CS,TABLE SERVICE
Slim Jim Giant,10026200117000,24/.97 oz,$28.23,BX,Meat Snacks
Slim Jim Monster Original,10026200140619,18/1.94 oz,$40.29,BX,Meat Snacks
Sltd Caramel Almond Flr Squr,00602652432439,8/6/1.4 oz,$68.88,CS,Miscellaneous Snack
Snack Antioxidant Mix,10077034012757,6/4 oz,$18.19,CS,Nuts
SNACK BAR CARAMEL ALMD SEA SLT,00602652185335,6/12 CT,$105.88/$17.65,CS/EA,MISC
SNACK BAR CHOC DARK CHRY CASHW,00602652172502,6/12 CT,$105.88/$17.65,CS/EA,MISC
SNACK BAR CINN TOAST CRNCH,10018000109781,72/2.36OZ,$46.27,CS,MISC CONV PRD
SNACK BAR CRAN ALMOND PLUS,00602652170119,6/12 CT,$105.88/$17.65,CS/EA,MISC
SNACK BAR CRISPY RICE CONF WG,00038000264528,80/1.48OZ,$48.34,CS,MISC
SNACK BAR DK CHOC NUT SEA SALT,00602652178511,6/12 CT,$105.88/$17.65,CS/EA,MISC
SNACK BAR FBR ONE OATS & CHC,10016000146522,128/1.4 OZ,$98.58,CS,MISC
SNACK BAR FRUIT AND NUT DELITE,00602652178245,6/12 CT,$105.88,CS,MISC
SNACK BAR GRAN PNUT SWT&SLTY,10016000420677,128/1.2 OZ,$77.14,CS,MISC
SNACK BAR GRANOLA  OATS N HNY,10016000115825,4/36 CT,$41.46,CS,MISC
SNACK BAR GRANOLA  PNUT BUTTER,10016000115849,4/36 CT,$41.46,CS,MISC
SNACK BAR GRANOLA ALM SWT&SLTY,10016000420684,128/1.2OZ,$77.14,CS,MISC
SNACK BAR GRANOLA OAT&HNY 2PK,10016000335308,108/1.5 OZ,$65.12,CS,MISC
SNACK BAR GRANOLA TRAIL MX FRT,10016000151205,128/1.2 OZ,$77.15,CS,BULK
SNACK BAR GRANOLA VARIETY PAK,10016000115917,120/.89 OZ,$49.35,CS,MISC
SNACK BAR GRANOLA VARTY 3 FLVR,00016000155541,1/70 CT,$50.73,CS,MISC
SNACK BAR NUTRI GRAIN  BLUEBRY,00038000908194,96/1.55OZ,$67.85,CS,MISC
SNACK BAR PNUT BTR DARK CHOC,00602652172564,6/12 CT,$105.88/$17.65,CS/EA,MISC
SNACK BAR PRO SPCL K DBL CHOC,00038000291876,6/8 CT,$71.14,CS,MISC.
SNACK BAR PRO SPCL K PNUT CHOC,00038000291890,6/8CT,$71.14,CS,MISC
SNACK BAR PRO SPCL K STWBRY,00038000291852,48/1.59OZ,$71.14,CS,MISC
SNACK BAR RICE KRISPIES MINI,00038000511097,1/600 CT,$114.57,CS,MISC
SNACK BAR RICE KRISPIES TREAT,00038000265327,5/12X15,$64.12,CS,MISC
SNACK BAR RICE KRISPIES TREAT,00038000265471,4/20 CT,$56.54,CS,MISC
SNACK BAR RICE KRISPIES WG,00038000110528,80/1.41OZ,$48.34,CS,MISC
SNACK BAR RICE KRSPIE DBL CHOC,00038000268472,4/20 CT,$56.54,CS,MISC
SNACK BAR SPEC K PROTEIN ASSTD,00038000105227,4/8 CT,$47.42,CS,PACKAGES
SNACK BAR WG RICE KRISP CHOCHP,00038000145674,80/1.59OZ,$48.34,CS,MISC
Snack Berry Tiedye 4ct,10016000196138,8/3 oz,$14.97,CS,Snak-Paks(Fruit&Pud)
Snack Ched Crnch Mix,10850044112163,2/8/1.80 oz,$36.68/$18.34,CS/BX,Snack Mixes
Snack Cheese Can 3 62 Oz,00028400700092,12/3.63 oz,$37.72,CS,Snacks
SNACK CHEESE CRNCH BG GRB LSS,00028400443661,64/2 OZ,$45.90,CS,CHIPS CHSE SNAK
SNACK CHEESE CRNCH HT LMON XVL,00028400361354,32/2.75OZ,$42.99,CS,CORN
SNACK CHEESE CRUNCHY BKD WHLGR,00028400629331,104/.875OZ,$47.40,CS,CHIPS CHSE SNAK
SNACK CHEESE CRUNCHY HOT LSS,00028400443685,64/2 OZ,$45.90,CS,CHIPS CHSE SNAK
SNACK CHEESE CRUNCHY HOT XVL,00028400361347,32/2.75OZ,$42.99,CS,CHIPS CHSE SNAK
SNACK CHEESE CRUNCHY SS,00028400324199,104/1OZ,$47.40,CS,CHIPS CHSE SNAK
SNACK CHEESE CRUNCHY XVL,00028400361316,32/2.75OZ,$42.99,CS,CHSE SNAK MISC
SNACK CHEESE FLAMIN HOT BULK,00028400125918,6/16 OZ,$20.22,CS,OTHER
SNACK CHEESE JUMBO PUFFS XVL,00028400361231,24/2.13OZ,$32.24,CS,CORN
SNACK CHEESE PUFF JMBO,00028400453011,64/1.375Z,$45.90,CS,CHSE SNAK MISC
SNACK CHEESE PUFFS JMBO BKD,00028400674379,88/.875OZ,$40.10,CS,CHIPS CHSE SNAK
Snack Cheetos Mini Flamin Hot,00028400758772,12/1.5 oz,$22.39,CS,Snacks
SNACK CHIP VEG,10755355005268,24/1 OZ,$19.59,CS,MISC.
SNACK CHIP WHT PFFS CHL&LM XVL,00028400363211,15/2 OZ,$20.16,CS,OTHER
SNACK CRACKER CHAT SNAX,00030100126959,210/1 OZ,$60.37,CS,MISC.
Snack Crnbry Sweeties,10074329123143,12/2.25 oz,$17.55,CS,Miscellaneous
Snack Crnch Mix,10850044112156,2/8/1.80 oz,$36.68/$18.34,CS/BX,Cereal
Snack Fiber Pop Sweet   Slty,00028400799348,32/1.62 oz,$44.67,CS,Snacks
SNACK FRENCH TOAST CINNAMANIA,00038000245206,100/1.76OZ,$51.30,CS,MISC
Snack Frstd Wld Berry,00038000222849,12/4/13.5 oz,$41.79,CS,Snacks
SNACK FRUIT GUMMIES ASST,10016000479545,144/1.6 OZ,$68.06,CS,MISC.
Snack Granola Vanilla Almond,00884623106123,6/3.7 oz,$15.00,BX,Snack Mixes
SNACK HOT FRIES XVL,00028400363167,28/2.63OZ,$37.62,CS,OTHER
Snack Kit Crackers Smkd Ham,30044500002271,12/2.76 oz,$30.41,CS,Lunchables/Snacks
Snack Kit Rstd Turkey  Colby,30044500002295,12/2.76 oz,$30.41,CS,Lunchables/Snacks
Snack Mix California Medley,10077034011095,12/5 oz,$36.38,CS,Snack Mixes
Snack Mix Ched,30850044112143,12/1.85 oz,$24.75,CS,Snack Mixes
Snack Mix Cheddar Organic,10013562000736,12/2.5 oz,$26.57,CS,Snack Mixes
Snack Mix Cheese Fix Big Bag,00028400461658,10/8 oz,$28.64,CS,Snack Mixes
Snack Mix Cheese LSS,00028400443876,64/1.75 oz,$47.69,CS,Large Single Serve
SNACK MIX CHEX CHDR SIMPLY,10016000319322,60/.92 OZ,$32.43,CS,MISC.
SNACK MIX CHEX TRADITIONAL,00016000148581,8/3.75OZ,$12.46,CS,MISC.
SNACK MIX CHEX TRDTNL FLVR,00016000124004,60/1.75 Z,$33.28,CS,MISC.
Snack Mix Crnbry Almnd Delight,10077034089797,42/3 oz,$43.78,CS,Snack Mixes
SNACK MIX DOUBLE CHEESE,00024100577200,6/3.5 OZ,$9.51,CS,PORTION CONTROL
Snack Mix Flamin Hot LSS,00028400443883,64/2 oz,$47.69,CS,Large Single Serve
Snack Mix Peanut Butter Dark,10077034089834,72/2 oz,$55.43,CS,Snack Mixes
Snack Mix Salty Variety,10016000221311,2/20/20 ct,$22.67,CS,Snack Mixes
Snack Mix Savory Bold,10016000214894,8/4.5 oz,$16.87,CS,Bulk Snacks
Snack Mix Savory Cheddar,00016000219496,6/8 oz,$19.12,CS,Snack Mixes
Snack Mix Savory Cheddar,10016000215532,8/4.5 oz,$16.87,CS,Snack Mixes
Snack Mix Savory Honey BBQ,10016000214924,8/4.5 oz,$16.87,CS,Snack Mixes
Snack Mix Savory Jalapeno Ched,10016000214931,8/4.5 oz,$16.87,CS,Snack Mixes
Snack Mix Savory Traditional,00016000219519,6/8 oz,$19.12,CS,Snack Mixes
Snack Mix Savory Traditional,10016000214948,8/4.5 oz,$16.87,CS,Snack Mixes
Snack Mix Savory White Cheddar,10016000219486,8/4.5 oz,$16.87,CS,Snack Mixes
SNACK MIX SNACK-EN ORIG,00016000111783,60/1.75OZ,$36.90,CS,MISC.
Snack Mix Spicy Cajun,10029000072197,12/6 oz,$31.98/$2.67,CS/BX,Snack Mixes
Snack Mix Strawberry PB J 8ct,10824295141173,8/1 oz,$46.33/$5.79,CS/BX,Snack Mixes
Snack Mix Sweet N  Spicy,10077034089841,72/1.75 oz,$43.49,CS,Snack Mixes
Snack Mix Sweet N Salty,10077034089971,42/3.5 oz,$44.77,CS,Snack Mixes
Snack Mix Sweet N Salty Retail,10077034009870,8/24/2 oz,$135.78/$16.97,CS/BX,Snack Mixes
Snack Mix Sweet N Salty TrvlPk,10077034086284,12/1/8 oz,$38.37/$3.20,CS/BX,Nuts
Snack Mix Traditional,30850044112136,12/1.85 oz,$24.75,CS,Snack Mixes
Snack Mix Wholesome Medley,10077034011088,12/5 oz,$36.38,CS,Snack Mixes
SNACK ONION FLAVORED RINGS XVL,00028400363174,24/1.88OZ,$32.24,CS,MISC.
SNACK ONION FVRD RINGS HOT XVL,00028400363204,24/1.88OZ,$32.24,CS,CORN
SNACK ONION HOT,00028400490108,64/1.25OZ,$45.90,CS,POTATO
SNACK ONION LSS,00028400443999,64/1.25OZ,$45.90,CS,MISC.
Snack Parm Crisp Original Mix,10840093500974,8/12/1.5 oz,$152.37,CS,Snacks
Snack Pepperoni Tray,10073007382803,8/3.14 oz,$30.88,CS,Lunchables/Snacks
Snack Pk Calabrese Asiago Crkr,10813039023707,10/2 oz,$35.54,CS,Lunchables/Snacks
Snack Pk Genoa Fontina Cracker,10813039021437,10/2 oz,$35.54,CS,Lunchables/Snacks
Snack Pk Sopressata Chd Crckr,10813039021420,10/2 oz,$35.54,CS,Lunchables/Snacks
SNACK PORK RIND BKNET HOT SPCY,00028400443869,64/1 OZ,$45.90,CS,MISC.
SNACK PORK RIND SEA SALT PEP,10732153024936,12/2.5 OZ,$53.13,CS,MISC.
Snack Protein Cheddar Mix,10850017468167,6/5.25 oz,$28.80,CS,Snack Mixes
Snack Protein Creamy Ranch,10850017468143,6/5.25 oz,$28.80,CS,Snack Mixes
Snack Protein Spicy Kick Keto,10850017468150,6/5.25 oz,$30.68,CS,Snack Mixes
Snack Protein Traditional Mix,10850017468136,6/5.25 oz,$28.80,CS,Snack Mixes
SNACK RICE CRISPS CARAMEL,00030000564141,8/3.3Z,$20.16,CS,MISC.
SNACK RICE CRISPS CHEDDAR,00030000564134,8/3.3Z,$20.16,CS,MISC.
SNACK TRAIL MIX FRUIT & NUT,10029000000268,72/2OZ,$63.69,CS,MISC.
SNACK TRAIL MIX NUT & CHOC,10029000000275,72/2 OZ,$63.69,CS,CHSE SNAK MISC
Snack Tray Genoa Salami,10073007865399,8/3 oz,$30.88,CS,Lunchables/Snacks
Snack Var Pk,10030000580414,4/18 ct,$43.52,CS,Snacks
Snack Xvl  flamin Hot Dill,00028400789677,32/2.75 oz,$44.67,CS,Snacks
Snak Ens Original,00016000111783,60/1.75 oz,$32.21,CS,Bagged Vend Size
Snak Ens Original,00016000111783,60/1.75 oz,$40.61,CS,Bagged Vend Size
Snake Bitez Gummi,,36/8 oz,$133.02,CS,Bulk Candy
Snake Bitez Gummi Shipper,,36/8 oz,$133.02,CS,Bulk Candy
Snapea Crisp Lightly Salted,10071146002415,12/3.3 oz,$22.18,CS,Miscellaneous Snack
Snaps Harvest Lightly Salted,10071146005836,36/1 oz,$27.72,CS,Miscellaneous Snack
Snck Fritos Chli Chse XVl,00028400766364,36/3.25 oz,$50.26,CS,Bulk Snacks
Snickers 2 Piece KS,10040000322525,6/24/3.29 oz,$304.51/$50.75,CS/BX,Big Block/King Size
Snickers Almond Bar,10040000011054,12/24/1.76 oz,$353.63/$29.47,CS/BX,Singles-Chocolate
Snickers Almond KS 2 Piece,10040000322471,6/24/3.23 oz,$304.51/$50.75,CS/BX,Big Block/King Size
Snickers High Protein PButter,10040000591112,8/12/2.01 oz,$219.38/$27.42,CS/BX,Miscellaneous
Snickers Miniatures Peg Bag,10040000015021,12/4.4 oz,$31.11,CS,Bag Candy
Snickers Minis Peg,10040000565083,12/2.48 oz,$14.87,CS,Count Goods
Snickers Peanut Butter Sqrs Sn,10040000394126,12/18/1.78 oz,$265.22/$22.10,CS/BX,Singles-Chocolate
Snickers Peanut Butter Square,10040000441486,6/18/3.56 oz,$228.38/$38.06,CS/BX,Big Block/King Size
Snickers Pecan Share Size,10040000595523,6/24/2.82 oz,$304.51/$50.75,CS/BX,Big Block/King Size
Snickers Pecan Singles 1 41z,10040000595509,12/24/1.41 oz,,CS,Singles-Chocolate
Snickers Singles RTL,10040000424311,48/1.86 oz,$62.73,BX,Singles-Chocolate
Snickers Singles RTL,10040000424311,8/48/1.86 oz,$471.50/$58.94,CS/BX,Singles-Chocolate
Snickers Singles Vend,10040000533099,8/48/1.86 oz,$460.58/$57.57,CS/BX,Singles-Chocolate
Snickers Xtreme,10040000641084,12/24/1.55 oz,$353.63/$29.47,CS/BX,Singles-Chocolate
Snickers Xtreme Share Size,10040000640407,6/24/3.1 oz,$281.59/$46.93,CS/BX,Big Block/King Size
SNK - CHIP LAYS POTATO BARBECUE XVL,943904,24/2.25oz,$31.44/$1.31,Case/Each,
SNK - CHIP LAYS POTATO REGULAR XVL,943905,24/2.25oz,$31.44/$1.31,Case/Each,
SNK - COSMIC SOUR GUMMIES,943907,1/12,$1.53,EA,
SNK - Cotton Candy,943901,,$33.45,cs,
SNK - Couger Classic Beef Bites,943902,1/24,$144.00/$6.00,Case/Each,
SNK - Fisher Nuts 1.85 oz,943909,14/1.85oz,$21.14/$1.51,1/1,
SNK - Fisher Nuts 4 oz,943910,6/4oz,$22.26/$3.71,1/1,
SNK - Honey Roasted Peanuts,943911,1/12,$15.00/$1.25,Case/Each,
SNK - Hot Fries,943912,,$1.08,1,
SNK - Orchard Valley 2oz,943914,14/2oz,$17.92/$1.28,1/1,
SNK - Pickle in a Pouch,943919,1-12,$7.99/$0.66,cs/12,
SNK - PICKLE IN POUCH,943919,1,$7.99,CS,
SNK - Shasta's Peanut Butter Crunch,,1/12,$41.40/$3.45,Case/Each,
SNK - Sunflower Seeds,943922,12/5.25,$19.93/$1.66,cs/12,
SNK - White Cheddar Corn Puffs,943923,1/12,$16.80/$1.40,Case/Each,
SnoBall 2ct FOA,30888109020096,6/6/3.5 oz,$52.95,CS,Pastry
SnoCaps OntheGo Concession,00099900912162,15/3.1 oz,$20.13,CS,Box Candy
SOBA NOODLE JAPANESE STYLE,,12 / 32 OZ,$134.29,CS,PANTRY
Soda Syrup Blue Rspbry FCB,00012000105456,1/3 gal,$95.72,CS,Syrup
Soda Syrup Dr Pepper BNB,00054900710545,1/5 gal,$136.87,CS,Syrup
Soda Syrup Tonic Water BNB TFF,00072979170053,1/2.5 gal,$71.41,CS,Syrup
SOUFFLE SWEET CORN K4084,00745378408415,90 / 3 OZ,$156.44,CS,PREPARED FOODS
Soup at Hand Tomato,10051000137361,8/11.1 oz,$18.42,CS,Hot Food - Microwave
SOUP BASE HAM NO MSG/HVP,10074865003718,1/1 LB,$8.27,EA,HAM
SOUP BASE MISO,10085315801105,6/4.4 LB,$223.69,CS,MISC.
Soup Beef Rich Savory Protein,00070662428023,6/2.54 oz,$7.99,CS,Soup
Soup Black Bean   Lime,10767335011022,6/3.4 oz,$10.95,CS,Miscellaneous
Soup Chicken Hot Spicy Protein,00070662428030,6/2.54 oz,$7.99,CS,Soup
Soup Chicken Noodle,10051000134599,8/15.4 oz,$19.48,CS,Hot Food - Canned
Soup Chicken Noodle Chunky,10051000148800,8/15.25 oz,$28.07,CS,Hot Food - Microwave
Soup Chicken Noodle SAH,10051000149821,8/10.75 oz,$18.42,CS,Hot Food - Microwave
Soup Chicken Noodle Spicy,10051000286335,8/15.25 oz,$28.26,CS,Hot Food - Canned
Soup Chili Mac Bowl,10051000286298,8/15.25 oz,$28.26,CS,Hot Food - Microwave
Soup Chili Roadhouse Beef Bean,10051000159042,8/15.25 oz,$28.07,CS,Hot Food - Canned
Soup Chunky Chicken Dumpling,10051000149197,8/15.25 oz,$28.07,CS,Hot Food - Microwave
Soup Thai Coconut Can,10042272005137,12/14.1 oz,,CS,General Grocery
Soup Thai Pad Noodle Cup,10767335011077,6/2 oz,$10.95,CS,Miscellaneous
Soup Tortilla Organic Can,10042272007759,12/14.2 oz,,CS,General Grocery
Sour Bright Crawlers Minis,10041420110990,8/18/2 oz,$149.38/$18.67,CS/BX,Bag Candy
Sour Jacks Sour Watermelon,10034856125232,12/5 oz,,CS,Concessions
Sour Jacks Sour Wedges Originl,10034856125218,12/5 oz,$16.38,CS,Bag Candy
Sour Jacks Watermelon Sft Chew,10034856024641,6/24/2 oz,$116.50/$19.42,CS/BX,Singles-Non-Chocolat
Sour Patch Chews Assorted,10070462014928,12/5.12 oz,$26.88,CS,Bag Candy
Sour Patch Kids,00070462062014,12/24/2 oz,$356.90/$29.74,CS/BX,Bag Candy
Sour Patch Kids Big Heads,10070462005179,12/8 oz,$26.88,CS,Bag Candy
Sour Patch Kids Blue Peg Bag,10070462007791,12/8 oz,$26.88,CS,Bag Candy
Sour Patch Kids Box,00070462062496,12/3.5 oz,$10.78,CS,Singles - No UPC
Sour Patch Kids Box,00070462062496,12/3.5 oz,$11.47,CS,Singles - No UPC
Sour Patch Kids Changemaker,00070462431476,8/240 ct,$152.08/$19.01,CS/BX,Bulk Candy
Sour Patch Kids Festive,10070462006763,6/10 oz,,CS,Seasonal
Sour Patch Kids Glow Ups PegBg,10070462013716,12/6.7 oz,$26.88,CS,Bag Candy
Sour Patch Kids Peg Bag,00070462061611,12/8oz,$28.61,CS,Bag Candy
Sour Patch Kids Peg Bag,00070462061611,12/8oz,$26.88,CS,Bag Candy
Sour Patch Kids Peg Bag,10070462006596,12/3.6 oz,$10.24,CS,Bag Candy
Sour Patch Watermelon,00070462061994,12/24/2 oz,$356.90/$29.74,CS/BX,Bag Candy
Sour Patch Watermelon,10070462006602,12/3.6 oz,$10.24,CS,Bag Candy
Sour Patch Watermelon Box,00070462083767,12/3.5 oz,$10.78,CS,Singles - No UPC
Sour Punch Bites Asrtd Flavors,10041364187348,12/5 oz,$15.56,CS,Bag Candy
Sour Punch Bites Blue Raspbery,10041364187300,12/5 oz,$15.56,CS,Bag Candy
Sour Punch Bites Rad Red,10041364187089,12/5 oz,$15.56,CS,Bag Candy
Sour Punch Bites Strawberry,10041364180158,12/5 oz,$15.56,CS,Bag Candy
Sour Punch Blue Raspberry,10041364080342,24/4.5 oz,$34.11,CS,Singles-Non-Chocolat
Sour Punch Blue Razz,10041364080519,12/24/2 oz,$255.40/$21.28,CS/BX,Singles-Non-Chocolat
Sour Punch Grape Straws,10041364089901,12/24/2 oz,$255.40/$21.28,CS/BX,Singles-Non-Chocolat
Sour Punch Not so Sour SwtBtes,10041364180042,12/5 oz,$15.56,CS,Bag Candy
Sour Punch Rainbow Straws Tray,10041364087914,24/4.5 oz,$34.11,CS,Bag Candy
Sour Punch Strawberry Tray,10041364080335,24/4.5 oz,$34.11,CS,Big Block/King Size
Sour Punch Straws Rainbow,10041364087921,12/24/2 oz,$255.40/$21.28,CS/BX,Singles-Non-Chocolat
Sour Punch Straws Strawberry,10041364080533,12/24/2 oz,$255.40/$21.28,CS/BX,Singles-Non-Chocolat
Sour Punch Watermelon,10041364080496,12/24/2 oz,$255.40/$21.28,CS/BX,Singles-Non-Chocolat
Sour Watermelon Slices,00073380360682,12/4.5 oz,$12.96,CS,Bag Candy
SourPatchKids Original Big,10070462008262,12/12 oz,$45.03,CS,Bag Candy
SourPatchKids SoftWatermelonFF,00070462061628,12/8 oz,$26.88,CS,Bag Candy
SourPunch Bites Tropical Blend,10041364187386,12/5 oz,$15.56,CS,Bag Candy
Spaghetti,10076808280088,20/16 oz,$36.03/$1.80,CS/BX,General Grocery
Spaghetti Sauce Tradtnl Glass,10051000025484,12/14 oz,$29.12/$2.43,CS/BX,General Grocery
SPICE ALLSPICE GROUND,10074865250778,1/1 LB,$18.15,EA,MISC.
SPICE ANISE STAR,00687080000467,6/6 OZ,$98.04,CS,MISC.
SPICE ANISE STAR GRND,00687080409383,6/14 OZ,$102.14,CS,MISC.
SPICE BASIL LEAVES,10074865250846,1/5OZ,$7.34,EA,MISC.
SPICE BASIL LEAVES,10734730233502,1/22OZ,$26.69,EA,MISC.
SPICE BAY LEAVES WHL,10734730111466,1/8OZ,$21.57,EA,MISC.
SPICE BBQ GRND,10074865309971,1/18 OZ,$14.83,EA,MISC.
SPICE BBQ KOREAN,00814076022633,1/16 OZ,$24.40,CS,MISC.
SPICE BLACK MAGIC SALT FREE,00814076027133,1/16 OZ,$22.81,CS,MISC.
SPICE BLEND BERBERE,00814076023586,1/18 OZ,$23.91,CS,MISC.
SPICE BLEND BLACK & BLEU,00814076020936,1/18 OZ,$29.24,CS,MISC.
SPICE BLEND BUFFALO LEMON PPR,00810092183129,1/21 OZ,$21.91,CS,MISC.
SPICE BLEND CHILE CON LIMON,00814076025344,1/20 OZ,$18.68,CS,MISC.
SPICE BLEND CHIMICHURRI,00814076024507,1/16 OZ,$20.69,CS,MISC.
SPICE BLEND GREEK FREAK,00814076020974,1/16 OZ,$21.76,CS,MISC.
SPICE BLEND GREEK FRK SLT FREE,00814076027003,1/11.5OZ,$20.78,CS,MISC.
SPICE BLEND HOT CHICKEN,00814076024361,1/20 OZ,$24.68,CS,MISC.
SPICE BLEND KIMCHI,00687080664164,1/15 OZ,$37.05,CS,MISC.
SPICE BLEND LEMON PPR SLT FREE,00814076027027,1/18 OZ,$25.05,CS,MISC.
SPICE BLEND RLLY RANCH SLT FR,00814076026891,1/16 OZ,$23.35,CS,MISC.
SPICE BLEND SALT PEPPER GARLIC,00810092183259,1/18 OZ,$18.76,CS,MISC.
SPICE BLEND SHICHIMI TOGARASHI,00687080513585,6/16 OZ,$125.11,CS,MISC.
SPICE BLEND SHICHIMI TOGARASHI,00687080513561,1/16 OZ,$38.59,CS,MIXES
SPICE BLEND SMKY HNY HABANERO,00814076021025,1/24 OZ,$25.17,CS,MISC.
SPICE CARAWAY SEED WH,10074865250914,1/1 LB,$14.87,EA,MISC.
SPICE CARDAMOM BLK COARSE,00687080534979,1/15 OZ,$75.81,CS,MISC.
SPICE CARDAMOM SEED WHL BLK,00687080144963,1/8 OZ,$41.21,CS,MISC.
SPICE CELERY SALT,10074865250938,1/30OZ,$9.38,EA,MISC.
SPICE CELERY SEED WH,10074865250969,1/1LB,$11.69,EA,MISC.
SPICE CHILE PWDR AJI PANCA,00687080275155,1/1.25LB,$40.18,CS,MISC.
SPICE CHILE PWDR ANCHO,00687080249552,1/20 OZ.,$33.40,CS,MISC.
SPICE CHILE PWDR ANCHO,00687080252620,6/20 OZ,$105.11,CS,MISC.
SPICE CHILE PWDR GUAJILLO,00687080264449,1/18 OZ,$30.55,CS,MISC.
SPICE CHILE PWDR NEW MEXICO,00687080071535,1/18 OZ,$30.67,CS,MISC.
SPICE CHILI AJI AMARILLO PWDR,00687080264289,1/18 OZ,$38.99,CS,MIXES
SPICE CHILI ANCHO HNY CITRUS,00687080611595,1/22 OZ,$45.54,CS,MIXES
SPICE CHILI POWDER DRK,10074865251003,1/5.5 LB,$54.69,EA,MISC.
SPICE CHILI POWDER LT,10074865251010,1/18 OZ,$11.59,EA,MISC.
SPICE CHILI POWDER LT,10074865251027,1/5.5LB,$54.70,EA,MISC.
SPICE CHILI POWDER LT,00074865254328,1/25LB,$181.62,CS,MISC.
SPICE CHILI PWDR DRK,10074865898413,1/20 OZ,$12.75,EA,MISC.
SPICE CHIVE FREEZE DRIED,10074865310359,1/1.35OZ,$9.96,EA,MISC.
SPICE CINNAMON GRND PURE,10052100010684,6/18 OZ,$87.14/$14.52,CS/EA,MISC.
SPICE CINNAMON GROUND,10074865254004,1/5 LB,$63.62,EA,MISC.
SPICE CINNAMON GROUND BAKER,10074865251041,1/15OZ,$16.01,EA,MISC.
SPICE CINNAMON STICK,10074865251072,1/8OZ,$20.14,EA,MISC.
SPICE CLOVE GRND,10074865251089,1/1LB,$28.87,EA,MISC.
SPICE CLOVE WH,10074865251096,1/11OZ,$22.61,EA,MISC.
SPICE CORIANDER GRND,10074865251102,1/14 OZ,$12.44,EA,MISC.
SPICE CORIANDER SEED XTRA BOLD,00687080002584,6/9 OZ,$46.28,CS,MISC.
SPICE CORIANDER WHL ORGANIC,00687080421026,1/9 OZ,$22.12,CS,MISC.
SPICE CREAM OF TARTAR,10074865251126,1/25 OZ,$22.60,EA,MISC.
SPICE CUMIN GRND,10074865251140,1/14 OZ,$12.95,EA,MISC.
SPICE CUMIN GRND,10074865310014,1/4.5 LB,$65.23,EA,MISC.
SPICE CURRY POWDER,10074865251171,1/1LB,$14.79,EA,MISC.
SPICE DILL WEED WH,10074865251201,1/5OZ,$15.69,EA,MISC.
SPICE FENNEL SEED WHL,10074865251225,1/14OZ,$14.64,EA,MISC.
SPICE FENUGREEK SEED,00687080070507,1/24 OZ,$27.42,CS,MISC.
SPICE FIVE CHINESE,10052100319664,1/1LB,$21.62,EA,MISC.
SPICE FIVE POWDER,00814076020172,1/16 OZ,$26.50,CS,MISC.
SPICE FIVE PWDR,00687080070521,1/16 OZ,$42.52,CS,MISC.
SPICE FIVE PWDR,00687080010268,6/16 OZ,$146.03,CS,MISC.
SPICE GARAM MASALA,00687080070569,1/14 OZ,$32.60,CS,MISC.
SPICE GARAM MASALA,00687080030839,6/14OZ,$94.96,CS,MISC.
SPICE GARLIC GRANULATED,10074865251256,1/7.25LB,$95.63,EA,MISC.
SPICE GARLIC GRANULATED,10074865799079,1/26OZ,$23.92,EA,MISC.
SPICE GARLIC GRANULATED,10074865312650,1/25 OZ,$11.66,EA,MISC.
"SPICE GARLIC JUNKIE, MCKENZIE",00814076024521,1/20 OZ,$26.13,CS,MISC.
SPICE GARLIC POWDER,10052100751075,1/30 LB,$331.44,CS,MISC.
SPICE GARLIC POWDER BLACK,10889356000851,1/25 OZ.,$30.59,EA,GARLIC/ONION
SPICE GARLIC PPR CAL STY,10074865894675,1/22OZ,$18.17,EA,MISC.
SPICE GARLIC PWDR,10074865898376,1/21OZ,$19.29,EA,GARLIC MISC
SPICE GARLIC SALT,10074865898383,1/41.25Z,$13.43,EA,GARLIC MISC
SPICE GARLIC SALT W/PARSLEY,10021500800300,6/28 OZ,$65.25/$10.88,CS/EA,MISC.
SPICE GINGER GRND,10734730605958,1/12.5OZ,$16.90,EA,MISC.
SPICE GROUND SUMAC,00687080071207,1/18 OZ,$33.17,CS,MISC.
SPICE HERB DE PROVENCE,00687080070620,1/7 OZ,$31.18,CS,MISC.
SPICE HERB DE PROVENCE,00687080002232,6/7 OZ,$88.43,CS,MISC.
SPICE LEMON PEPPER,10052100427840,1/25LB,$172.61,CS,MISC.
SPICE LEMON PEPPER,10074865898406,1/28OZ,$16.09,EA,MISC.
SPICE LIME KAFFIR LEAVES GRND,00687080522471,1/12 OZ,$41.78,CS,MISC.
SPICE MARJORAM LVS,10052100323227,1/4 OZ,$11.08,EA,MISC.
SPICE MASALA CURRY VADOUV FRCH,00687080512908,1/20 OZ,$36.59,CS,MISC.
SPICE MUSTARD GROUND DRY,10074865251423,1/1 LB,$9.63,EA,MISC.
SPICE MUSTARD SEED WHL,10052100323241,1/22OZ,$10.92,EA,MISC.
SPICE MUSTARD SEED YEL,00687080249651,1/24 OZ,$31.52,CS,MISC.
SPICE NUTMEG GROUND,10074865251454,1/1LB,$22.42,EA,MISC.
SPICE ONION GRANULATED,10074865251485,1/18 OZ,$10.99,EA,MISC.
SPICE ONION GRANULATED,10052100323609,3/5.75LB,$159.23/$53.08,CS/EA,MISC.
SPICE ONION POWDER,10074865251492,1/5.5LB,$40.77,EA,MISC.
SPICE ONION POWDER,10074865312698,1/20OZ,$6.01,EA,MISC.
SPICE ONION SALT,10074865251515,1/36 OZ,$9.75,EA,MISC.
SPICE OREGANO GROUND,10074865251539,1/13 OZ,$14.31,EA,MISC.
SPICE OREGANO LEAF,10074865253953,1/1.5 LB,$28.48,EA,MISC.
SPICE OREGANO LEAF WH,10074865253946,1/5OZ,$9.13,EA,MISC.
SPICE OREGANO LEAVES,10734730511303,1/1.75LB,$17.60,EA,MISC.
SPICE OREGANO MEXICAN,00687080328141,1/3 OZ,$24.17,CS,MISC.
SPICE OREGANO WHL LEAVES MEX,10734730127030,1/1.5#,$30.47,EA,MISC.
SPICE PAPRIKA DOM GRND,10074865207864,1/4.5LB,$24.10,EA,MISC.
SPICE PAPRIKA HOT SMK,00687080070897,1/20 OZ,$29.98,CS,MISC.
SPICE PAPRIKA HUNGARIAN GROUND,10074865251607,1/5.25LB,$60.54,EA,MISC.
SPICE PAPRIKA SMK,10052100043231,1/17 OZ.,$19.10,EA,MISC.
SPICE PAPRIKA SPANISH,10052100324545,1/18OZ,$16.22,EA,MISC.
SPICE PAPRIKA SPANISH FCY,10074865251560,1/5.25LB,$72.85,EA,MISC.
SPICE PAPRIKA SPANISH XFCY,10052100410040,1/25 LB,$207.35,CS,MISC.
SPICE PAPRIKA XFCY,10074865251577,1/1 LB,$12.30,EA,MISC.
SPICE PAPRIKA XFCY,10074865251584,1/5.25LB,$60.98,EA,MISC.
SPICE PARSLEY FLAKE,10074865251621,1/2OZ,$5.59,EA,MISC.
SPICE PARSLEY FLAKE,10074865251638,1/10OZ,$16.30,EA,MISC.
SPICE PEPPER BLK COARSE GRND,10074865251645,1/1 LB,$17.78,EA,BLACK PEPPER
SPICE PEPPER BLK COARSE GRND,10052100300495,1/25 LB,$363.02,CS,BLACK PEPPER
SPICE PEPPER BLK CRACKED,10074865251669,1/1 LB,$17.44,EA,BLACK PEPPER
SPICE PEPPER BLK CRSE GRND,10074865251652,1/5LB,$86.32,EA,BLACK PEPPER
SPICE PEPPER BLK FINE GRND,00687080010718,6/14 OZ,$76.66,CS,BLACK PEPPER
SPICE PEPPER BLK GRND PURE,10074865251690,1/5LB,$82.99,EA,BLACK PEPPER
SPICE PEPPER BLK GRND PURE,10074865898352,1/18 OZ,$19.12,EA,BLACK PEPPER
SPICE PEPPER BLK POCH SHKR GRD,10074865310960,1/2 LB,$34.60,EA,BLACK PEPPER
SPICE PEPPER BLK SHAKER GRND,10074865271544,1/5 LB,$84.66,EA,BLACK PEPPER
SPICE PEPPER BLK TABLE GRND,10074865251713,1/5LB,$82.99,EA,BLACK PEPPER
SPICE PEPPER BLK TABLE GRND,00074865254410,1/25 LB,$363.02,CS,BLACK PEPPER
SPICE PEPPER BLK TABLE GRND ME,10074865799109,1/18 OZ,$19.12,EA,BLACK PEPPER
SPICE PEPPER BLK WHL,10074865799062,1/19.5OZ,$21.08,EA,BLACK PEPPER
SPICE PEPPER BLK WHL,10074865251737,1/5.75LB,$97.47,EA,BLACK PEPPER
SPICE PEPPER CAYENNE GRND,10074865251744,1/14OZ,$10.43,EA,MISC.
SPICE PEPPER CAYENNE GRND,10074865251751,1/4.5LB,$51.98,EA,MISC.
SPICE PEPPER CHILE GRND ANCHO,10052100329816,1/1LB,$25.57,EA,MISC.
SPICE PEPPER RED CRUSHD PACKET,00074865648547,500/1GM,$25.26,CS,MISC.
SPICE PEPPER RED CRUSHED,10074865310038,1/3.25LB,$43.01,EA,MISC.
SPICE PEPPER RED CRUSHED,10074865898369,1/13OZ,$11.30,EA,MISC.
SPICE PEPPER SEASONED,10021500808061,6/10.3OZ,$82.56,CS,MISC.
SPICE PEPPER SUPREME,10074865558768,1/21OZ,$26.69,EA,MISC.
SPICE PEPPER WHITE GROUND,10074865251799,1/18 OZ,$30.85,EA,MISC.
SPICE PEPPER WHITE GROUND,10074865251805,1/5 LB,$133.32,EA,MISC.
SPICE PEPPER WHITE GROUND,10074865202470,1/5LB,$72.65,EA,MISC.
SPICE PEPPERCORN BLK GRINDER,10052100587964,6/6CT,$92.75,CS,MISC.
SPICE PEPPERCORN GREEN,00687080000214,6/8 OZ,$158.00,CS,MISC.
SPICE PEPPERCORN PNK,00687080071009,1/8 OZ,$34.71,CS,MISC.
SPICE PEPPERCORN PNK,00687080000207,6/8OZ,$107.56,CS,MISC.
SPICE PEPPERCORN SZECHUAN,00687080761580,6/6.5 OZ,$156.12,CS,MISC.
SPICE PICKLING WHL,10074865251829,1/13 OZ,$13.45,EA,MISC.
SPICE POPPY SEED WHL,10074865251843,1/20OZ,$11.28,EA,MISC.
SPICE PUMPKIN PIE,00687080310207,6/16 OZ,$111.49,CS,MISC.
SPICE RED PEPPER GRND,10052100310791,1/25 LB,$191.19,CS,MISC.
SPICE ROSEMARY WH,10074865251911,1/6OZ,$11.57,EA,MISC.
SPICE SAFFRON,00787984141485,1/1 OZ,$75.16,CS,MISC.
SPICE SAGE RUBBED,10074865251959,1/6OZ,$14.23,EA,MISC.
SPICE SALT HIMALAYAN PNK MED,00687080328080,1/35 OZ,$29.35,CS,SPECIALTY
SPICE SESAME SEED BLK,10052100357055,1/18OZ,$14.78,EA,MISC.
SPICE SESAME SEED WHL WHITE,10734730445721,1/16OZ,$8.55,EA,MISC.
SPICE TANDOORI,00687080071221,1/20 OZ,$37.62,CS,MISC.
SPICE TANDOORI,00687080033809,6/20 OZ,$132.52,CS,MISC.
SPICE TARRAGON LEAVES WHL,10074865252048,1/3.5OZ,$14.64,EA,MISC.
SPICE THYME GROUND,10074865252055,1/11 OZ,$15.23,EA,MISC.
SPICE THYME LEAVES WHL,10074865310052,1/6OZ,$10.76,EA,MISC.
SPICE THYME LEAVES WHL,10074865310083,1/27.5OZ,$40.60,EA,MISC.
SPICE TURMERIC GRND,00687080071269,1/18 OZ,$27.70,CS,MISC.
SPICE TURMERIC GRND,00687080031119,6/18OZ,$69.08,CS,MISC.
SPICE TURMERIC GROUND,10074865252086,1/1LB,$14.42,EA,MISC.
SPICE ZAHTAR,00687080071283,1/16 OZ,$36.59,CS,MISC.
Spicy Sweet Chili Chips XVL,00028400707640,24/2.5 oz,$33.50,CS,Bulk Snacks
SPOON PLASTIC  1000CT,,1/1000 CT,$59.69,CS,TABLE SERVICE
Spray Food Release Grid Iron,10080378147207,6/14 oz,$35.48,CS,FATS AND OILS
SPREAD CHOC HZNUT NUTELLA,10009800806031,2/6.6LB,$52.94,CS,MISC.
SPREAD CHOC NUTELLA JAR FDSRV,10009800870117,12/26.5OZ,$95.21,CS,MISC.
Spread Chocolate Hazelnut,10009800893710,15/13 oz,$71.32,CS,General Grocery
SPREAD CHOCOLATE HZLNT BAG,10009800870193,6/35.2OZ,$52.94,CS,JAM/JELL-MISC
SPREAD NUT BTR ALMOND SMOOTH,00012453010215,1/7.5 LB,$144.30,CS,MISC
SPRING ROLL VIETNAMESE 8632,00745378863207,200 / 1.25 OZ,$207.20,CS,PREPARED FOODS
SPRING ROLL WRAPPER 8 IN,10072869710021,40 / 11 OZ,$103.11,CS,PANTRY
SPRINGROLL BUFFALO STYLE CHICKEN K8639,00745378863900,200 / 1.15 OZ,$212.96,CS,PREPARED FOODS
SPRINGROLL VEG MINI K8661 MTO,00745378866109,200 / 0.65 OZ,$161.83,CS,PREPARED FOODS
Sprkling Water Island Punch,10850017142470,3/8/12 oz,$23.99/$8.00,CS/BX,Miscellaneous
Squeeze Almond Classic Butter,00894455000285,6/10/1.15 oz,$62.54/$10.42,CS/BX,Miscellaneous Snack
Squeeze Honey Peanut Butter,00855188003097,6/10/1.15 oz,$35.54/$5.92,CS/BX,Miscellaneous Snack
Squeeze Pack Choc Hazelnut Btr,00894455000582,6/10/1.15 oz,$56.86/$9.48,CS/BX,Snacks
Star Crunch FOA,00024300894329,6/12/3 oz,$53.81,CS,Pastry
Starburst All Pink Share Size,10022000278651,6/24/3.45 oz,$281.59/$46.93,CS/BX,Singles-Non-Chocolat
Starburst FaveREDS,10040000329708,12/24/2.07 oz,$353.63/$29.47,CS/BX,Singles-Non-Chocolat
Starburst Favereds Share Size,10022000200447,6/24/3.45 oz,$281.59/$46.93,CS/BX,Big Block/King Size
Starburst Goodies Favered,10022000300321,12/1.8 oz,$23.33,CS,Bag Candy
Starburst Goodies Original,10022000300338,12/1.8 oz,,CS,Bag Candy
Starburst Gummies All Pink,10022000298383,12/5 oz,$23.33,CS,Bag Candy
Starburst Gummies Sour Pack,10022000298529,12/5 oz,$23.33,CS,Bag Candy
Starburst Minis Favereds,10022000266399,8/8 oz,$20.20,CS,Count Goods
Starburst Minis Orig ShareSize,10022000201604,6/15/3.5 oz,$176.00/$29.33,CS/BX,Big Block/King Size
Starburst Minis Orig Stand Up,10022000201611,8/8 oz,$20.20,CS,Count Goods
Starburst Minis Original Sngl,10022000228953,12/24/1.85 oz,,CS/BX,Singles-Non-Chocolat
Starburst Orig Tear N Share,10040000144516,6/24/3.45 oz,$281.59/$46.93,CS/BX,Big Block/King Size
Starburst Original,10022000279788,6/1/15.6 oz,$26.06,CS,Bag Candy
Starburst Original Fruit Chews,10040000011511,10/36/2.07 oz,$442.03/$44.20,CS/BX,Singles-Non-Chocolat
Starburst Original Peg Bag,10040000141140,12/7.2 oz,$23.33,CS,Bag Candy
Starburst Original Standup,10022000280869,6/50 oz,$63.85/$10.64,CS/BX,Bag Candy
Starburst Sour,10022000330113,12/24/2.07 oz,$353.63/$29.47,CS/BX,Singles-Non-Chocolat
Starburst Sour Share Size,10022000330120,6/24/3.45 oz,$281.59/$46.93,CS/BX,Singles-Non-Chocolat
Starbust Gummies Original,10022000298420,12/5 oz,$23.33,CS,Bag Candy
Steak Strip Venison,10732153029634,20/.8 oz,$34.46,BX,Meat Snacks
Steamer Hot Dog Steamin Demon,,1/1 ct,$843.08/$843.08,CS/EA,MISC FOOD
Sticks Jalepeno Poppers,10720495308814,6/2.25 oz,$9.60,CS,Bagged Vend Size
STIR STICKS 5 IN 1000CT/10CS,10071287060128,10/1000 EA,$3.53,EA,TABLE SERVICE
STIR STICKS 6.5 IN 10/1000CT,10071287060138,10/1000 EA,$4.59,EA,TABLE SERVICE
STIR STICKS 8-IN 1000CT/10CS,10071287860226,10/1000 EA,$4.73,EA,TABLE SERVICE
STIR STICKS 8-IN 500CT/10CS,40810171620352,1/500 CT,$3.37,EA,TABLE SERVICE
Stirrer 7 75in Unwrpd Affex,50601999471229,10/500 ct,$18.63,CS,Miscellaneous
Strawberries Whte Milk Chocolt,10850012117183,8/5 oz,$34.02,CS,Miscellaneous
Strawberry Freeze Dried Whi,10850048358277,6/3.4 oz,$26.51,CS,Miscellaneous
Strawberry Peanut Butter,00829262004805,4/12/2.1 oz,$46.62/$11.66,CS/BX,Granola Bars
Strawberry Puffs Peg Bag,10020709012569,12/4.25 oz,$18.29,CS,Bag Candy
Strawberry Sugar Wafer,10027800072492,12/12/2.75 oz,$118.52/$9.88,CS/BX,Cookies
Straws Veggie Scream Hot,00829515324131,24/.75 oz,$25.02,CS,Bagged Vend Size
SUGAR 1000CT,10049200902711,1/1000 IND,$16.00,CS,TABLE SERVICE
SUGAR BROWN DARK CANE,10049200056001,24/1 LB,$34.58,CS,PACKAGES
SUGAR BROWN DARK CANE,00734730143156,1/50LB,$51.54,CS,BULK
SUGAR BROWN GOLDEN CANE,30015800062326,16/2 LB,$44.96,CS,PACKAGES
SUGAR BROWN LIGHT CANE,00074865990301,1/25LB,$28.34,CS,BULK
SUGAR BROWN LIGHT CANE,10049200056759,24/1 LB,$34.58,CS,BULK
SUGAR CONFECTIONER 10X CANE,10074865755396,12/2LB,$33.24,CS,PACKAGES
SUGAR CONFECTIONER 10X CANE,00734730143187,1/50LB,$51.25,CS,BULK
SUGAR FB 2000CT,10049200901929,2000/0.11 OZ,$27.10,CS,TABLE SERVICE
SUGAR GRAN CANISTER 24/20OZ,049200045756,1/20 OZ,$3.55,EA,TABLE SERVICE
SUGAR GRANULATED 20/2LB,30049200045757,1/2 LB,$3.76,EA,TABLE SERVICE
Sugar Granulated Canister,10049200007256,24/20 oz,$60.98/$2.54,CS/BX,Sugar
SUGAR GRANULATED CANSTR CANE,10049200007256,24/20 OZ,$43.18,CS,MISC.
Sugar Granulated Carton,10049200043506,24/2 lb,$70.45,CS,Sugar
Sugar Granulated Pkt,00049200005057,2000/.1 oz,$21.57,CS,Sugar
SUGAR GRANULATED XFINE CANE,00074865034722,1/25LB,$22.31,CS,BULK
SUGAR GRANULATED XFINE CANE,30049200047546,4/10LB,$42.53,CS,BULK
SUGAR GRANULATED XFN,00049200009505,1/50 LB,$41.55,CS,BULK
SUGAR IN THE RAW,10044800503115,12/2 LB,$62.54,CS,PACKAGES
SUGAR IN THE RAW 1200CT,00044800504009,1/1200 CT,$64.02,CS,TABLE SERVICE
Sugar In The Raw Disp Pkt,00044800503194,2/200/4.5 gm,$18.93,CS,Sugar
Sugar In The Raw Packet,00044800504009,1200/4.5 gm,$33.97,CS,Sugar
Sugar In The Raw Packet,00044800504009,1200/4.5 gm,$34.82,CS,Sugar
SUGAR IN THE RAW TURBINADO,10086631832484,12/24OZ,$55.80,CS,PACKAGES
SUGAR LIQUID 6/1LT,10811568015316,6/1 LTR,$5.84,EA,TABLE SERVICE
Sugar Packet Perfect Taste,00806795609257,2000/2.8 gm,$23.31,CS,Sugar
SUGAR PACKET TURBINADO CANE,00075779500839,1/1200BX,$29.00,CS,MISC.
SUGAR PALM THAI,70000000000009,30/1 LB,$82.10,CS,MISC.
SUGAR PS GRANULAR 6/3LB,,6/3 LB,$46.19,CS,TABLE SERVICE
SUGAR SUB BLUE,10300258275111,6/1LB,$39.57,CS,PACKAGES
SUGAR SUBSTITUTE -PINK,10086631839636,2000/1 GR,$23.68,CS,PORTION CONTROL
SUGAR SUBSTITUTE BLUE,10086631839643,2000/1 GR,$36.09,CS,PORTION CONTROL
SUGAR SUBSTITUTE YELLOW PCKT,10086631839650,2000/1 G,$33.28,CS,PORTION CONTROL
SUGAR TURBINADO,,1 / 5 LB,$14.77,CS,PANTRY
Sunchips Garden Salsa,00028400364454,104/1 oz,$49.25,CS,Bagged Vend Size
Sunchips Garden Salsa LSS,00028400444286,64/1.5 oz,$47.69,CS,Large Single Serve
Sunchips Garden Salsa XVL,00028400707664,24/2.37 oz,$33.50,CS,Bulk Snacks
Sunchips Harvest Cheddar,00028400111522,104/1 oz,$49.25,CS,Bagged Vend Size
Sunchips Harvest Cheddar LSS,00028400444279,64/1.5 oz,$47.69,CS,Large Single Serve
Sunchips Honey BBQ,00028400793896,64/1.5 oz,$45.69,CS,Large Single Serve
Sunchips Mltgrn Hrvst Chdr XVL,00028400363259,24/2.375 oz,$33.50/$1.40,CS/BX,Bulk Snacks
Sunchips Mltgrn Hrvst Chdr XVL,00028400363259,24/2.375 oz,$34.22,CS,Bulk Snacks
SUNCHIPS ORIGINAL,00028400493574,32 / 1.5 OZ,$26.99,CS,PANTRY
Sunchips Original,00028400111515,104/1 oz,$49.25,CS,Bagged Vend Size
Sunchips Original LSS,00028400444255,64/1.5 oz,$47.69,CS,Large Single Serve
Sunchips Variety Pack,00028400499323,2/30/1.5 oz,$44.06/$22.03,CS/BX,Large Single Serve
SUNFLOWER KERNEL BULK,70000000000009,1/5#,$18.63,CS,SUNFLOWER SEEDS
SUNFLOWER KERNEL OIL RST UNSLT,10074865112557,3/2 LB,$25.85,CS,SUNFLOWER SEEDS
Sunflower Kernels,10077034089896,72/2 oz,$45.20,CS,Nuts
SUNFLOWER SEED RSTD NO SALT,00687080257526,1/5 LB,$45.26,CS,SUNFLOWER SEEDS
Superfood Banana Strawberry,10851554006478,2/6/4.22 oz,$23.46/$11.73,CS/BX,Snacks
Superfood Blackberry Vanilla,10851554006096,2/6/4.22 oz,$23.46/$11.73,CS/BX,Snacks
Superfood Blend Blueberry Beet,10851554006034,2/6/4.22 oz,$23.46/$11.73,CS/BX,Snacks
Superfood Blend Mango Coconut,10851554006041,2/6/4.22 oz,$23.46/$11.73,CS/BX,Snacks
Superfood Cashew Blue Vanilla,10860005468628,70/1.13 oz,$169.40,CS,Miscellaneous Snack
Superfood Cherry Acai,10851554006119,2/6/4.22 oz,$23.46/$11.73,CS/BX,Snacks
Superfood Strawberry Pineapple,10851554006089,2/6/4.22 oz,$23.46/$11.73,CS/BX,Snacks
Superfood Super Berry,10851554006454,2/6/4.22 oz,$23.46/$11.73,CS/BX,Snacks
Swedish Fish Assorted Box,00704620345106,12/3.5 oz,$10.78,CS,Singles - No UPC
Swedish Fish Chews Assorted,10070462015116,12/5.12 oz,$26.88,CS,Bag Candy
Swedish Fish Red,00070462062069,12/24/2 oz,$356.90/$29.74,CS/BX,Bag Candy
Swedish Fish Red,10070462006633,12/3.6 oz,$10.24,CS,Bag Candy
Swedish Fish Red Chgmkr  21oz,00070462431469,8/1/240 ct,$152.08/$19.01,CS/BX,Bulk Candy
Swedish Fish Red Peg Bag,00070462062113,12/8 oz,$28.61,CS,Bag Candy
Swedish Fish Red Peg Bag,00070462062113,12/8 oz,$26.88,CS,Bag Candy
Sweet  N Spicy Nut Mix Trvl Pk,10077034086246,12/6 oz,$38.37,CS,Nuts
sweet brew tea 3 gal brew 2.75 lb sugar-8/48oz,543902,,$66.00,cs,
Sweet N Salty Select TravelPk,10077034086291,12/5.5oz,$38.37,CS,Nuts
SWEET POTATO BISCUIT RAW K7990 MTO,00745378799018,112 / 2 OZ,$101.01,CS,BAKERY
Sweetart Roll Singles,00079200136062,10/36/1.8 oz,$373.44/$37.34,CS/BX,Singles-Non-Chocolat
Sweetart Rope Collision,10079200049833,4/12/3.5 oz,$92.78/$23.20,CS/BX,Bag Candy
Sweetart Rope Sour Apple,00079200906290,4/12/3.5 oz,$92.78/$23.20,CS/BX,Singles-Non-Chocolat
Sweetart Ropes Cherry Punch,00079200251215,12/5 oz,$25.87,CS,Miscellaneous
Sweetarts Chewy Giant,00079200114787,10/36/1.5 oz,$380.64/$38.06,CS/BX,Singles-Non-Chocolat
Sweetarts Chewy Mini Conc Box,00079200412838,12/3.75 oz,$15.56,CS,Singles - No UPC
Sweetarts Cndy ope Strawberry,00079200952877,4/12/3.5 oz,$92.78/$23.20,CS/BX,Miscellaneous
Sweetarts Mini Chewy Peg Bag,00079200698751,12/6 oz,$26.47,CS,Bag Candy
Sweetarts Mini Chewy Pouch,00079200888589,12/24/1.8 oz,$298.75/$24.90,CS/BX,Singles-Non-Chocolat
Sweetarts Ropes Cherry Punch,00079200616229,12/3 oz,$15.56,CS,Miscellaneous
Sweetarts Ropes Rainbow Medium,00079200760328,12/5 oz,$26.47,CS,Bag Candy
Sweetarts Ropes Rainbow SSize,00079200376307,4/12/3.5 oz,$92.78/$23.20,CS/BX,Bag Candy
Sweetarts Sft Chwy Chry Punch,00079200556662,4/12/3.5 oz,$92.78/$23.20,CS/BX,Bag Candy
Sweetarts Video Box,00079200867058,10/5 oz,$12.96,CS,Concessions
SWEETENER BLUE FBC 1250CT,10840825002660,1/1250 IND,$18.30,CS,TABLE SERVICE
Sweetener Blue Packet,00806795608922,2000/1 gm,$27.50,CS,Sugar
SWEETENER EQUAL 2000CT,10300258275531,2000/1 EA,$64.00,CS,TABLE SERVICE
Sweetener Extract in the Raw,10044800750502,12/50 ct,$50.33/$4.19,CS/BX,Sugar Substitutes
Sweetener Packet Stevia,00806795609240,1000/1 gm,$26.36,CS,Sugar
SWEETENER PINK FBC 1250CT,18408250026877,1/1250 IND,$19.50,CS,TABLE SERVICE
Sweetener Pink Packet,00806795608885,2000/1 gm,$23.89,CS,Sugar
Sweetener Pink Packet TFF,00044800520504,2000/1 gm,$21.84,CS,Sugar Substitutes
SWEETENER PS BLUE 3/2LB,,3/2 LB,$42.96,CS,TABLE SERVICE
SWEETENER PS PINK 3/2LB,,3/2 LB,$41.31,CS,TABLE SERVICE
SWEETENER PS YELLOW 3/2LB,,3/2 LB,$55.81,CS,TABLE SERVICE
SWEETENER SPLENDA 400CT/4CS,50719098200241,4/400 CT,$33.76,EA,TABLE SERVICE
Sweetener Sweet N Low Pkt,00044800501114,12/100/1 gm,$28.32,CS,Sugar Substitutes
SWEETENER SWEET N'LOW 3000CT,,1/3000 CT,$62.06,CS,TABLE SERVICE
SWEETENER TEA 100% BIB 5GL CS,10811568015309,1/5 GL,$96.34,EA,TABLE SERVICE
SWEETENER TEA BIB 5GL/CS,10811568015323,1/5 GAL,$64.78,CS,TABLE SERVICE
Sweetener Ylw Packet,00806795609172,2000/1 gm,$29.99,CS,Sugar
SWEETNER YELLOW FBC 2000-IND,00075933221747,1/2000 CT,$26.11,CS,TABLE SERVICE
SWEETNR SPLNDA SP60242000 2KCT,00722776224137,1/2000 CT,$90.24,CS,TABLE SERVICE
SweetTarts Chewy Fusions,10079200051713,12/5 oz,$26.47,CS,Bag Candy
SYR TOR BLACKBERRY 6/1LT,10089036244111,1/1 LTR,$7.28,EA,SYRUPS/TOPPINGS
SYR TOR CARAMEL  6/1LT,10089036244524,1/1 LTR,$7.28,EA,SYRUPS/TOPPINGS
SYR TOR CHERRY 6/1LT,10089036244258,1/1 LTR,$7.28,EA,SYRUPS/TOPPINGS
SYR TOR CHOC MACDMIA NUT 6/1LT,10089036244012,1 LTR/1 LTR,$7.28,EA,SYRUPS/TOPPINGS
SYR TOR CLASSIC HZLNUT 6/1LT,10089036244180,1/1 LTR,$7.28,EA,SYRUPS/TOPPINGS
SYR TOR COCONUT 6/1LT,10089036244029,1/1 LTR,$7.28,EA,SYRUPS/TOPPINGS
SYR TOR CREME DE BANANA 6/1LT,10089036244173,1/1 LTR,$7.28,EA,SYRUPS/TOPPINGS
SYR TOR FR VAN  6/1LT,10089036244555,1/1 LTR,$7.28,EA,SYRUPS/TOPPINGS
SYR TOR MANGO 6/1LT,10089036244296,1/1 LTR,$7.28,EA,SYRUPS/TOPPINGS
SYR TOR ORANGE 6/1LT,10089036244135,1/1 LTR,$7.28,EA,SYRUPS/TOPPINGS
SYR TOR PASSION FRUIT 6/1LT,10089036244142,1/1 LTR,$7.28,EA,SYRUPS/TOPPINGS
SYR TOR PUMPKIN PIE 6/1LT,10089036244616,1/1 LTR,$14.46,EA,SYRUPS/TOPPINGS
SYR TOR RASPBERRY  6/1LT,10089036244302,1/1 LTR,$7.28,EA,SYRUPS/TOPPINGS
SYR TOR SALTED CARAMEL 6/1LT,10089036244159,1 LTR/1 LTR,$7.28,EA,SYRUPS/TOPPINGS
SYR TOR SF VANILLA 6/1LT,10089036244203,1/1 LTR,$7.28,EA,SYRUPS/TOPPINGS
SYR TOR STRAWBERRY  6/1LT,10089036244081,1/1 LTR,$7.28,EA,SYRUPS/TOPPINGS
SYR TOR VANILLA  6/1LT,10089036244098,1/1 LTR,$7.28,EA,SYRUPS/TOPPINGS
SYR TOR WATERMELLON 6/1LT,10089036244166,1/1 LTR,$7.28,EA,SYRUPS/TOPPINGS
SYR TOR WHITE CHOCOLATE 6/1LT,10089036244661,1/1 LTR,$7.28,EA,SYRUPS/TOPPINGS
SYRUP  ALMOND TOR 750ML/4CS,40089036312453,1/750 ML,$10.85,EA,SYRUPS/TOPPINGS
SYRUP  CARAMEL TOR 750ML/4CS,40089036211398,1/750 ML,$10.85,EA,SYRUPS/TOPPINGS
SYRUP  FRNCH VAN TOR 750ML/4CS,40089036212821,1/750 ML,$10.85,EA,SYRUPS/TOPPINGS
SYRUP  PEACH TOR 750ML/4CS,40089036212555,1/750 ML,$10.85,EA,SYRUPS/TOPPINGS
SYRUP  RASPBERRY TOR 750ML/4CS,40089036212654,1/750 ML,$10.85,EA,SYRUPS/TOPPINGS
SYRUP  STRAWBRRY TOR 750ML/4CS,40089036212708,1/750 ML,$10.85,EA,SYRUPS/TOPPINGS
SYRUP  VANILLA TOR 750ML/4CS,40089036212807,1/750 ML,$10.85,EA,SYRUPS/TOPPINGS
Syrup BIB Blue Raspberry FCB,00049000981803,1/5 gal,$155.16,CS,Syrup
Syrup BIB Coke Cherry,00049000980974,1/5 gal,$136.87,CS,Syrup
Syrup BIB Coke Classic,00049000981025,1/5 gal,$136.87,CS,Syrup
Syrup BIB Coke Classic,00049000982930,1/2.5 gal,$71.41,CS,Syrup
Syrup BIB Coke Classic FCB,00049000981704,1/5 gal,$155.16,CS,Syrup
Syrup BIB Coke Diet,00049000980912,1/5 gal,$136.87,CS,Syrup
Syrup BIB Coke Diet,00049000982947,1/2.5 gal,$71.41,CS,Syrup
Syrup BIB Coke HFCS Sweetener,00049000992649,1/5 gal,$30.91,CS,Syrup
Syrup BIB Coke NnNut Sweetener,00049000992656,1/2.5 gal,$140.66,CS,Syrup
Syrup BIB Coke Zero Sugar,00049000991628,1/5 gal,$136.87,CS,Syrup
Syrup BIB Coke Zero Sugar,00049000991512,1/2.5 gal,$71.41,CS,Syrup
Syrup BIB Fanta Orange,00049000988895,1/5 gal,$136.87,CS,Syrup
Syrup BIB Fanta Watermelon FCB,00049000984446,1/2.5 gal,$79.68,CS,Syrup
Syrup BIB Ginger Ale,00072979170077,1/2.5 gal,$71.41,CS,Syrup
Syrup BIB Hi C Fruit Punch,00049000981636,1/5 gal,$136.87,CS,Syrup
Syrup BIB Jce Cranbry Cocktail,00025000062834,1/2.5 gal,$94.21,CS,Syrup
Syrup BIB Lemonade,00049000988338,1/5 gal,$136.87,CS,Syrup
Syrup BIB Mello Yellow,00049000982978,1/2.5 gal,$71.41,CS,Syrup
Syrup BIB Minute Maid Lemonade,00049000988321,1/2.5 gal,$71.41,CS,Syrup
Syrup BIB Pineapple Juice,00025000062872,1/2.5 gal,,CS,Syrup
Syrup BIB Pink Lemonade,00049000983005,1/2.5 gal,$71.41,CS,Syrup
Syrup BIB Root Beer,00049000986587,1/5 gal,$136.87,CS,Syrup
Syrup BIB Sport Mntn Blast,00049000986235,1/2.5 gal,$71.41,CS,Syrup
Syrup BIB Sprite,00049000983036,1/2.5 gal,$71.41,CS,Syrup
Syrup BIB Sprite,00049000980776,1/5 gal,$136.87,CS,Syrup
Syrup BIB Sprite Zero,00049000991246,1/2.5 gal,$71.41,CS,Syrup
Syrup BIB Strawberry,00049000981827,1/5 gal,$136.87,CS,Syrup
Syrup BIB Tea Raspberry,00083900990527,1/2.5 gal,$71.41,CS,Syrup
Syrup BIB Tea Sweet Black,00083900900564,1/2.5 gal,$71.41,CS,Syrup
Syrup BIB Tea Unsweetened Blk,00083900900656,1/2.5 gal,$69.29,CS,Syrup
Syrup BIB Wild Cherry FCB,00049000987188,1/5 gal,$155.16,CS,Syrup
SYRUP BREAKFAST SUGAR FREE,00051500022771,100/1.1 OZ,$21.39,CS,MISC.
Syrup Choc Squeeze Bottle TFF,00034000312405,24/24 oz,$112.64/$4.69,CS/BX,General Grocery
SYRUP CORN LIGHT,10071735128182,4/1 GAL,$46.64,CS,MISC.
SYRUP FRS PNCAKE CUP 100/1.5OZ,10719098759017,120/1.5 OZ,$57.74,CS,TABLE SERVICE
"SYRUP HZL CL TOR(p,tn) 4/750ML",40089036212074,1/750 ML,$10.85,EA,SYRUPS/TOPPINGS
SYRUP MAPLE 55% BLEND,10074865369456,4/128FOZ,$211.58,CS,MISC.
SYRUP MAPLE PURE DARK ROBUST,00732920912872,1 / 1 GA,$76.97,CS,PANTRY
SYRUP PANCAKE & WAFFLE,10644209397164,4/1 GAL,$42.58,CS,MISC.
SYRUP PANCAKE & WAFFLE,10030000624064,4/1 GAL,$45.87,CS,SYRUP
SYRUP PANCAKE & WAFFLE CUP,00051500510094,100/1.4 OZ,$18.38,CS,REGULAR
SYRUP PANCAKE & WFFL SUG FREE,10734730352876,12/12 OZ.,$33.65,CS,MISC.
SYRUP PANCAKE CUPS 120/1.4OZ,10021000677815,456788,$57.74,CS,SYRUPS/TOPPINGS
Syrup Pancake Original,00644209792245,12/12 oz,$33.58/$2.80,CS/BX,General Grocery
SYRUP PANCAKE THCK&RCH 4GL/CS,10840825008105,4/1 GAL,$17.34,EA,SYRUPS/TOPPINGS
SYRUP PNCK&WFL 4/1GL,10840825008006,4/1 GAL,$16.32,EA,SYRUPS/TOPPINGS
Syrup Regular 1 Gallon,10030000624064,4/1 ga,$49.77,CS,General Grocery
Tablet Lemon Lime Zero 8ct,00052000054651,3/8/20 oz,$184.52/$61.51,CS/BX,Powder Drinks
Tablet Watermelon Zero 8ct,00052000054637,3/8/20 oz,$184.52/$61.51,CS/BX,Powder Drinks
Tablet Zero Glacier Cherry 8ct,00052000054644,3/8/20 oz,$184.52/$61.51,CS/BX,Powder Drinks
TACO SHELLS MINI ASSORTED K0903,00745378090306,150 / 0.25 OZ,$109.98,CS,BAKERY
Taffy Assorted Peg Bag,10079200070011,12/3.5 oz,$15.56,CS,Bag Candy
tajin,543908,,$54.48/$4.54,cs/ea,
Take 5,20034000386455,16/18/1.5 oz,$376.55/$23.53,CS/BX,Singles-Chocolate
TakiChp Chips Fuego,0,42/2oz,$1.26,1,
Takis,543880,,$1.65,1,
Takis Blue Heat,10757528037472,14/9.9 oz,$50.91,CS,Large Single Serve
Takis Fuego,20757528008684,14/9.9 oz,$50.91,CS,Large Single Serve
Takis Rolls Buckin Ranch,10757528050013,20/3.25 oz,$33.17,CS,Large Single Serve
Takis Rolls Fuego Walking Taco,10757528051447,20/3.25 oz,$33.17,CS,Bagged Vend Size
TakisChp Chips Blue Heat,0,20/4oz,$1.66,1,
Tamale Bean Salsa Verde,00852605008659,7/4 oz,$11.22,CS,Miscellaneous
Taquito Beef Cheese Flour,,8/15 oz,$32.26,CS,Burritos
TART TUSCAN RATATOUILLE K407,00745378407005,18 / 7.5 OZ,$130.58,CS,PREPARED FOODS
TART TUSCAN RATATOUILLE MINI K4073,00745378407302,200 / 1 OZ,$215.41,CS,PREPARED FOODS
Tea Authentic Grn K Cup,10099555147343,4/24 ct,$61.16,CS,Single Cup (ex:Kcup)
TEA BLACK CHAI SPC FB 25CT/6CS,10840825018968,1/25 CT,$3.34,EA,TEAS
TEA BLACK CURRANT 30/4 OZ,10780004050054,30/4 OZ,$146.08,CS,TEAS
TEA BLKBRRY JASMINE 30/2OZ,10780004042028,30/2 OZ,$120.90,CS,TEAS
TEA BLKBRRY JASMINE 30/4OZ,10780004040024,30/4 OZ,$59.76,CS,TEAS
TEA BLKBRRY JASMINE 6 4/.5OZ,10780004029524,1/1 CT,$11.06,EA,TEAS
TEA CAINS GAL 1OZ FP 24CT/4CS,10840825031622,24/1 OZ,,EA,TEAS
TEA CHAMOMILE FB 25CT/6CS,10840825018975,1/25 CT,$3.40,EA,TEAS
TEA CM CRAN BL ORNG BLK 6/15CT,10840825031783,084082503178,$7.39,EA,TEAS
TEA CM FST FRIA/STW GVA 30/2OZ,10780004052010,30/2 OZ,$120.90,CS,TEAS
TEA CM GRN WITH MATCHA 6/15CT,10840825031806,084082503180,$7.41,EA,TEAS
TEA CM OG BREAKFAST 6/20CT,10840825028943,1/20 CT,$7.00,EA,TEAS
TEA CM OG CHAI 6/15 CT,10840825031820,084082503182,$7.46,EA,TEAS
TEA CM OG EARL GREY 6/15 CT,10840825031813,084082503181,$7.47,EA,TEAS
TEA CM OG GINR TURMR 6/15CT,10840825028981,1/15 CT,$7.65,EA,TEAS
TEA CM OG HIBCS GNGR 6/15CT,10840825028998,1/15 CT,$7.44,EA,TEAS
TEA CM OG LAV ERL GRY 6/15CT,10840825028967,1/15 CT,$8.27,EA,TEAS
TEA CM OG LMN GNGR GRN 6/15CT,10840825031790,084082503179,$7.50,EA,TEAS
TEA CM OG SW HERB CHAM 6/15 CT,10840825031837,084082503183,$7.40,EA,TEAS
TEA CM PASSION FRUIT 30/2OZ,10780004052096,30/2 OZ,$120.90,CS,TEAS
TEA CM TRADITIONAL 30/2OZ,10780004052003,30/2 OZ,$20.02,CS,TEAS
TEA DARJEELING LTD FB 25CT/6CS,10840825025737,1/25CT,$3.18,EA,TEAS
TEA DCF PASSION FRT 30/3OZ,10780004050399,30/3 OZ,$133.58,CS,TEAS
Tea Devonshr Eng Brkft K cup,10099555147312,4/24 ct,$61.16,CS,Single Cup (ex:Kcup)
TEA EARL GREY FB 25CT/6CS,10840825018982,1/25 CT,$3.38,EA,TEAS
TEA ENCHANTG MOMNT FB 25CT/6CS,10840825018999,1/25 CT,$3.43,EA,TEAS
TEA ENGLISH FB 25CT/6CS,10840825018944,1/25 CT,$3.41,EA,TEAS
TEA FB BLACK TEA 100CT/12CS,10840825019057,1/100 CT,$5.09,EA,TEAS
TEA FB BLACK TEA DCF 100CT/5CS,10840825019040,1/100 CT,$6.07,EA,TEAS
TEA FST FRIA/STW GVA 30/3.5 OZ,10780004050016,30/3.5 OZ,$146.08,CS,TEAS
TEA FSTA FRIA 6 4/.5OZ,10780004029012,1/1 CT,$11.06,EA,TEAS
TEA FTO ESTATE 30/3OZ,10780004010003,30/3 OZ,$121.05,CS,TEAS
TEA FTO ESTATE BLK 30/1.5OZ,10780004012007,30/1.5 OZ,$47.65,CS,TEAS
Tea Ginger Lemon,00851861006386,12/16 oz,$32.19,CS,Miscellaneous
Tea Green Jasmine,20835143001805,12/16.9 oz,$19.61,CS,Miscellaneous
Tea Green Jasmine Unswtnd,20835143000020,12/16.9 oz,,CS,Miscellaneous
Tea Green Matcha   Milk,20835143013709,12/11.8 oz,$19.61,CS,Miscellaneous
Tea Green Oi Ocha,00835143001399,12/16.9 oz,$19.61,CS,Miscellaneous
Tea Green Peach Mango,00889392010558,12/12 oz,,CS,Miscellaneous
TEA GREEN PREM DCF FB 25CT/6CS,10840825021203,1/25CT,$3.40,EA,TEAS
Tea Green Pure Unsweetened,00835143000019,12/16.9 oz,$19.61,CS,Miscellaneous
Tea Green Raspberry Acai,00889392010565,12/12 oz,$29.13,CS,Miscellaneous
TEA GREEN TEA FB 25CT/6CS,10840825019002,1/25 CT,$3.35,EA,TEAS
TEA GRN TEA W/LEM FB 25CT/6CS,10840825019019,1/25 CT,$3.48,EA,TEAS
TEA HBS RBRY HRBL(p) 30/3.24OZ,10780004030063,30/3.24 OZ,$125.64,CS,TEAS
Tea Iced Bag 1 Oz SmthBlnd TFF,10041000002837,4/24 ct,$37.61,CS,Single Cup (ex:Kcup)
Tea Iced Peach Mango Zero,00856820161229,12/16 oz,$21.03,CS,Miscellaneous
TEA JASMINE GREEN FB 25CT/6CS,10840825025744,1/25CT,$3.46,EA,TEAS
TEA LIVELY LEMON FB 25CT/6CS,10840825019064,1/25 CT,$3.44,EA,TEAS
TEA MANGO TEA 30/4 OZ,10780004050030,30/4 OZ,$146.08,CS,TEAS
Tea Matcha Sweetened Can,20835143011057,20/5.2 oz,$25.58,CS,Miscellaneous
Tea Matcha Unsweetened Can,20835143011040,20/5.2 oz,$25.58,CS,Miscellaneous
TEA MINT BLEND FB 25CT/6CS,10840825019026,1/25 CT,$3.39,EA,TEAS
TEA NAT BRRY HIBISCUS 6 4/.5OZ,10780004260569,1/1 CT,$8.15,EA,TEAS
TEA NAT COCO PNAPL 6 4/.5OZ,10780004026462,1/1 CT,$8.15,EA,TEAS
TEA NAT GNARLY BLACK 6 4/.5OZ,10780004260064,1/1 CT,$5.44,EA,TEAS
TEA NAT PRIMO PASSION 6 4/.5OZ,10780004026264,1/1 CT,$8.15,EA,TEAS
TEA NAT TROP ORANGE 6 4/.5OZ,10780004260361,1/1 CT,$8.15,EA,TEAS
TEA OG ENG BREAKFAST 6/15 CT,60780004401189,1/15 CT,$7.39,EA,TEAS
TEA OG LEGENDARY GREEN 6/15CT,60780004402094,1/15 CT,$7.52,EA,TEAS
TEA OG MASALA CHAI 6/15 CT,60780004401196,1/15 CT,$7.00,EA,TEAS
TEA OG SIMPLY MINT 6/15 CT,60780004403077,1/15 CT,$7.36,EA,TEAS
TEA OG SUNSHNE FLWR 6/15 CT,60780004403084,1/15 CT,$7.00,EA,TEAS
Tea Oolong Golden Trdtnl Unswt,20835143001829,12/16.9 oz,$19.61,CS,Miscellaneous
TEA ORANGE SPICE FB 25CT/6CS,10840825019033,1/25 CT,$3.42,EA,TEAS
TEA PASSION FRUIT 30/4OZ,10780004050092,30/4 OZ,$55.96,CS,TEAS
Tea Pink Lady Apple KEG,00851861006225,1/5.4 gal,$91.20,CS,Miscellaneous
TEA POMGRT HERBAL FB 25CT/6CS,10840825025720,1/25CT,$3.44,EA,TEAS
TEA PREM ORNG BLIS FB 25CT/6CS,10840825021241,1/25CT,$3.18,EA,TEAS
TEA PSSION FR 6 4/.5OZ,10780004029098,1/1 CT,$11.06,EA,TEAS
TEA RASPBERRY TEA 30/2 OZ,10780004052119,30/2 OZ,$120.90,CS,TEAS
TEA SOUTHERN PEACH 30/4OZ,10780004050061,30/4 OZ,$48.52,CS,TEAS
TEA SW BW LMNADE 8/54.7 OZ,10840825029865,8/54.7 OZ,$74.28,CS,TEAS
TEA SW BW PEACH 10/44 OZ,10840825029858,10/44 OZ,$170.22,CS,TEAS
TEA SW BW STWBRY LMDE 8/54.2OZ,10840825030861,8/54.2 OZ,$78.08,CS,TEAS
TEA SW BW SWEET 8/48 OZ,10840825029872,8/48 OZ,$59.70,CS,TEAS
TEA SW BW TB 1.5G 20/1.25LB,10780004061258,20/1.25 LB,$58.16,CS,TEAS
TEA TRADITIONAL 30/4OZ,10780004050009,30/4 OZ,$33.70,CS,TEAS
TEA TROPCL SUNRISE FB 25CT/6CS,10840825025713,1/25CT,$3.18,EA,TEAS
TEA WATERMELON MARULA 30/4 OZ,10780004050146,30/4 OZ,$146.08,CS,TEAS
TEA WMLN WMRLA 6 4/.5OZ,10780004029159,1/1 CT,$11.06,EA,TEAS
TEA YARD HSE SIGN BLK 30/3.0Z,10780004303006,30/3 OZ,$36.62,CS,TEAS
Teddy Grahams Honey Cubs SnkSk,10044000007680,12/8 oz,$36.25,CS,Cookies
TENDERIZER MEAT UNSEASONED,10074865251409,1/35OZ,$9.44,EA,TENDERIZER
Terra Chip Original Exotic,20728229014502,12/5 oz,$44.77,CS,Large Single Serve
THAI PEANUT CHICKEN SATAY K2409,00745378240909,100 / 0.8 OZ,$127.07,CS,PREPARED FOODS
Think Hip Sweet Treat Ch Creme,00753656719726,10/2.1 oz,$19.97,BX,Snacks
Tic Tac Strawberry Cream,10009800003638,6/8/3.4 oz,$154.99/$25.83,CS/BX,Gum & Mints
Toblerone Crunchy Salty Almond,10070221005310,4/20/3.52 oz,$237.39/$59.35,CS/BX,Singles-Chocolate
Toblerone Milk Chocolate,00070221005436,20/3.52 oz,$62.92,BX,Singles-Chocolate
Toblerone Milk Chocolate,00070221005436,4/20/3.52 oz,$237.39/$59.35,CS/BX,Singles-Chocolate
Toffifay Hazelnt Crml Chc 15pc,00072799763039,2/5/4.4 oz,$25.93,CS,Miscellaneous
TOMATILLO CRSHD,00742434001412,6/#10,$42.29,CS,MEXICAN FD-MISC
TOMATO CHOPPED PRIMA CHOICE CA,10027000378615,6/#10,$36.33,CS,CRUSHED
TOMATO CRUSHED NO SALT ADD CA,20027000380622,6/102 OZ,$38.17,CS,CRUSHED
TOMATO DICED FCY IN JUICE CA,10027000378547,6/#10,$37.38,CS,DICED/CHOPPED
TOMATO DICED NO SALT ADDED,10013000010440,6/#10,$36.87,CS,DICED/CHOPPED
TOMATO DICED W/GREEN CHILES CA,00064144602452,12/28OZ,$36.01,CS,DICED/CHOPPED
TOMATO GRND UNPLD XHVY PUREE,10078485300103,6/#10,$34.80,CS,CRUSHED
TOMATO PASTE FANCY CA,10027000388355,6/#10,$57.12,CS,PASTE
TOMATO RED ROASTED/MARINATED PAIL,10631723702000,6 / 64 OZ,$153.19,CS,OLIVES FRUITS VEGETABLES
TOMATO WHL PLD IN JCE XSTD CA,10027000380182,6/#10,$36.73,CS,WHOLE/PEELED
TOMATOES ITALIAN PLUM WHL PEELED #10,,6 / 10 CN,$51.30,CS,OLIVES FRUITS VEGETABLES
TOMATOES RED ROASTED KRYSSOS,,1 / 4 LB,$29.95,CS,OLIVES FRUITS VEGETABLES
TOMATOES SAN MARZANO DOP 3KG,01636768019306,6 / 3 KG,$82.61,CS,OLIVES FRUITS VEGETABLES
Topping Buttery Soy 4 1 gal,10073391900027,4/1 gal,$50.55,CS,OILS & TOPPINGS
Topping Buttery Soy BIB,00073391123429,1/35 lb,$54.57,CS,OILS & TOPPINGS
Topping Buttery Soy BIB,00026700124709,1/3 gal,$38.86,CS,OILS & TOPPINGS
Topping Cookie Choco Chip,00655956022042,10/8.5 oz,$25.74,CS,General Grocery
Topping Whipped Cream Real,20070272491381,12/15 oz,$58.98,CS,Miscellaneous
TOR SYR BL RSPBRY 4/750 ml,40089036602912,602914 (EA),$10.85,EA,SYRUPS/TOPPINGS
TOR SYR BLACKBERRY 4/750ml,10089036211304,1/750 ML,$10.85,EA,SYRUPS/TOPPINGS
TOR SYR CANE SGR SWTNR 4/750ml,10089036210000,1/750 ML,$10.85,EA,SYRUPS/TOPPINGS
TOR SYR CHERRY 4/750ml,10089036211458,1/750 ML,$10.85,EA,SYRUPS/TOPPINGS
TOR SYR COCONUT 4/750ml,10089036211656,1/750 ML,$10.85,EA,SYRUPS/TOPPINGS
TOR SYR ORANGE 4/750ml,40089036596136,1/750 ML,$10.85,EA,SYRUPS/TOPPINGS
Tortilla Dragon Sweet Chili,10757528048850,20/2 oz,$15.40,CS,Bagged Vend Size
Tostitos Baked Scoops,00028400425377,72/.875 oz,$34.10,CS,Bagged Vend Size
TOSTITOS CHIP TORTILLA,543910,28/3OZ,$16.87/$0.61,Case/3oz Bags,
Tostitos Cripsy Rounds RF,00028400301039,64/1.45 oz,$47.69,CS,Large Single Serve
Tostitos Rounds SalsaVerde XVL,00028400363136,28/2.625 oz,$39.09/$1.40,CS/BX,Bulk Snacks
Tostitos Salsa To Go,00028400479066,30/3.8 oz,$25.99,CS,Miscellaneous
Tostitos Scoops Baked,00028400423915,4/16 oz,$17.89,CS,Miscellaneous
Tostitos W Corn Rest Sty,00028400136419,4/16 oz,$4.77,CS,Bulk Snacks
Towel Paper Double White,10030772165406,1/24 ct,$54.31,CS,Miscellaneous
Trail Mix All Energy Unsalted,10077034089520,48/2 oz,$32.97,CS,Snack Mixes
Trail Mix Cajun Style Nuts,10029000000251,72/2 oz,$62.25,CS,Nuts
Trail Mix Crnbry Almond Cashew,10824295136612,30/1.85 oz,$40.51,CS,Bagged Vend Size
Trail Mix Crnbry Almond Cashew,10824295134342,14/1.85 oz,$20.16,CS,Snack Mixes
Trail Mix Crnbry Almond Cashew,10824295136612,30/1.85 oz,$41.38,CS,Bagged Vend Size
Trail Mix Fruit   Nut Classic,30893869003302,18/1.5 oz,$27.66,CS,Nuts
Trail Mix Fruit   Nut Classic,30893869003302,18/1.5 oz,$27.08,CS,Nuts
Trail Mix Fruit   Nut RTL,10029000078809,12/6 oz,$31.98,CS,Snack Mixes
Trail Mix Nut   Chocolate,10029000000275,72/2 oz,$63.60,CS,Snack Mixes
Trail Mix Nut   Chocolate,10029000000275,72/2 oz,$62.25,CS,Snack Mixes
Trail Mix Nut   Chocolate RTL,10029000078625,12/6 oz,$31.98/$2.67,CS/BX,Snack Mixes
Trail Mix Nut N Yogurt Unslted,10077034089544,48/2 oz,$32.97,CS,Snack Mixes
Trail Mix Original Unsalted,10077034089506,48/2 oz,$32.97,CS,Snack Mixes
Trail Mix Peanut Butter Choco,10029000021119,12/6 oz,$31.98,CS,Snack Mixes
Trail Mix Premium Duet,10077034011729,3/12/2 oz,$57.56/$19.19,CS/BX,Snack Mixes
Trail Mix Simpicity Medley,10077034011712,3/12/2.25 oz,$57.56/$19.19,CS/BX,Snack Mixes
Trail Mix Summit,10070690282175,30/1.5 oz,$23.96,CS,Snacks
Trail Mix Summit,10070690282175,30/1.5 oz,$23.45,CS,Snacks
Trail Mix Sweet N Salty,10077034086383,6/8 oz,$17.06,CS,Nuts
Trail Mix Sweet Nut RTL,10029000010069,12/6 oz,$31.98/$2.67,CS/BX,Nuts
Trail Mix Tropical,10070690282168,30/1.5 oz,$23.96,CS,Snacks
Trail Mix Tropical,10070690282168,30/1.5 oz,$23.45,CS,Snacks
Trail Mix Tropical Fruit Nut,10029000000268,72/2 oz,$62.25,CS,Snack Mixes
Trail Mix Wholesome Medley,10077034011705,3/12/2.25 oz,$57.56/$19.19,CS/BX,Snack Mixes
Trailmix Protein Bar,00660726526576,6/12/1.94 oz,$110.01/$18.34,CS/BX,Snacks
Tray Kids Dinosaur,,1/250 ct,$56.56,CS,MISC FOOD
Tray Liner Zap Pak,,1/1000 ct,$48.64,CS,MISC FOOD
Triscuit Gouda   Sharp Ched,00046100353455,12/1.5 oz,$14.88,CS,Lunchables/Snacks
Trolli Crawlers Sour Brite,10041420016230,8/7.2 oz,$17.65,CS,Bag Candy
Trolli Duo Crawlers,10041420078153,12/4.25 oz,$18.29,CS,Bag Candy
Trolli Mix All Star,10041420027168,12/4.25 oz,$18.29,CS,Bag Candy
Trolli Octopus Sour Hangbag,10020709012316,12/4.25 oz,$18.29/$1.52,CS/BX,Bag Candy
Trolli Sour Brite Crawler,00041420038518,12/5 oz,$18.29,CS,Bag Candy
Trolli Sour Brite Very Berry,00041420038525,12/5 oz,$18.29,CS,Bag Candy
Trolli Sour Crawlers Bursting,10041420065771,12/4.25 oz,$18.29,CS,Bag Candy
Tropical Typhoon Candy Box,00070970495359,12/4.25 oz,$11.33,CS,Singles - No UPC
Tub Popcorn 44oz Showtime,50794297807781,1/600 ct,$125.96,CS,MISC FOOD
Tuna Albacore Lunch To Go,10080000495423,12/4.1 oz,$28.43,CS,Snacks
Tuna Lemon   Thyme Infusion,10048000005516,6/2.8 oz,$8.96,CS,General Grocery
Tuna Light Kit,10080000495430,12/4.1 oz,$24.87,CS,Crackers
Tuna Salad Deli Style Kit,10080000514889,12/3.28 oz,$17.11,CS,Snacks
Tuna Salad W Cracker,10086600708215,12/3.5 oz,$28.71,CS,Miscellaneous
Tuna Wild Caught Light Pouch,10048000003925,12/2.5 oz,$13.45,CS,General Grocery
Turkey Brst Shaved Deli Fresh,00044700096215,8/9 oz,$40.41,CS,Miscellaneous
Turkey Natural Roasted Meal,00044700101827,7/3.3 oz,$20.08,CS,Protein
Turkey Rosemary Stick,10854837006486,6/18/1 oz,$168.85/$28.14,CS/BX,Meat Snacks
Turkey Stick Lemon Basil Peppr,10852089007534,24/1 oz,$38.04,BX,Meat Snacks
TURMERIC SUPREME GROUND ALLEPPEY,,1 / 16 OZ,$5.89,CS,PANTRY
Twilight Dark Gourmet,10747599607216,12/3.5 oz,$53.07,CS,Bag Candy
Twin Pack S P Shakers,10806795603597,12/5.5 oz,$32.36,CS,Miscellaneous
Twinkies 2ct FOA,30888109021512,6/6/2.7 oz,$53.75/$8.96,CS/BX,Pastry
Twistettes Birthday Cake Bag,10041364001651,12/4.8 oz,,CS,Singles-Non-Chocolat
Twists 4 Flavor Indiv Wrapped,10041364085033,6/180 ct,$99.73/$16.62,CS/BX,Bag Candy
Twists Honey BBQ XVL,00028400766388,36/3.25 oz,$50.26,CS,Bulk Snacks
Twix Bites Share Size,10040000640308,6/12/2.83 oz,$152.26/$25.38,CS/BX,Singles-Chocolate
Twix Caramel Cookie Bar RTL,10040000353918,36/1.79 oz,$47.05,BX,Singles-Chocolate
Twix Caramel Cookie Bar RTL,10040000353918,10/36/1.79 oz,$442.03/$44.20,CS/BX,Singles-Chocolate
Twix Caramel Fun Size,10040000505478,20/10.83 oz,$108.92,CS,Bag Candy
Twix Caramel KS,10040000353871,6/24/3.02 oz,$304.51/$50.75,CS/BX,Big Block/King Size
Twix Caramel Salted Share Size,10040000574597,6/20/2.82 oz,$253.76/$42.29,CS/BX,Singles-Chocolate
Twix Cookie Dough Share Size,10040000583568,6/20/2.72 oz,$253.76/$42.29,CS/BX,Big Block/King Size
Twix Cookies   Creme,10040000551925,6/20/2.72 oz,$253.76/$42.29,CS/BX,Big Block/King Size
Twix Original Single Vend,10040000532931,10/36/1.79 oz,$431.80/$43.18,CS/BX,Singles-Chocolate
Twix Snickerdoodle Share Size,10040000603044,6/20/2.82 oz,$253.76/$42.29,CS/BX,Big Block/King Size
Twix Snickerdoodle Singles,10040000603006,12/20/1.41 oz,$294.69,CS,Singles-Chocolate
Twix Variety Share Size,00040000604068,1/44 ct,,CS,Big Block/King Size
Twizzler Strawberry KS,20034000531039,8/15/5 oz,$274.22/$34.28,CS/BX,Big Block/King Size
Twizzlers Cherry,10034000544438,12/6.1 oz,$29.06,CS,Bag Candy
Twizzlers Cherry Nibs,20034000530131,8/36/2.25 oz,$376.55/$47.07,CS/BX,Count Goods
Twizzlers Cherry Nibs,10034000544131,12/6 oz,$29.06,CS,Bag Candy
Twizzlers Strawberry,10034000544025,12/7 oz,$30.93,CS,Bag Candy
Twizzlers Strawberry,10034000544025,12/7 oz,$29.06,CS,Bag Candy
Twizzlers Strwbry Twists RTL,20034000544121,12/18/2.5 oz,$282.41/$23.53,CS/BX,Singles-Non-Chocolat
uhaa-coogs house blend 40/3oz,543903,,$119.63,cs,
Uncrd Pepperni Cheese   Nut Mx,30044500002042,12/2.8 oz,$30.88,CS,Lunchables/Snacks
Vanilla Wafer,10025600006938,12/12/2.75 oz,$153.50,CS,Snacks
Vanilla Wafers,10027800072386,12/12/2.75 oz,$118.52/$9.88,CS/BX,Cookies
VEGETABLE OIL            35 LB,10840501948602,35 LB,$42.20,CS,OILS
VEGETABLE PAKORA SPICY K0901 80-90 CT,00745378090108,1 / 4 LB,$96.06,CS,PREPARED FOODS
Vegetables Green Beans Cut,10024000162862,24/14.5 oz,$51.45/$2.14,CS/BX,General Grocery
Veggie Chip Natural,00728229123453,24/1 oz,$28.43,CS,Large Single Serve
Veggie Straw Ranch,10850003875719,24/.75 oz,$20.19,CS,Large Single Serve
Veggie Straw Sour Cream Onion,10850003875603,12/3.75 oz,$39.52,CS,Large Single Serve
Veggie Straws Ranch,10829515322899,6/2.25 oz,$13.08,CS,Miscellaneous
Veggie Straws Screamin Hot,10829515323650,6/2.25 oz,$13.08,CS,Miscellaneous
Veggie Straws Sea Salt,10829515322882,6/2.75 oz,$13.08,CS,Miscellaneous
Veggie Straws Sea Salt,10755355003059,24/1 oz,$15.07,CS,Bagged Vend Size
Velveeta Cups Mac   Cheese,10021000065568,8/5 oz,$21.37,CS,Hot Food - Microwave
Velveeta Cups Original,10021000024305,10/2.39 oz,$17.06,CS,Hot Food - Microwave
VINEGAR BALSAMIC ITALY,10074865302743,2/5 LTR,$47.24,CS,ITALIAN BULK
VINEGAR BALSAMIC ITALY 6%,10041224706009,2/5LTR,$72.24,CS,MISC.
VINEGAR BLACK,10041224705354,6/16.9FZ,$43.22,CS,MISC.
VINEGAR BLSMIC AGED ITALY  PL,10039153413211,2/5 LTR,$50.24,CS,ITALIAN BULK
VINEGAR BLSMIC WHITE,10041224704906,2/5 LTR,$59.94,CS,MISC.
VINEGAR CIDER APPLE 5% 50 GRN,10013000007624,6/1 GAL,$30.23,CS,MISC.
VINEGAR GOURMET RICE WINE UNSEASONED,10070641041103,1 / 1 GA,$30.47,CS,PANTRY
VINEGAR MALT,10013000001790,12/12OZ,$36.11,CS,MISC.
VINEGAR RED WINE FRENCH 5 L,,2 / 5 LT,$55.44,CS,PANTRY
VINEGAR RICE SEASONED GOURMET,00070641045203,4/1 GAL,$81.74,CS,MISC.
VINEGAR RICE SEASONED JAPANESE,10074865123645,4/1 GAL,$58.30,CS,JAPAN BULK
VINEGAR WHITE DSTD 5%,10013000007549,6/1GAL,$26.46,CS,WHITE
VINEGAR WHITE WINE,10039153413181,2/5 LTR,$34.13,CS,WINE
VINEGAR WINE RED PLS,10013000008348,4/1 GAL,$47.65/$11.91,CS/EA,WINE
Wafel Dark Chocolate Brownie,00856282003358,12/1.2 oz,$14.38,BX,Snacks
Wafel Dark Chocolate Brownie,00856282003358,4/12/1.2 oz,$56.29/$14.07,CS/BX,Snacks
Wafel Dutch Caramel   Vanlla,00856282003341,12/1.16 oz,$14.38,BX,Snacks
Wafel Dutch Caramel   Vanlla,00856282003341,4/12/1.16 oz,$56.29/$14.07,CS/BX,Snacks
Wafel Honey   Oats,00856282003365,12/1.16 oz,$14.38,BX,Snacks
Wafel Honey   Oats,00856282003365,4/12/1.16 oz,$56.29/$14.07,CS/BX,Snacks
Wafels Cookies N Cream,10856282003881,4/12/1.16 oz,$56.29/$14.07,CS/BX,Snacks
Wafels Cookies N Cream,10856282003881,12/1.16 oz,$14.38,BX,Snacks
Wafels GravityBox Caramel Vanl,00851532008916,32/.28 oz,$13.94,BX,Snacks
Wafels GravityBox Caramel Vanl,00851532008916,4/32/.28 oz,$54.58/$13.65,CS/BX,Snacks
Wafels GravityBox Snckerdoodle,00851532008954,4/32/.28 oz,$54.58/$13.65,CS/BX,Snacks
Wafels Snickerdoodle,10856282003775,12/1.16 oz,$14.38,BX,Snacks
Wafels Snickerdoodle,10856282003775,4/12/1.16 oz,$56.29/$14.07,CS/BX,Snacks
Wafer Choc Hazelnut,10860011168833,4/12/1.56 oz,$63.11,CS,Snacks
Wafer Chocolate Dark,00850020705207,4/16/.77 oz,$55.34/$13.84,CS/BX,Cookies
Wafer Chocolate Dark,00850020705207,16/.77 oz,$14.14,BX,Cookies
Wafer Chocolate Hezelnut,00850020705191,4/16/.77 oz,$55.34/$13.84,CS/BX,Cookies
Wafer Chocolate Hezelnut,00850020705191,16/.77 oz,$14.14,BX,Cookies
Wafer Crispy Chocolate,10860000257975,6/50/.4 oz,,CS/BX,Singles-Chocolate
Wafer Strawberry,10850047620108,4/16/.78 oz,$55.34/$13.84,CS/BX,Snacks
Wafer Strawberry 2Pk,10850067385018,4/12/1.56 oz,$63.11,CS,Snacks
Wafer Vanilla,10044000027343,12/11 oz,$57.57,CS,Cookies
Wafer Vanilla 2Pk,10850067385032,4/12/1.56 oz,$63.11,CS,Snacks
Wafer Vanilla King Size,10027800073567,9/9/4.4 oz,$137.90/$15.32,CS/BX,Cookies
Wafers Dark Chocolate,00860000257923,24/1.2 oz,$28.46,BX,Singles-Chocolate
Wafers Dark Chocolate,00860000257923,6/24/1.2 oz,$155.53,CS,Singles-Chocolate
Wafers Vanilla,00850020705412,4/16/.78 oz,$55.34/$13.84,CS/BX,Snacks
Waffle Caramel Salted Organic,00810815023435,8/12/1.06 oz,$112.57/$14.07,CS/BX,Cookies
Waffle Honey Organic,00810815023442,8/12/1.06 oz,$112.57/$14.07,CS/BX,Cookies
Waffle Maple Liege Iw,00038000276101,54/1.94 oz,$46.07,CS,Breakfast
Walking Tamales Bn Slsa Roja,00852605008642,7/4 oz,$11.22,CS,Miscellaneous
WALNUT PIECES HALVES,00070690460149,1/5 LB,$42.28,CS,WALNUTS
Wasabi Almond Soy,10041570052300,12/12/1.5 oz,$156.91/$13.08,CS/BX,Nuts
Water 100  Pure Coconut,00898999006901,12/330 ml,$18.75,CS,Miscellaneous
Water 4 Flavor Variety Pack,00184739001498,12/16 oz,$14.21,CS,Miscellaneous
Water Blckbry FrtInfused Unswt,00184739000347,12/16 oz,$14.21,CS,Miscellaneous
Water Blueberry Lemon,00184739002341,12/16 oz,$14.21,CS,Miscellaneous
Water Cherry FrtInfused Unswt,00184739001566,12/16 oz,$14.21,CS,Miscellaneous
Water Coconut Pure,00853883003015,12/17.5 oz,$26.01,CS,Miscellaneous
Water Coconut Pure,00898999000619,12/1 lt,$49.78,CS,Miscellaneous
Water Coconut Pure C2O,00853883003138,24/10.5 oz,$28.14,CS,Miscellaneous
Water Crsp Appl FrtInfuse Unsw,00184739001054,12/16 oz,$14.21,CS,Miscellaneous
Water Fruit Variety Pack Red,00184739002266,12/16 oz,$14.21,CS,Miscellaneous
Water Peach Frt Infused Unswt,00184793001076,12/16 oz,$14.21,CS,Miscellaneous
Water Pineapple FrtInfuse Unsw,00184739001290,12/16 oz,$14.21,CS,Miscellaneous
Water Raspberry FrtInfse Unswt,00184739000224,12/16 oz,$14.21,CS,Miscellaneous
Water Rspbry Lime Sprklng,10856579002313,3/8/12 oz,$22.80,CS,Miscellaneous
Water Sparkling Grapefruit,00856579002200,24/12 oz,$22.80,CS,Miscellaneous
Water Sparkling Half Tea HalfL,10856579002672,3/8/12 oz,$22.80,CS,Miscellaneous
Water Sparkling Lemon,10856579002337,3/8/12 oz,$22.80,CS,Miscellaneous
Water Sparkling Lime,10856579002818,3/8/12 oz,$22.80,CS,Miscellaneous
Water Sparkling Variety Pack,00016571950927,12/17 oz,$12.68,CS,Miscellaneous
Water Sprkl Apple Can,00836093015078,24/8.4 oz,$22.67,CS,Miscellaneous
Water Sprkl Blackbrry Can,00836093015023,24/8.4 oz,$22.67,CS,Miscellaneous
Water Sprkl Clementne Can,00836093015054,24/8.4 oz,$22.67,CS,Miscellaneous
Water Sprkl Pomegrant Can,00836093015085,24/8.4 oz,$20.91,CS,Miscellaneous
Water Sprklng Grapefruit,10856579002320,3/8/12 oz,$22.80,CS,Miscellaneous
Water Sprklng Peach Nectarine,00016571940393,12/17 oz,$11.65,CS,Miscellaneous
Water Sprklng Pineapple,10856579002924,3/8/12 oz,$22.80,CS,Miscellaneous
Water Sprklng Strwbry Lemonade,10850017142074,3/8/12 oz,$22.80,CS,Miscellaneous
Water Sprklng Strwbry Wtrmln,00016571950873,12/17 oz,$11.65,CS,Miscellaneous
Water StrwbryKiwi FrtInfsUnswt,00184739000262,12/16 oz,$14.21,CS,Miscellaneous
Water Watermelon Can,00814218022262,12/12 oz,$14.21,CS,Miscellaneous
Water Wtrmlon FrtInfused Unswt,00184739000354,12/16 oz,$14.21,CS,Miscellaneous
Watermelon Peg Bag,00042238723313,12/3.1 oz,$15.56,CS,Bag Candy
Watermelon Rings Tajin,00087076296100,6/5 oz,$14.86,CS,Large Single Serve
Wedding Cake,10851769007963,10/4.5 oz,$32.34,CS,Cookies
Welchs Fruit Snack Mix Club Pk,10034856688683,6/66/.8 oz,$77.77/$12.96,CS/BX,Bag Candy
Werthers Caramel Hard Original,00072799334116,6/30 oz,$59.15,CS,Count Goods
Whatchamacallit,20034000247008,12/36/1.6 oz,$564.82/$47.07,CS/BX,Singles-Chocolate
Wheat Thn Monterey Jack   Ched,00046100353479,12/1.5 oz,$14.88,CS,Lunchables/Snacks
WHITE RICE FLOUR GF 10 LB,,1 / 10 LB,$14.20,CS,PANTRY
Whoppers Box,10010700024401,12/5 oz,$16.10,CS,Box Candy
Wild Cherry ICEE Freeze,10073321039728,12/16 oz,,CS,Miscellaneous
WINE COOKING SAUTERNE,10041224707006,4/1GAL,$44.54,CS,MISC.
WINE COOKING SHAO SHING,00763352031251,4/3 LTR,$23.06,CS,MISC.
WINE COOKING SHAOXING,70000000000009,1/1 GAL,$19.35,CS,MISC.
WONTON LOTUS SHELLS K088,00745378088013,100 / 0.63 OZ,$77.05,CS,BAKERY
WOOD LOG OAK SPLIT 16 IN,00815932003414,1/50LB,$28.40,CS,MISC
WOODEN WRPD STR STICK 10/500CT,,1/500 CT,$15.10,EA,GOURMET CUP BRAND
Wrap Chicken Bacon Ranch,10611665888116,12/8 oz,$41.18,CS,Breakfast
Wrap Egg Potato Chs Bacon,10071007071277,20/6.5 oz,$18.39,CS,Burritos
XAN CHAI 2LB,,1/2 LB,$12.69,BG,TEAS
XAN EARL GREY 2LB,,1/2 LB,$8.09,BG,TEAS
XAN ENGLISH BREAKFAST 2LB,,1/2 LB,$12.04,BG,TEAS
Xtreme Rainbow Belts BlstRaspb,00073390678234,12/18/2 oz,,CS/BX,Miscellaneous
XVL Doritos FH Cool Ranch,00028400693530,24/2.5 oz,,CS,Large Single Serve
Yakisoba Spicy Chicken,00041789907432,8/4.11 oz,$9.61,CS,Hot Food - Microwave
YEAST ACTIVE DRY,10754715021924,12/2 LB,$103.75/$8.65,CS/EA,SHELF STABLE
YEAST INSTANT VAC PACK,10754715021399,20/1 LB,$86.74/$4.34,CS/EA,SHELF STABLE
Yellow Mustard,10013000002186,12/20 oz,$28.92,CS,General Grocery
York Mint RTL,10034000003300,12/36/1.4 oz,$564.82/$47.07,CS/BX,Count Goods
York Peppermint Patty,10034000041692,12/4.8 oz,$31.11,CS,Bag Candy
YUZU JUICE MARUGOTO SHIBORI,,1 / 25.3 OZ,$70.46,CS,PANTRY
Zagnut Bar,20010700598466,16/18/1.5 oz,$376.55/$23.53,CS/BX,Singles-Chocolate
Zinger Chocolate 3ct FOA,30888109302314,6/6/3.81 oz,$28.75/$4.79,CS/BX,Pastry
Zinger Chocolate 3ct Frozen,20888109010052,6/6/3.81 oz,$52.95,CS,Pastry
Zinger Vanilla 3ct FOA,30888109302307,6/6/3.81 oz,$28.75/$4.79,CS/BX,Pastry
