Item Description,GTIN,Pack Type,Price,UOM,Category
APPLE CIDER               4 CT,10840501941047,4 CT,$41.00,CS,JUICES
APPLE CIDER GALLON        1 CT,00840501909002,1 CT,$13.44,EA,JUICES
APPLE FUJI                5 LB,00840501964384,5 LB,$8.96,EA,APPLES
APPLE FUJI               56 CT,10840501943027,56 CT,$56.70,CS,APPLES
APPLE FUJI               88 CT,10840501965746,88 CT,$45.70,CS,APPLES
APPLE FUJI              125 CT,10840501975349,125 CT,$35.95,CS,APPLES
APPLE FUJI              138 CT,10840501976704,138 CT,$46.70,CS,APPLES
APPLE FUJI (138 CT)  HALF CASE,00840501983620,HALF CASE,$25.33,EA,APPLES
APPLE FUJI (88 CT)   HALF CASE,00840501981336,HALF CASE,$25.33,EA,APPLES
APPLE FUJI PREMIUM      138 CT,,138 CT,,CS,APPLES
APPLE GALA                5 LB,00840501964452,5 LB,$10.24,EA,APPLES
APPLE GALA               88 CT,10840501949760,88 CT,$49.95,CS,APPLES
APPLE GALA              125 CT,10840501915611,125 CT,$45.95,CS,APPLES
APPLE GALA              138 CT,10840501967108,138 CT,$48.70,CS,APPLES
APPLE GALA (125 CT)  HALF CASE,,HALF CASE,,EA,APPLES
APPLE GALA (138 CT)  HALF CASE,,HALF CASE,,EA,APPLES
APPLE GALA (88 CT)   HALF CASE,00840501977612,HALF CASE,$28.45,EA,APPLES
APPLE GALA PREMIUM      138 CT,,138 CT,,CS,APPLES
APPLE GOLDEN              5 LB,00840501964520,5 LB,$11.14,EA,APPLES
APPLE GOLDEN             88 CT,10840501932830,88 CT,$59.20,CS,APPLES
APPLE GOLDEN            125 CT,,125 CT,,CS,APPLES
APPLE GOLDEN            138 CT,,138 CT,,CS,APPLES
APPLE GOLDEN (125 CT HALF CASE,,HALF CASE,,EA,APPLES
APPLE GOLDEN (138 CT HALF CASE,,HALF CASE,,EA,APPLES
APPLE GOLDEN (88 CT) HALF CASE,00840501971818,HALF CASE,$31.68,EA,APPLES
APPLE GOLDEN PREMIUM     88 CT,10840501986611,88 CT,$53.70,CS,APPLES
APPLE GOLDEN SLICED W/SKI 5 LB,10840501914638,5 LB,$28.50,CS,PROCESSED
APPLE GOLDEN WEDGES     4X5 LB,10840501943720,4X5 LB,$86.40,CS,PROCESSED
APPLE GRANNY SMITH        1 CT,00840501913962,1 CT,$4.96,EA,APPLES
APPLE GRANNY SMITH        5 LB,00840501996989,5 LB,$8.99,EA,APPLES
APPLE GRANNY SMITH        6 CT,00840501953616,6 CT,$8.44,EA,APPLES
APPLE GRANNY SMITH       12 CT,00840501948537,12 CT,$9.66,EA,APPLES
APPLE GRANNY SMITH       88 CT,10840501944956,88 CT,$41.31,CS,APPLES
APPLE GRANNY SMITH      125 CT,10840501948466,125 CT,$42.95,CS,APPLES
APPLE GRANNY SMITH      138 CT,10840501975714,138 CT,$43.31,CS,APPLES
APPLE GRANNY SMITH ( HALF CASE,00840501976486,HALF CASE,$33.30,EA,APPLES
APPLE GRANNY SMITH ( HALF CASE,,HALF CASE,,EA,APPLES
APPLE GRANNY SMITH ( HALF CASE,,HALF CASE,,EA,APPLES
APPLE GRANNY SMITH PREM 138 CT,,138 CT,,CS,APPLES
APPLE GREEN DICED PEELE 4X5 LB,10840501940743,4X5 LB,$97.40,CS,PROCESSED
APPLE GREEN PEELED        5 LB,00840501939238,5 LB,$25.04,EA,PROCESSED
APPLE GREEN PEELED & CO 4X5 LB,10840501939303,4X5 LB,$87.40,CS,PROCESSED
APPLE GREEN PEELED SLIC 4X5 LB,10840501930225,4X5 LB,$97.40,CS,PROCESSED
APPLE GREEN SLICED      50/2OZ,10840501923531,50/2OZ,$89.10,CS,PROCESSED
APPLE GREEN SLICED WITH 4X5 LB,10840501925757,4X5 LB,$61.20,CS,PROCESSED
APPLE GREEN SLICED WITH S 5 LB,00840501913016,5 LB,$18.49,EA,PROCESSED
APPLE GREEN WEDGES      4X5 LB,10840501950889,4X5 LB,$97.40,CS,PROCESSED
APPLE HONEYCRISP       72-88CT,10840501909221,72-88CT,$48.95,CS,APPLES
APPLE PINK LADY 88CT     88 CT,10840501933820,88 CT,$78.05,CS,APPLES
APPLE RED                 5 LB,00840501996811,5 LB,$8.49,EA,APPLES
APPLE RED                 6 CT,00840501953784,6 CT,$7.09,EA,APPLES
APPLE RED                12 CT,00840501942351,12 CT,$9.09,EA,APPLES
APPLE RED                88 CT,10840501935800,88 CT,$39.31,CS,APPLES
APPLE RED               138 CT,10840501936036,138 CT,$41.31,CS,APPLES
APPLE RED               163 CT,10840501909474,163 CT,$38.95,CS,APPLES
APPLE RED (125 CT)   HALF CASE,00840501981572,HALF CASE,$22.55,EA,APPLES
APPLE RED (138 CT)   HALF CASE,00840501973034,HALF CASE,$22.30,EA,APPLES
APPLE RED (88 CT)    HALF CASE,00840501972976,HALF CASE,$23.80,EA,APPLES
APPLE RED DEL FANCY FRESH,00074865168427,1/138CT,$39.06,CS,REGULAR
APPLE RED PEELED  SLICE 4X5 LB,10840501901379,4X5 LB,$95.15,CS,PROCESSED
APPLE RED PEELED  SLICED  5 LB,00840501947530,5 LB,$26.98,EA,PROCESSED
APPLE RED PEELED & DICE 4X5 LB,10840501988837,4X5 LB,$95.15,CS,PROCESSED
APPLE RED PREMIUM        88 CT,,88 CT,,CS,APPLES
APPLE RED PREMIUM       138 CT,10840501986543,138 CT,$33.95,CS,APPLES
APPLE RED SLICED       100/2OZ,10840501967351,100/2OZ,$70.40,CS,PROCESSED
APPLE RED SLICED WITH S 4X5 LB,10840501970535,4X5 LB,$76.20,CS,PROCESSED
APPLE RED SLICED WITH SKI 5 LB,00840501905103,5 LB,$22.24,EA,PROCESSED
APPLE RED WEDGES PEELED 4X5 LB,10840501950711,4X5 LB,$95.15,CS,PROCESSED
APPLE RINGS DRY           5 LB,10840501911897,5 LB,$45.20,CS,DRIED FRUIT
APRICOT                  24 LB,10840501960000,24 LB,$49.20,CS,APRICOTS
APRICOT DRY               5 LB,10840501925764,5 LB,$49.20,CS,DRIED FRUIT
ARRUGULA BABY B&W (3 HALF CASE,00840501983170,HALF CASE,$13.15,EA,HERBS
ARTICHOKES               12 CT,10840501967658,12 CT,$42.20,CS,ARTICHOKES
ARTICHOKES               18 CT,10840501952876,18 CT,$42.20,CS,ARTICHOKES
ARTICHOKES               24 CT,10840501964824,24 CT,$42.20,CS,ARTICHOKES
ARTICHOKES               48 CT,10840501914317,48 CT,$57.20,CS,ARTICHOKES
ARTICHOKES (24 CT)   HALF CASE,00840501981190,HALF CASE,$23.18,EA,ARTICHOKES
ARUGULA BABY B&W          3 LB,10840501972744,3 LB,$22.15,CS,HERBS
ASIAN BLEND             4X5 LB,10840501934117,4X5 LB,$73.40,CS,PROCESSED
ASPARAGUS EXTRA LARGE     1 CT,00840501900474,1 CT,$7.96,EA,ASPARAGUS
ASPARAGUS EXTRA LARGE    11 LB,10840501985164,11 LB,$43.08,CS,ASPARAGUS
ASPARAGUS JUMBO          11 LB,10840501961472,11 LB,$44.28,CS,ASPARAGUS
ASPARAGUS LARGE           1 CT,00840501910756,1 CT,$8.13,EA,ASPARAGUS
ASPARAGUS LARGE           1 LB,00840501938026,1 LB,$7.96,LB,ASPARAGUS
ASPARAGUS LARGE          11 LB,10840501965128,11 LB,$41.28,CS,ASPARAGUS
ASPARAGUS PENCIL         11 LB,10840501964756,11 LB,$41.45,CS,ASPARAGUS
ASPARAGUS STANDARD       11 LB,10840501938702,11 LB,$41.28,CS,ASPARAGUS
ASPARAGUS WHITE          11 LB,10840501966422,11 LB,$49.20,CS,ASPARAGUS
AVOCADO #2               48 CT,10840501958434,48 CT,$35.79,CS,AVOCADOS
AVOCADO #2 (48 CT)   HALF CASE,00840501979524,HALF CASE,$34.98,EA,AVOCADOS
AVOCADO HASS BRKNG #2 GUAC PAK,70000000000009,1/36-70C,$35.75,CS,NO2
AVOCADO PULP 4/4           4/4,10840501922862,4/4,$58.20,CS,AVOCADOS
AVOCADO PULP HAND SCOOPED,10889356050207,8/2 LB,$77.56,CS,PULP CHUNKY
BANANA                    5 LB,00840501913702,5 LB,$7.05,EA,BANANAS
BANANA                   40 LB,10840501935664,40 LB,$28.61,CS,BANANAS
BANANA (40 LB)       HALF CASE,00840501972808,HALF CASE,$15.28,EA,BANANAS
BANANA CHIPS DRY          5 LB,10840501917905,5 LB,$29.20,CS,DRIED FRUIT
BANANA LEAF               5 LB,00840501998341,5 LB,$12.48,EA,LEAVES
BANANA LEAF              20 LB,10840501944642,20 LB,$37.15,CS,LEAVES
BANANA LEAF (20 LB)  HALF CASE,00840501976318,HALF CASE,$20.65,EA,LEAVES
BANANA PLANTAIN          10 LB,00840501949138,10 LB,$13.65,EA,BANANAS
BANANA PLANTAIN          50 LB,10840501939006,50 LB,$51.20,CS,BANANAS
BANANA PLANTAIN (50  HALF CASE,00840501975014,HALF CASE,$27.68,EA,BANANAS
BASIL                     1 LB,10840501932229,1 LB,$15.70,CS,HERBS
BASIL                     4 OZ,00840501936664,4 OZ,$5.24,EA,HERBS
BASIL                  HALF LB,00840501974338,HALF LB,$9.43,LB,HERBS
BASIL THAI                1 LB,10840501941757,1 LB,$15.20,CS,HERBS
BAYLEAF DRY               1 LB,10840501932779,1 LB,$11.25,CS,HERBS
BAYLEAF FRESH             1 LB,10840501928987,1 LB,$21.80,CS,HERBS
BEAN BLACK FRESH READY TO EAT,00860000123709,6/4 LB,$44.86,CS,DRIED
BEAN GREEN CUT & CLEAN(1/ 5 LB,00840501951254,5 LB,$19.49,EA,PROCESSED
BEANS FRENCH HARICOT VERT 5 LB,10840501960550,5 LB,$25.20,CS,BEANS
BEANS GREEN              25 LB,10840501938870,25 LB,$38.65,CS,BEANS
BEANS GREEN (25 LB)  HALF CASE,00840501974888,HALF CASE,$21.35,EA,BEANS
BEANS GREEN CUT & CLEAN   5 LB,,5 LB,,CS,PROCESSED
BEANS GREEN CUT & CLEAN 2/5 LB,10840501980428,2/5 LB,$40.42,CS,PROCESSED
BEANS MAYACOBA           50 LB,10840501949142,50 LB,$76.20,EA,BEANS
BEANS PINTO PRE-WASHED D 50 LB,10840501921704,50 LB,$33.20,CS,BEANS
BEANS PINTO TC           50 LB,,50 LB,,CS,BEANS
BEANS PRE-WASH BLACK     50 LB,10840501921872,50 LB,$41.20,CS,BEANS
BEANS RED KIDNEY         50 LB,10840501955228,50 LB,$63.20,CS,BEANS
BEANS VANILLA             8 OZ,10840501913259,8 OZ,$119.20,LB,BEANS
BEET RED PLD & COOKED,10734730570997,10/1.1 LB,$37.35,CS,COOKED
BEETS BABY CANDY-STRIPE  24 CT,10840501991622,24 CT,$40.20,CS,BEETS
BEETS BABY GOLD          24 CT,10840501906015,24 CT,$40.20,CS,BEETS
BEETS BABY RED           24 CT,10840501981654,24 CT,$40.20,CS,BEETS
BEETS CANDY STRIPE LARGE 25 LB,10840501905957,25 LB,$44.20,CS,BEETS
BEETS GOLD  PEELED        5 LB,00840501958970,5 LB,$31.56,EA,PROCESSED
BEETS GOLD  PEELED      4X5 LB,10840501958809,4X5 LB,$113.50,CS,PROCESSED
BEETS GOLD DICED 1x1    4X5 LB,10840501990403,4X5 LB,$113.50,CS,PROCESSED
BEETS GOLD LARGE          5 LB,00840501955924,5 LB,$10.65,EA,BEETS
BEETS GOLD LARGE         25 LB,10840501930546,25 LB,$36.20,CS,BEETS
BEETS GOLD LARGE (25 HALF CASE,00840501970828,HALF CASE,$20.18,EA,BEETS
BEETS RED  PEELED         5 LB,00840501906704,5 LB,$20.75,EA,PROCESSED
BEETS RED  PEELED       4X5 LB,10840501941665,4X5 LB,$70.25,CS,PROCESSED
BEETS RED BUNCHED        12 CT,10840501959899,12 CT,$39.20,CS,BEETS
BEETS RED DICED           5 LB,10840501969713,5 LB,$26.20,EA,PROCESSED
BEETS RED DICED 1         5 LB,00840501979616,5 LB,$21.60,EA,PROCESSED
BEETS RED DICED 1       4X5 LB,10840501979927,4X5 LB,$73.65,CS,PROCESSED
BEETS RED DICED 1/2     4X5 LB,10840501991011,4X5 LB,$73.45,CS,PROCESSED
BEETS RED LARGE           5 LB,00840501903284,5 LB,$7.95,EA,BEETS
BEETS RED LARGE          25 LB,10840501937262,25 LB,$19.65,CS,BEETS
BEETS RED LARGE (25  HALF CASE,00840501973898,HALF CASE,$13.43,EA,BEETS
BEETS RED SLICED        4X5 LB,10840501952487,4X5 LB,$70.25,CS,PROCESSED
BEETS RED STICK           5 LB,10840501970771,5 LB,$27.35,EA,PROCESSED
BLACKBERRY                1 CT,00840501908944,1 CT,$7.27,EA,BERRIES
BLACKBERRY                3 CT,00840501919438,3 CT,$11.49,EA,BERRIES
BLACKBERRY               12 CT,10840501945878,12 CT,$33.95,CS,BERRIES
BLACKBERRY (12 CT)   HALF CASE,00840501976622,HALF CASE,$22.14,EA,BERRIES
BLACKBERRY DRISCOLL       1 CT,00840501918462,1 CT,$6.78,EA,BERRIES
BLACKBERRY DRISCOLL       3 CT,00840501970088,3 CT,$11.74,EA,BERRIES
BLACKBERRY DRISCOLL      12 CT,10840501925139,12 CT,$34.20,CS,BERRIES
BLACKBERRY DRISCOLL  HALF CASE,00840501986690,HALF CASE,$19.18,EA,BERRIES
BLUEBERRY                 3 CT,00840501919360,3 CT,$14.24,EA,BERRIES
BLUEBERRY                12 CT,10840501940682,12 CT,$31.04,CS,BERRIES
BLUEBERRY (12 CT)    HALF CASE,00840501975632,HALF CASE,$16.64,EA,BERRIES
BLUEBERRY DRISCOLL        1 CT,00840501918608,1 CT,$8.86,EA,BERRIES
BLUEBERRY DRISCOLL        3 CT,00840501970156,3 CT,$17.99,EA,BERRIES
BLUEBERRY DRISCOLL       12 CT,10840501925207,12 CT,$59.20,CS,BERRIES
BLUEBERRY DRISCOLL ( HALF CASE,00840501986768,HALF CASE,$31.68,EA,BERRIES
BLUEBERRY DRY             5 LB,10840501974038,5 LB,$69.20,CS,DRIED FRUIT
BONIATO                  35 LB,10840501974106,35 LB,$49.20,CS,YAMS
BROCCOLI 14CT            14 CT,10840501969188,14 CT,$29.34,CS,BROCCOLI
BROCCOLI CHINESE         30 LB,10840501994692,30 LB,$84.20,CS,BROCCOLI
BROCCOLI CROWNS           5 LB,00840501964698,5 LB,$9.83,EA,BROCCOLI
BROCCOLI CROWNS          20 LB,10840501933448,20 LB,$32.15,CS,BROCCOLI
BROCCOLI CROWNS          20 LB,10840501933516,20 LB,$26.55,CS,BROCCOLI
BROCCOLI CROWNS (20  HALF CASE,00840501972112,HALF CASE,$18.10,EA,BROCCOLI
BROCCOLI CROWNS ICELESS     CS,10840501942105,CS,$28.31,CS,BROCCOLI
BROCCOLI FLORETS          3 LB,00840501947233,3 LB,$10.51,EA,PROCESSED
BROCCOLI FLORETS        4/3 LB,10840501934292,4/3 LB,$28.81,CS,PROCESSED
BROCCOLI SLAW             4/5#,10840501992483,4/5#,$38.70,CS,PROCESSED
BROCCOLINI               18 CT,10840501937330,18 CT,$40.03,CS,BROCCOLI
BRUSSEL SPROUTS           5 LB,00840501927808,5 LB,$12.23,EA,BRUSSELS
BRUSSEL SPROUTS          25 LB,10840501967726,25 LB,$39.44,CS,BRUSSELS
BRUSSEL SPROUTS (25  HALF CASE,00840501982258,HALF CASE,$24.13,EA,BRUSSELS
BRUSSEL SPROUTS CLEAN & 4X5 LB,10840501977633,4X5 LB,$53.40,CS,PROCESSED
BRUSSEL SPROUTS CLEAN & H 5 LB,00840501977872,5 LB,$16.54,EA,PROCESSED
BRUSSEL SPROUTS SHAVED  4X5 LB,10840501913198,4X5 LB,$58.15,CS,PROCESSED
CABBAGE BOK CHOY          5 LB,00840501949510,5 LB,$8.78,EA,CABBAGE
CABBAGE BOK CHOY         50 LB,10840501933134,50 LB,$49.20,CS,CABBAGE
CABBAGE BOK CHOY (50 HALF CASE,00840501971986,HALF CASE,$26.68,EA,CABBAGE
CABBAGE BOK CHOY BAB HALF CASE,00840501981640,HALF CASE,$24.18,EA,CABBAGE
CABBAGE BOK CHOY BABY    30 LB,10840501966668,30 LB,$44.20,CS,CABBAGE
CABBAGE FINELY SHRED RE 4X5 LB,10840501906336,4X5 LB,$34.30,CS,PROCESSED
CABBAGE FINELY SHRED RED/ 5 LB,10840501906404,5 LB,$15.75,CS,PROCESSED
CABBAGE GREEN             3 CT,00840501949374,3 CT,$9.61,EA,CABBAGE
CABBAGE GREEN             5 LB,00840501997047,5 LB,$6.43,EA,CABBAGE
CABBAGE GREEN            50 LB,10840501922480,50 LB,$25.70,CS,CABBAGE
CABBAGE GREEN (50 LB HALF CASE,00840501967330,HALF CASE,$14.93,EA,CABBAGE
CABBAGE GREEN CHOPPED     5 LB,10840501906572,5 LB,$14.90,CS,PROCESSED
CABBAGE GREEN CHOPPED   4X5 LB,10840501927119,4X5 LB,$30.30,CS,PROCESSED
CABBAGE GREEN CHOPPED 2 4X5 LB,10840501945625,4X5 LB,$30.25,CS,PROCESSED
CABBAGE GREEN CHOPPED 2X2 5 LB,00840501995210,5 LB,$10.75,EA,PROCESSED
CABBAGE GREEN CUT 1X1   4X5 LB,10840501960871,4X5 LB,$30.30,CS,PROCESSED
CABBAGE GREEN DICED 1/2   5 LB,10840501900464,5 LB,$14.50,CS,PROCESSED
CABBAGE GREEN DICED 3/8   5 LB,10840501900228,5 LB,$14.50,CS,PROCESSED
CABBAGE GREEN DICED 4X5L 20 LB,10840501900396,20 LB,$26.15,CS,PROCESSED
CABBAGE GREEN SACK       50 LB,10840501921940,50 LB,$21.20,CS,CABBAGE
CABBAGE GREEN SACK ( HALF CASE,00840501966968,HALF CASE,$12.68,EA,CABBAGE
CABBAGE GREEN SHREDDED    5 LB,00840501954859,5 LB,$9.34,EA,PROCESSED
CABBAGE GREEN SHREDDED  4X5 LB,10840501912955,4X5 LB,$23.17,CS,PROCESSED
CABBAGE NAPA              5 LB,00840501990499,5 LB,$8.58,EA,CABBAGE
CABBAGE NAPA             50 LB,10840501965296,50 LB,$47.20,CS,CABBAGE
CABBAGE NAPA (50 LB) HALF CASE,00840501981268,HALF CASE,$25.68,EA,CABBAGE
CABBAGE NAPA SHREDDED     5 LB,00840501992547,5 LB,$19.66,EA,PROCESSED
CABBAGE NAPA SHREDDED 1 4X5 LB,10840501989506,4X5 LB,$65.90,CS,PROCESSED
CABBAGE RED               3 CT,00840501997115,3 CT,$7.32,EA,CABBAGE
CABBAGE RED               5 LB,00840501933984,5 LB,$8.33,EA,CABBAGE
CABBAGE RED              45 LB,10840501922008,45 LB,$40.70,CS,CABBAGE
CABBAGE RED (45 LB)  HALF CASE,00840501967026,HALF CASE,$22.43,EA,CABBAGE
CABBAGE RED CUT 2X2       5 LB,10840501906640,5 LB,$18.65,CS,PROCESSED
CABBAGE RED SHREDDED      5 LB,00840501914174,5 LB,$9.99,EA,PROCESSED
CABBAGE RED SHREDDED    4X5 LB,10840501979842,4X5 LB,$27.20,CS,PROCESSED
CANTALOPE HALVES        4X5 LB,10840501929335,4X5 LB,$59.40,CS,PROCESSED
CANTALOUPE                3 CT,00840501997429,3 CT,$11.53,EA,MELONS
CANTALOUPE                CASE,10840501934674,CASE,$31.95,CS,MELONS
CANTALOUPE (9-15 CT) HALF CASE,00840501972426,HALF CASE,$15.15,EA,MELONS
CANTALOUPE CHUNKS         5 LB,00840501973737,5 LB,$19.79,EA,PROCESSED
CANTALOUPE CHUNKS       4X5 LB,10840501927423,4X5 LB,$66.40,CS,PROCESSED
CANTALOUPE DICED 1/2    4X5 LB,10840501973741,4X5 LB,$69.40,CS,PROCESSED
CANTALOUPE DICED 1X1    4X5 LB,10840501995071,4X5 LB,$66.30,CS,PROCESSED
CANTALOUPE DICED 3/4    4X5 LB,10840501958441,4X5 LB,$66.40,CS,PROCESSED
CAPED GOOSEBERRY            CS,10840501932991,CS,$64.20,CS,BERRIES
CARNATIONS RED MINI (25-30) BU,10840501910746,BU,$26.45,EA,FLOWERS
CARROT BABY 30/1#         30LB,10840501902208,30LB,$34.95,CS,CARROTS
CARROT BABY BULK          5 LB,00840501964766,5 LB,$9.55,EA,CARROTS
CARROT BABY BULK         25 LB,10840501922091,25 LB,$30.70,CS,CARROTS
CARROT BABY BULK (25 HALF CASE,00840501986522,HALF CASE,$17.43,EA,CARROTS
CARROT BABY BUNCH (FRENC 24 CT,10840501942587,24 CT,$44.20,CS,CARROTS
CARROT BABY PEELED TRICOL 5 LB,10840501991868,5 LB,$23.05,CS,CARROTS
CARROT BABY PEELED W/ TOP 5 LB,10840501965678,5 LB,$22.05,CS,CARROTS
CARROT BABY ROUND (THUMB 24 CT,10840501904417,24 CT,$39.20,CS,CARROTS
CARROT BABY SLIM          5 LB,00840501900146,5 LB,$10.74,EA,CARROTS
CARROT BABY SLIM        4/5 LB,10840501956836,4/5 LB,$29.60,CS,CARROTS
CARROT BIAS CUT         4X5 LB,10840501953477,4X5 LB,$61.40,CS,PROCESSED
CARROT CELLO             48 LB,,48 LB,,CS,CARROTS
CARROT CELLO (48 LB) HALF CASE,,HALF CASE,,EA,CARROTS
CARROT COIN CUT           5 LB,00840501907312,5 LB,$15.05,EA,PROCESSED
CARROT COIN CUT         4X5 LB,10840501968198,4X5 LB,$47.53,CS,PROCESSED
CARROT COIN CUT 1/2       5 LB,00840501905967,5 LB,$14.79,EA,PROCESSED
CARROT COIN CUT 1/2     4X5 LB,10840501990267,4X5 LB,$46.40,CS,PROCESSED
CARROT DICED 1            5 LB,00840501979548,5 LB,$15.79,EA,PROCESSED
CARROT DICED 1          4X5 LB,10840501942419,4X5 LB,$50.40,CS,PROCESSED
CARROT DICED 1 1/2      4X5 LB,10840501976957,4X5 LB,$50.40,CS,PROCESSED
CARROT DICED 1/2          5 LB,00840501991946,5 LB,$15.79,EA,PROCESSED
CARROT DICED 1/2        4X5 LB,10840501991875,4X5 LB,$50.40,CS,PROCESSED
CARROT DICED 2 X2       4X5 LB,10840501959127,4X5 LB,$50.40,CS,PROCESSED
CARROT DICED 3/4          5 LB,00840501996750,5 LB,$16.35,EA,PROCESSED
CARROT DICED 3/4        4X5 LB,10840501996689,4X5 LB,$52.65,CS,PROCESSED
CARROT DICED 3/8          5 LB,00840501914488,5 LB,$9.83,EA,PROCESSED
CARROT DICED 3/8        4X5 LB,10840501918513,4X5 LB,$26.99,CS,PROCESSED
CARROT JULIENNE           5 LB,00840501902508,5 LB,$14.79,EA,PROCESSED
CARROT JULIENNE         4X5 LB,10840501954474,4X5 LB,$46.40,CS,PROCESSED
CARROT JUMBO              5 LB,00840501992615,5 LB,$6.93,EA,CARROTS
CARROT JUMBO             25 LB,00840501901754,25 LB,$17.43,CS,CARROTS
CARROT JUMBO             50 LB,10840501922244,50 LB,$39.01,CS,CARROTS
CARROT JUMBO             50 LB,10840501963698,50 LB,$32.05,CS,CARROTS
CARROT JUMBO  (50 LB HALF CASE,00840501980964,HALF CASE,$18.05,EA,CARROTS
CARROT JUMBO (50 LB) HALF CASE,00840501967194,HALF CASE,$24.45,EA,CARROTS
CARROT MATCH STICKS     4X5 LB,10840501920561,4X5 LB,$41.15,CS,PROCESSED
CARROT MEDIUM TABLE      25 LB,10840501974892,25 LB,$27.20,CS,CARROTS
CARROT MEDIUM TABLE      50 LB,10840501945489,50 LB,$45.20,CS,CARROTS
CARROT MIXED COLOR       25 LB,10840501971839,25 LB,$35.20,CS,CARROTS
CARROT PEELED             5 LB,00840501921936,5 LB,$14.54,EA,PROCESSED
CARROT PEELED           4X5 LB,10840501918681,4X5 LB,$45.40,CS,PROCESSED
CARROT SHREDDED MED 1.5 4X5 LB,10840501963766,4X5 LB,$27.17,CS,PROCESSED
CARROT SHREDDED MED 1.5-2 5 LB,00840501954231,5 LB,$9.58,EA,PROCESSED
CARROT STICKS             5 LB,00840501978923,5 LB,$14.26,EA,PROCESSED
CARROT STICKS           4X5 LB,10840501954306,4X5 LB,$35.17,CS,PROCESSED
CAULIFLOWER               1 CT,00840501906032,1 CT,$6.36,EA,CAULIFLOWER
CAULIFLOWER               3 CT,00840501948698,3 CT,$10.49,EA,CAULIFLOWER
CAULIFLOWER               9 CT,10840501974410,9 CT,$35.20,CS,CAULIFLOWER
CAULIFLOWER              12 CT,10840501933998,12 CT,$34.69,CS,CAULIFLOWER
CAULIFLOWER              16 CT,10840501911279,16 CT,$29.20,CS,CAULIFLOWER
CAULIFLOWER (12 CT)  HALF CASE,00840501972280,HALF CASE,$16.50,EA,CAULIFLOWER
CAULIFLOWER (16 CT)  HALF CASE,00840501986072,HALF CASE,$16.68,EA,CAULIFLOWER
CAULIFLOWER FLORETS       5 LB,00840501910596,5 LB,$16.55,EA,PROCESSED
CAULIFLOWER FLORETS     4X5 LB,10840501916915,4X5 LB,$53.45,CS,PROCESSED
CAULIFLOWER PURPLE       12 CT,10840501944017,12 CT,$46.20,CS,CAULIFLOWER
CAULIFLOWER TRICOLOR      6 CT,10840501951947,6 CT,$55.20,CS,CAULIFLOWER
CELERY                    3 CT,00840501997283,3 CT,$7.06,EA,CELERY
CELERY                    6 CT,00840501992783,6 CT,$9.82,EA,CELERY
CELERY                   12 CT,00840501943419,12 CT,$14.50,EA,CELERY
CELERY                   24 CT,10840501934742,24 CT,$43.25,CS,CELERY
CELERY                   30 CT,10840501937569,30 CT,$43.25,CS,CELERY
CELERY                   36 CT,10840501922558,36 CT,$35.23,CS,CELERY
CELERY (30 CT)       HALF CASE,00840501986836,HALF CASE,$18.10,EA,CELERY
CELERY (36 CT)       HALF CASE,00840501967408,HALF CASE,$18.10,EA,CELERY
CELERY DICED 1            5 LB,00840501934592,5 LB,$15.04,EA,PROCESSED
CELERY DICED 1          4X5 LB,10840501934667,4X5 LB,$47.40,CS,PROCESSED
CELERY DICED 1/2          5 LB,00840501930778,5 LB,$14.79,EA,PROCESSED
CELERY DICED 1/2        4X5 LB,10840501998102,4X5 LB,$46.40,CS,PROCESSED
CELERY DICED 1/4          5 LB,00840501979463,5 LB,$15.04,EA,PROCESSED
CELERY DICED 1/4        4X5 LB,10840501918759,4X5 LB,$47.40,CS,PROCESSED
CELERY DICED 3/8        4X5 LB,10840501908798,4X5 LB,$47.40,CS,PROCESSED
CELERY JULIENNE           5 LB,00840501930914,5 LB,$17.04,EA,PROCESSED
CELERY JULIENNE         4X5 LB,10840501930843,4X5 LB,$55.40,CS,PROCESSED
CELERY ROOT              25 LB,10840501978616,25 LB,$44.20,CS,CELERY
CELERY ROOT (25 LB)  HALF CASE,00840501983934,HALF CASE,$24.18,EA,CELERY
CELERY SLICED 1/4         5 LB,00840501931072,5 LB,$17.04,EA,PROCESSED
CELERY SLICED 1/4       4X5 LB,10840501999710,4X5 LB,$55.40,CS,PROCESSED
CELERY STICKS             5 LB,00840501931140,5 LB,$17.19,EA,PROCESSED
CELERY STICKS           4X5 LB,10840501980664,4X5 LB,$55.52,CS,PROCESSED
CELERY STICKS 2X4         5 LB,10840501979538,5 LB,$25.55,EA,PROCESSED
CHEESE FETA AND OLIVES MARINTD,10093936531363,4/3.1 LB,$116.54,CS,VEG-MISC
CHERRY DRY                5 LB,10840501927980,5 LB,$52.20,CS,DRIED FRUIT
CHERVIL                   1 LB,10840501937897,1 LB,$29.05,CS,HERBS
CHERVIL                   4 OZ,00840501949770,4 OZ,$10.68,EA,HERBS
CHERVIL                HALF LB,00840501980582,HALF LB,$17.05,EA,HERBS
CHILE ANCHO               1 LB,00840501930624,1 LB,$10.05,LB,CHILES
CHILE ANCHO               5 LB,00840501948834,5 LB,$33.05,EA,CHILES
CHILE ANCHO              20 LB,10840501905650,20 LB,$66.20,CS,CHILES
CHILE ANCHO              25 LB,10840501939624,25 LB,$148.20,CS,CHILES
CHILE ARBOL FRESH        20 LB,10840501922473,20 LB,$79.20,CS,CHILES
CHILE ARBOL JAPONES       1 LB,00840501921400,1 LB,$6.46,EA,CHILES
CHILE ARBOL JAPONES       5 LB,00840501934363,5 LB,$15.09,EA,CHILES
CHILE ARBOL JAPONES      30 LB,10840501922619,30 LB,$69.20,CS,CHILES
CHILE ARBOL MEXICAN       1 LB,00840501930792,1 LB,$8.69,EA,CHILES
CHILE ARBOL MEXICAN       5 LB,00840501937494,5 LB,$26.25,EA,CHILES
CHILE ARBOL MEXICAN      25 LB,10840501934438,25 LB,$114.20,CS,CHILES
CHILE CASCABEL            1 LB,00840501930860,1 LB,$6.89,LB,CHILES
CHILE CASCABEL           25 LB,10840501934056,25 LB,$69.20,CS,CHILES
CHILE CASCABEL NEW MEXIC 25 LB,10840501937187,25 LB,$114.20,CS,CHILES
CHILE CHIPOTLE            1 LB,10840501931307,1 LB,$17.90,EA,CHILES
CHILE CHIPOTLE           25 LB,10840501994081,25 LB,$209.20,CS,CHILES
CHILE GUAJILLO            1 LB,00840501930938,1 LB,$7.49,EA,CHILES
CHILE GUAJILLO            5 LB,00840501948902,5 LB,$20.25,EA,CHILES
CHILE GUAJILLO           25 LB,10840501934506,25 LB,$84.20,CS,CHILES
CHILE MORITA              1 LB,00840501927754,1 LB,$8.49,CS,CHILES
CHILE MORITA             25 LB,10840501990021,25 LB,$109.20,CS,CHILES
CHILE MULATO              1 LB,10840501931161,1 LB,$15.20,EA,CHILES
CHILE PAPRIKA            25 LB,10840501937019,25 LB,$84.20,CS,CHILES
CHILE PASILLA             1 LB,00840501931096,1 LB,$9.53,EA,CHILES
CHILE PASILLA            25 LB,10840501906565,25 LB,$135.20,CS,CHILES
CHILE PIQUIN              1 LB,10840501934445,1 LB,$41.20,EA,CHILES
CHILE PUYA                1 LB,00840501931232,1 LB,$8.69,EA,CHILES
CHILE PUYA               25 LB,10840501944871,25 LB,$114.20,CS,CHILES
CHIVES                    1 LB,10840501939181,1 LB,$21.70,CS,HERBS
CHIVES                    4 OZ,00840501937722,4 OZ,$6.68,EA,HERBS
CHRISTMAS FRUIT BASKET    1 CT,10840501907333,1 CT,$49.20,CS,CHRISTMAS
CILANTRO                  1 LB,00840501943280,1 LB,$5.29,LB,CILANTRO
CILANTRO                  3 CT,00840501919674,3 CT,$5.29,EA,CILANTRO
CILANTRO                  6 CT,00840501919759,6 CT,$6.28,EA,CILANTRO
CILANTRO                 12 CT,00840501923169,12 CT,$8.25,EA,CILANTRO
CILANTRO                 30 CT,10840501984556,30 CT,$22.20,CS,CILANTRO
CILANTRO                 60 CT,10840501922930,60 CT,$27.84,CS,CILANTRO
CILANTRO (60 CT)     HALF CASE,00840501967644,HALF CASE,$22.41,EA,CILANTRO
CILANTRO ICELESS         60 CT,10840501911415,60 CT,$20.30,CS,CILANTRO
CLEMENTINE                5 LB,00840501908548,5 LB,$11.24,EA,CITRUS
CLEMENTINE              4/5 LB,10840501908613,4/5 LB,$32.20,CS,CITRUS
COCONUT                  30 CT,10840501944260,30 CT,$64.20,CS,COCONUTS
COCONUT (30 CT)      HALF CASE,00840501976172,HALF CASE,$34.18,EA,COCONUTS
COCONUT YOUNG PEELED      9 CT,10840501941733,9 CT,$49.20,CS,COCONUTS
COLESLAW 3-WAY            5 LB,00840501993391,5 LB,$9.23,EA,PROCESSED
COLESLAW 3-WAY          4X5 LB,10840501959356,4X5 LB,$23.17,CS,PROCESSED
COLESLAW DICED            5 LB,00840501957676,5 LB,$12.30,EA,PROCESSED
COLESLAW DICED          4X5 LB,10840501921247,4X5 LB,$36.45,CS,PROCESSED
COLLARD GREENS           24 CT,10840501944024,24 CT,$28.05,CS,GREENS
COLLARD GREENS (24 C HALF CASE,00840501968023,HALF CASE,$16.10,EA,GREENS
CORN INDIAN              36 CT,10840501963216,36 CT,$39.20,CS,HALLOWEEN
CORN INDIAN FINGER       48 CT,10840501963384,48 CT,$41.20,CS,HALLOWEEN
CORN INDIAN STRAWBERRY   48 CT,10840501963452,48 CT,$41.20,CS,HALLOWEEN
CORN YELLOW               3 CT,00840501902362,3 CT,$8.16,EA,CORN
CORN YELLOW               6 CT,00840501949206,6 CT,$12.01,EA,CORN
CORN YELLOW              12 CT,00840501945253,12 CT,$19.73,EA,CORN
CORN YELLOW              48 CT,10840501923234,48 CT,$68.15,CS,CORN
CORN YELLOW (48 CT)  HALF CASE,00840501967880,HALF CASE,$35.15,EA,CORN
CRANBERRY DRY             5 LB,10840501972508,5 LB,$27.20,CS,DRIED FRUIT
CRANBERRY FRESH          24 CT,10840501945328,24 CT,$52.20,CS,CRANBERRIES
CRANBERRY FRESH 12OZ      1 CT,00840501919070,1 CT,$6.29,EA,CRANBERRIES
CUCUMBER                  5 LB,00840501993469,5 LB,$6.94,EA,CUCUMBERS
CUCUMBER                 40 LB,10840501934124,40 LB,$49.15,CS,CUCUMBERS
CUCUMBER (40 LB)     HALF CASE,00840501972358,HALF CASE,$14.85,EA,CUCUMBERS
CUCUMBER DICED 1/2 WITH 4X5 LB,10840501985003,4X5 LB,$77.40,CS,PROCESSED
CUCUMBER DICED 1/4  W/O 4X5 LB,10840501980671,4X5 LB,$77.40,CS,PROCESSED
CUCUMBER DICED 1/4  W/O S 5 LB,00840501985174,5 LB,$22.54,CS,PROCESSED
CUCUMBER DICED 1X1  W/O 4X5 LB,10840501984631,4X5 LB,$77.40,CS,PROCESSED
CUCUMBER ENGLISH      12-16 CT,10840501971204,12-16 CT,$22.52,CS,CUCUMBERS
CUCUMBER ENGLISH (12 HALF CASE,00840501983002,HALF CASE,$13.73,EA,CUCUMBERS
CUCUMBER PERSIAN         20 LB,10840501932137,20 LB,$35.20,CS,CUCUMBERS
CUCUMBER PICKLING        20 LB,10840501973598,20 LB,$47.20,CS,CUCUMBERS
CUCUMBER SLICED/COIN 1/ 4X5 LB,10840501941504,4X5 LB,$69.40,CS,PROCESSED
CUCUMBER SLICED/COIN 1/4  5 LB,00840501925835,5 LB,$20.54,EA,PROCESSED
CURRANTS DRY              5 LB,10840501918063,5 LB,$32.20,CS,DRIED FRUIT
CURRANTS DRY ZANTE        5 LB,10840501963391,5 LB,$29.20,CS,DRIED FRUIT
DAIKON KOREAN (MOON)     40 LB,10840501974656,40 LB,$39.20,CS,DAIKON
DAIKON ROOT              40 LB,10840501969942,40 LB,$41.20,CS,DAIKON
DAIKON ROOT (40 LB)  HALF CASE,00840501982494,HALF CASE,$22.68,EA,DAIKON
DANDELION GREENS         24 CT,,24 CT,$28.05,CS,GREENS
DATES MEDJOOL DRY        10 LB,10840501929106,10 LB,$71.20,CS,DRIED FRUIT
DILL                      1 LB,10840501934995,1 LB,$17.20,CS,HERBS
DILL                      4 OZ,00840501936732,4 OZ,$5.61,EA,HERBS
DILL                   HALF LB,00840501977780,HALF LB,$9.80,EA,HERBS
DRAGON FRUIT              9 CT,10840501917387,9 CT,$39.20,CS,MELONS
EGGPLANT                  3 CT,00840501902126,3 CT,$8.09,EA,EGGPLANT
EGGPLANT              18-24 CT,10840501929410,18-24 CT,$28.20,CS,EGGPLANT
EGGPLANT (18-24 CT)  HALF CASE,00840501970682,HALF CASE,$15.68,EA,EGGPLANT
EGGPLANT CHINESE          1 LB,00840501921714,1 LB,$5.85,LB,EGGPLANT
EGGPLANT CHINESE          5 LB,00840501965756,5 LB,$10.76,EA,EGGPLANT
EGGPLANT CHINESE         30 LB,10840501970382,30 LB,$43.20,CS,EGGPLANT
EGGPLANT CHINESE (30 HALF CASE,00840501982708,HALF CASE,$23.68,EA,EGGPLANT
EGGPLANT DICED 1/4      4X5 LB,10840501954399,4X5 LB,$105.90,CS,PROCESSED
EGGPLANT INDIAN          25 LB,10840501917608,25 LB,$59.20,CS,EGGPLANT
ENDIVE BELGIUM           10 LB,10840501965814,10 LB,$46.20,CS,ENDIVE
ENDIVE BELGIUM RED        8 LB,10840501976322,8 LB,$57.20,CS,ENDIVE
ENDIVE CURLY             24 CT,10840501985928,24 CT,$54.20,CS,ENDIVE
EPAZOTE                  24 CT,10840501953002,24 CT,$19.05,CS,HERBS
FAJITA MIX                5 LB,00840501980117,5 LB,$22.08,EA,PROCESSED
FAJITA MIX              4X5 LB,10840501930782,4X5 LB,$75.55,CS,PROCESSED
FENNEL                    3 CT,00840501997351,3 CT,$8.14,EA,FENNEL
FENNEL                   12 CT,00840501965367,12 CT,$19.68,CS,FENNEL
FENNEL                   24 CT,10840501998898,24 CT,$35.20,CS,FENNEL
FENNEL BABY              24 CT,10840501903809,24 CT,$69.20,CS,FENNEL
FIGS BLACK DRY            5 LB,10840501932762,5 LB,$44.20,CS,DRIED FRUIT
FIGS BLACK FRESH          1 CS,10840501909788,1 CS,$64.20,CS,FIGS
FIGS BLACK FRESH          CASE,10840501966743,CASE,$64.20,CS,FIGS
FLOWERS EDIBLE ALYSSUM   50 CT,,50 CT,$23.45,CS,FLOWERS
FLOWERS EDIBLE MARIGOLD  50 CT,10840501998805,50 CT,$18.40,CS,FLOWERS
FLOWERS EDIBLE MIX       50 CT,10840501939860,50 CT,$22.85,CS,FLOWERS
FLOWERS EDIBLE ORCHIDS  100 CT,10840501974588,100 CT,$23.70,CS,FLOWERS
FRUIT MEDLEY            4X5 LB,10840501928109,4X5 LB,$75.40,CS,PROCESSED
GARLIC GRANULATED         5 LB,10840501951886,5 LB,$21.85,CS,GARLIC
GARLIC PEELED             5 LB,00840501924081,5 LB,$19.11,EA,GARLIC
GARLIC PEELED             5 LB,00840501960485,5 LB,$19.11,EA,GARLIC
GARLIC PEELED         HALFCASE,00840501968016,HALFCASE,$33.93,EA,GARLIC
GARLIC PEELED   (4X5  HALFCASE,00840501968184,HALFCASE,$33.93,EA,GARLIC
GARLIC PEELED  CS       4X5 LB,10840501923852,4X5 LB,$63.70,CS,GARLIC
GARLIC PEELED  CS       4X5 LB,10840501923395,4X5 LB,$63.25,CS,GARLIC
GARLIC PEELED (CAL ZEST 4X5 LB,,4X5 LB,$87.40,CS,GARLIC
GARLIC PEELED (CAL ZESTY) 5 LB,,5 LB,$25.04,EA,GARLIC
GARLIC PEELED CS        4X5 LB,10840501923920,4X5 LB,$63.70,CS,GARLIC
GARLIC POWDER             5 LB,10840501936586,5 LB,$24.20,EA,GARLIC
GARLIC WHOLE              5 LB,00840501999331,5 LB,$15.43,EA,GARLIC
GARLIC WHOLE             30 LB,10840501923616,30 LB,$71.20,CS,GARLIC
GARLIC WHOLE (30 LB) HALF CASE,00840501967958,HALF CASE,$37.68,EA,GARLIC
GINGER ROOT               1 LB,00840501933076,1 LB,$5.53,LB,GINGER
GINGER ROOT               5 LB,00840501920182,5 LB,$10.43,EA,GINGER
GINGER ROOT              30 LB,10840501938634,30 LB,$41.20,CS,GINGER
GINGER ROOT (30 LB)  HALF CASE,00840501974642,HALF CASE,$22.68,EA,GINGER
GOURDS                   40 LB,10840501972362,40 LB,$39.20,CS,HALLOWEEN
GRAPE GREEN SEEDLESS      2 LB,00840501939245,2 LB,$7.53,EA,GRAPES
GRAPE GREEN SEEDLESS     19 LB,10840501950650,19 LB,$35.73,CS,GRAPES
GRAPE GREEN SEEDLESS HALF CASE,00840501977926,HALF CASE,$18.83,EA,GRAPES
GRAPE RED DESTEM          5 LB,00840501936886,5 LB,$27.79,EA,PROCESSED
GRAPE RED DESTEM        4X5 LB,10840501984488,4X5 LB,$98.40,CS,PROCESSED
GRAPE RED SEEDLESS        2 LB,00840501939313,2 LB,$7.22,EA,GRAPES
GRAPE RED SEEDLESS       19 LB,10840501951572,19 LB,$32.73,CS,GRAPES
GRAPE RED SEEDLESS ( HALF CASE,00840501978220,HALF CASE,$17.45,EA,GRAPES
GRAPEFRUIT                3 CT,00840501998273,3 CT,$6.60,EA,CITRUS
GRAPEFRUIT               40 LB,10840501936890,40 LB,$41.20,CS,CITRUS
GRAPEFRUIT (40 LB)   HALF CASE,00840501973584,HALF CASE,$22.68,EA,CITRUS
GRAPEFRUIT JUICE        6/64oz,10840501985546,6/64oz,$40.00,CS,JUICES
GRAPEFRUIT JUICE      1ct/64oz,00840501909484,1ct/64oz,$7.26,EA,JUICES
GUACAMOLE FRESH ORIG BLEND HPP,10074865862896,4/2 LB,$44.75,CS,GUACAMOLE BLEND
GUACAMOLE FRESH PICO BLEND HPP,00734730467757,6/2 LB,$78.37,CS,GUACAMOLE BLEND
GUAVA 10 LB                 CS,10840501908095,CS,$45.20,CS,GUAVA
HOJA CONCHA (CORN HUSK 24/1 LB,10840501923302,24/1 LB,$115.20,CS,CORN
HOJA CONCHA (CORN HUSK)   1 CT,00840501919766,1 CT,$8.91,EA,CORN
HOJA CONCHA (CORN HUSK)   1 LB,00840501927990,1 LB,$8.91,LB,CORN
HONEYDEW                  3 CT,00840501948766,3 CT,$17.83,EA,MELONS
HONEYDEW (6-8 CT)    HALF CASE,00840501985150,HALF CASE,$12.52,EA,MELONS
HONEYDEW 6 CT             6 CT,10840501986086,6 CT,$20.99,CS,MELONS
HONEYDEW 8 CT             8 CT,10840501993473,8 CT,$31.50,CS,MELONS
HONEYDEW CHUNKS           5 LB,00840501973669,5 LB,$19.23,EA,PROCESSED
HONEYDEW CHUNKS         4X5 LB,10840501927591,4X5 LB,$64.15,CS,PROCESSED
HONEYDEW DICED 1/2      4X5 LB,10840501973673,4X5 LB,$67.15,CS,PROCESSED
HONEYDEW DICED 1X1      4X5 LB,10840501994913,4X5 LB,$67.15,CS,PROCESSED
HONEYDEW DICED 3/4      4X5 LB,10840501958519,4X5 LB,$67.15,CS,PROCESSED
HONEYDEW HALVES         4X5 LB,10840501929199,4X5 LB,$59.15,CS,PROCESSED
JAMAICA                   5 LB,00840501928966,5 LB,$47.72,EA,HERBS
JAMAICA                  50 LB,10840501908859,50 LB,$264.05,CS,HERBS
JICAMA                    5 LB,00840501900214,5 LB,$7.69,EA,JICAMA
JICAMA                   35 LB,10840501930614,35 LB,$28.20,CS,JICAMA
JICAMA (35 LB)       HALF CASE,00840501970996,HALF CASE,$16.18,EA,JICAMA
JICAMA DICED 1/2  4/5LB 4X5 LB,10840501900914,4X5 LB,$63.05,CS,PROCESSED
JICAMA JULIENNE           5 LB,00840501910350,5 LB,$20.68,EA,PROCESSED
JICAMA JULIENNE         4X5 LB,10840501900693,4X5 LB,$69.95,CS,PROCESSED
JICAMA MATCHSTIX        4X5 LB,10840501958137,4X5 LB,$69.95,CS,PROCESSED
JICAMA PEELED             5 LB,00840501994909,5 LB,$18.08,EA,PROCESSED
JICAMA PEELED           4X5 LB,10840501975646,4X5 LB,$59.55,CS,PROCESSED
JICAMA STICKS             5 LB,00840501928898,5 LB,$18.49,EA,PROCESSED
JICAMA STICKS           4X5 LB,10840501928727,4X5 LB,$61.20,CS,PROCESSED
KALE CABBAGE BLEND      4/2 LB,10840501992551,4/2 LB,$30.85,CS,PROCESSED
KALE GREEN                1 LB,00840501951346,1 LB,$5.39,LB,KALE
KALE GREEN                6 CT,00840501970392,6 CT,$9.73,EA,KALE
KALE GREEN               24 CT,10840501936722,24 CT,$25.27,CS,KALE
KALE GREEN (24 CT)   HALF CASE,00840501973416,HALF CASE,$15.23,EA,KALE
KALE GREEN BABY           3 LB,10840501954535,3 LB,$18.99,CS,KALE
KALE GREEN CHOP       4/2.5 LB,10840501965685,4/2.5 LB,$44.00,CS,PROCESSED
KALE GREEN CHOPPED 5/1  5/1 LB,10840501901140,5/1 LB,$25.30,CS,PROCESSED
KALE GREEN SHREDDED 2.5 2.5 LB,10840501902680,2.5 LB,$18.65,CS,PROCESSED
KALE GREEN WASHED     4/2.5 LB,10840501971211,4/2.5 LB,$27.75,CS,PROCESSED
KALE RAINBOW CHOP       4/2 LB,10840501965517,4/2 LB,$29.50,CS,PROCESSED
KALE RAINBOW CHOP       4/2 LB,10840501983870,4/2 LB,$30.85,CS,PROCESSED
KALE TUSCAN (LACINAT HALF CASE,00840501980650,HALF CASE,$20.68,CS,KALE
KALE TUSCAN (LACINATO)   24 CT,10840501962394,24 CT,$37.20,CS,KALE
KIWI                      3 CT,00840501900382,3 CT,$5.90,EA,KIWI
KIWI                     39 CT,10840501936654,39 CT,$25.20,CS,KIWI
KIWI PEELED & SLICED      5 LB,10840501952241,5 LB,$60.45,EA,PROCESSED
KOHLRABI MEDIUM GREEN    12 CT,10840501904103,12 CT,$49.20,CS,KOHLRABI
KOREAN RADISH            40 LB,10840501910296,40 LB,$37.20,CS,RADISHES
KUMQUATS                  5 LB,10840501968952,5 LB,$59.20,CS,KUMQUAT
LAVENDER                  1 LB,10840501921643,1 LB,$28.80,CS,HERBS
LEAVES FALL(HARSTONE OAK)   BU,10840501917691,BU,$22.70,CS,CHRISTMAS
LEAVES LEMON                BU,10840501946554,BU,$18.05,EA,LEAVES
LEAVES PALM (COMMODORE)     BU,10840501972980,BU,$15.20,EA,LEAVES
LEEKS                     1 LB,,1 LB,,LB,LEEKS
LEEKS                     3 CT,00840501900450,3 CT,$11.99,EA,LEEKS
LEEKS                    12 CT,10840501970900,12 CT,$35.20,CS,LEEKS
LEEKS (12 CT)        HALF CASE,00840501982876,HALF CASE,$19.68,EA,LEEKS
LEMON GRASS               1 LB,00840501935360,1 LB,$5.41,LB,HERBS
LEMON GRASS               3 LB,00840501954552,3 LB,$7.72,EA,HERBS
LEMON GRASS              40 LB,10840501971822,40 LB,$48.05,CS,HERBS
LEMON JUICE               1 CT,00840501907640,1 CT,$9.69,EA,JUICES
LEMON JUICE             9/64OZ,10840501957826,9/64OZ,$53.00,CS,JUICES
LEMON SLICES (WHEELS)     5 LB,00840501975274,5 LB,$16.84,EA,PROCESSED
LEMON SLICES (WHEELS)   4X5 LB,10840501975103,4X5 LB,$54.60,CS,PROCESSED
LEMON WEDGES            4X5 LB,10840501919121,4X5 LB,$47.40,CS,PROCESSED
LEMON WEDGES 5LB          5 LB,10840501901218,5 LB,$24.95,CS,PROCESSED
lemons,563780,,$45.60,case,
LEMONS                    5 LB,00840501989295,5 LB,$8.58,EA,CITRUS
LEMONS                   10 LB,00840501901686,10 LB,$12.86,EA,CITRUS
LEMONS 165 FANCY         165CT,10840501924842,165CT,$41.27,CS,CITRUS
LEMONS 165 FANCY 165 HALF CASE,00840501968566,HALF CASE,$22.43,EA,CITRUS
LEMONS 165 SUNKIST       165CT,10840501925061,165CT,$39.70,CS,CITRUS
LEMONS 200 FANCY        200 CT,10840501947858,200 CT,$40.20,CS,CITRUS
LEMONS CHOICE            12 CT,00840501976561,12 CT,$6.93,EA,CITRUS
LEMONS CHOICE            95 CT,10840501924910,95 CT,$37.70,CS,CITRUS
LEMONS CHOICE           140 CT,10840501942280,140 CT,$36.27,CS,CITRUS
LEMONS CHOICE           165 CT,10840501924460,165 CT,$36.27,CS,CITRUS
LEMONS CHOICE           200 CT,10840501924774,200 CT,$36.77,CS,CITRUS
LEMONS CHOICE           235 CT,10840501924538,235 CT,$33.77,CS,CITRUS
LEMONS CHOICE (165 C HALF CASE,00840501968252,HALF CASE,$20.35,EA,CITRUS
LEMONS CHOICE (200CT HALF CASE,00840501968498,HALF CASE,$20.35,EA,CITRUS
LEMONS CHOICE (235 C HALF CASE,00840501968320,HALF CASE,$20.43,EA,CITRUS
LEMONS MEYER             10 LB,10840501994838,10 LB,$53.20,CS,CITRUS
LETTUCE BABY GREEN OAK    2 LB,10840501975882,2 LB,$30.20,CS,LETTUCE
LETTUCE BABY RED OAK      2 LB,10840501964138,2 LB,$24.20,CS,LETTUCE
LETTUCE BOSTON           24 CT,10840501938252,24 CT,$28.45,CS,LETTUCE
LETTUCE BOSTON (24 C HALF CASE,00840501974260,HALF CASE,$16.30,EA,LETTUCE
LETTUCE BOSTON HYDRO     12 CT,10840501963520,12 CT,$32.20,CS,LETTUCE
LETTUCE BOSTON HYDRO HALF CASE,00840501980896,HALF CASE,$18.18,EA,LETTUCE
LETTUCE ESCAROLE         24 CT,10840501952494,24 CT,$59.20,CS,LETTUCE
LETTUCE FRISEE BABY      24 CT,10840501965982,24 CT,$33.20,CS,LETTUCE
LETTUCE GREEN LEAF        1 CT,00840501904816,1 CT,$5.26,EA,LETTUCE
LETTUCE GREEN LEAF        6 CT,00840501964834,6 CT,$10.49,EA,LETTUCE
LETTUCE GREEN LEAF       24 CT,10840501926068,24 CT,$27.35,CS,LETTUCE
LETTUCE GREEN LEAF ( HALF CASE,00840501968948,HALF CASE,$15.80,EA,LETTUCE
LETTUCE GREEN LEAF FILET 10 LB,10840501970764,10 LB,$27.61,CS,PROCESSED
LETTUCE ICEBERG           3 CT,00840501901518,3 CT,$7.96,EA,LETTUCE
LETTUCE ICEBERG           6 CT,00840501964902,6 CT,$11.61,EA,LETTUCE
LETTUCE ICEBERG BABY     40 CT,10840501909849,40 CT,$63.20,CS,LETTUCE
LETTUCE ICEBERG CHOPPED   5 LB,00840501979227,5 LB,$9.49,EA,PROCESSED
LETTUCE ICEBERG CHOPPED 4X5 LB,10840501979156,4X5 LB,$25.10,CS,PROCESSED
LETTUCE ICEBERG LINE HALF CASE,00840501979210,HALF CASE,$16.88,EA,LETTUCE
LETTUCE ICEBERG LINER    24 CT,10840501955532,24 CT,$33.30,CS,LETTUCE
LETTUCE LITTLE GEM GREEN 24 CT,10840501903663,24 CT,$33.20,CS,LETTUCE
LETTUCE LOLLA ROSA        2 LB,10840501957062,2 LB,$24.20,CS,LETTUCE
LETTUCE RED LEAF          1 CT,00840501911050,1 CT,$5.26,EA,LETTUCE
LETTUCE RED LEAF          6 CT,00840501965060,6 CT,$11.24,EA,LETTUCE
LETTUCE RED LEAF         24 CT,10840501936968,24 CT,$27.55,CS,LETTUCE
LETTUCE RED LEAF (24 HALF CASE,00840501973652,HALF CASE,$15.80,EA,LETTUCE
LETTUCE ROMAINE           6 CT,00840501965138,6 CT,$11.61,EA,LETTUCE
LETTUCE ROMAINE          24 CT,10840501925900,24 CT,$29.53,CS,LETTUCE
LETTUCE ROMAINE (24  HALF CASE,00840501968870,HALF CASE,$17.00,EA,LETTUCE
LETTUCE ROMAINE BABY GREE 2 LB,10840501946622,2 LB,$24.20,CS,LETTUCE
LETTUCE ROMAINE BABY RED  2 LB,10840501981968,2 LB,$24.20,CS,LETTUCE
LETTUCE ROMAINE CHOPPED   2 LB,00840501981107,2 LB,$7.93,EA,PROCESSED
LETTUCE ROMAINE CHOPPED 6/2 LB,10840501957512,6/2 LB,$24.60,CS,PROCESSED
LETTUCE ROMAINE HEAR HALF CASE,00840501979074,HALF CASE,$17.58,EA,LETTUCE
LETTUCE ROMAINE HEARTS   48 CT,10840501954788,48 CT,$32.94,CS,LETTUCE
LETTUCE ROMAINE HEARTS 1 36 CT,10840501911804,36 CT,$35.00,CS,LETTUCE
LETTUCE ROMAINE SHREDDE 4X5 LB,10840501946790,4X5 LB,$60.25,CS,PROCESSED
LETTUCE ROMAINE SHREDDED  5 LB,00840501985617,5 LB,$18.25,EA,PROCESSED
LETTUCE SAL MIX RED CAB/ROM/CR,10074865402887,4/5 LB,$28.94/$7.24,CS/EA,VEG FRESH CUT
LETTUCE SAL MIX SEPARATE FRESH,10074865102084,4/5 LB,$29.91/$7.48,CS/EA,VEG FRESH CUT
LETTUCE SHREDDED          5 LB,00840501979609,5 LB,$9.74,EA,PROCESSED
LETTUCE SHREDDED        4X5 LB,10840501940996,4X5 LB,$23.27,CS,PROCESSED
LETTUCE SWISS CHARD GREE 12 CT,10840501976490,12 CT,$42.20,CS,LETTUCE
LETTUCE SWISS CHARD GREEN 1 CT,00840501914952,1 CT,$7.45,EA,LETTUCE
LETTUCE SWISS CHARD GREEN 1 LB,00840501949220,1 LB,$6.82,LB,LETTUCE
LETTUCE SWISS CHARD GREEN 3 CT,00840501998587,3 CT,$13.74,EA,LETTUCE
LETTUCE SWISS CHARD RED  12 CT,10840501962912,12 CT,$42.20,CS,LETTUCE
LIME JUICE                1 CT,00840501907572,1 CT,$9.72,EA,JUICES
LIME JUICE 9 CT CS      9/64OZ,10840501957994,9/64OZ,$53.20,CS,JUICES
LIME SLICES (WHEELS)      5 LB,00840501973294,5 LB,$42.35,EA,PROCESSED
LIME SLICES (WHEELS)    4X5 LB,10840501973123,4X5 LB,$156.65,CS,PROCESSED
LIME WEDGES             4X5 LB,10840501995750,4X5 LB,$52.40,CS,PROCESSED
LIME WEDGES 5LB           5 LB,10840501905414,5 LB,$35.75,CS,PROCESSED
LIMES                     5 LB,00840501919742,5 LB,$13.64,EA,CITRUS
LIMES                    12 CT,00840501938019,12 CT,$8.97,EA,CITRUS
LIMES                   110 CT,10840501924156,110 CT,$81.20,CS,CITRUS
LIMES                   150 CT,10840501925450,150 CT,$49.65,CS,CITRUS
LIMES                   175 CT,10840501925146,175 CT,$80.20,CS,CITRUS
LIMES                   200 CT,10840501925214,200 CT,$81.20,CS,CITRUS
LIMES                   250 CT,10840501955150,250 CT,$42.70,CS,CITRUS
LIMES (150 CT)       HALF CASE,00840501968702,HALF CASE,$42.68,EA,CITRUS
LIMES (200 CT)       HALF CASE,00840501968634,HALF CASE,$26.85,EA,CITRUS
LIMES 200 CT             10 LB,00840501989127,10 LB,$15.58,EA,CITRUS
LIMES KEY                 2 LB,00840501981275,2 LB,$7.46,EA,CITRUS
LIMES KEY              17/2 LB,10840501902673,17/2 LB,$58.20,CS,CITRUS
LO MEIN BLEND             5 LB,00840501911968,5 LB,$32.89,EA,PROCESSED
LO MEIN BLEND           4X5 LB,10840501934285,4X5 LB,$118.80,CS,PROCESSED
LONG STEM STRAWBERRY        CS,10840501946004,CS,$41.70,CS,BERRIES
LOTUS ROOT               40 LB,10840501984310,40 LB,$69.20,CS,LOTUS
MANGO                     3 CT,00840501997733,3 CT,$12.13,EA,MANGOES
MANGO                     9 CT,10840501977558,9 CT,$22.70,CS,MANGOES
MANGO                  7-12 CT,10840501947926,7-12 CT,$22.70,CS,MANGOES
MANGO (7-12 CT)      HALF CASE,00840501976936,HALF CASE,$13.43,EA,MANGOES
MANGO DICED 1/2   5 LB    5 LB,10840501993091,5 LB,$58.40,CS,PROCESSED
MANGO DICED 1/4           5 LB,00840501933434,5 LB,$35.99,EA,PROCESSED
MANGO DICED 1/4         4X5 LB,10840501933509,4X5 LB,$131.20,CS,PROCESSED
MANGO DRY                 5 LB,10840501914249,5 LB,$35.20,CS,DRIED FRUIT
MANGO DRY CHILI           1 LB,10840501949081,1 LB,$13.15,LB,DRIED FRUIT
MANGO GREEN            7-12 CT,10840501936340,7-12 CT,$44.20,CS,MANGOES
MANGO HALF & CLEANED    4X5 LB,10840501908170,4X5 LB,$206.00,CS,PROCESSED
MANGO WHOLE PEELED 4/5# 4X5 LB,10840501916236,4X5 LB,$206.00,CS,PROCESSED
MARJORAM                  1 LB,10840501935985,1 LB,$24.05,CS,HERBS
MELON BITTER             30 LB,10840501970146,30 LB,$59.20,CS,MELONS
MELON KIWANO  HORNED      9 CT,10840501947476,9 CT,$89.20,CS,MELONS
MICRO ARRUGULA            8 OZ,10840501903427,8 OZ,$29.20,CS,MICROS
MICRO ASIAN MIX LOCAL     8 OZ,10840501985300,8 OZ,$31.20,CS,MICROS
MICRO BASIL               4 OZ,10840501944895,4 OZ,$23.70,CS,MICROS
MICRO BEETS GREEN LOCAL   8 OZ,10840501940811,8 OZ,$29.20,CS,MICROS
MICRO CELERY              4 OZ,10840501946011,4 OZ,$24.20,CS,MICROS
MICRO CILANTRO            4 OZ,10840501944727,4 OZ,$25.20,CS,MICROS
MICRO GREENS BULLS BLOOD  8 OZ,10840501990946,8 OZ,$29.20,CS,MICROS
MICRO GREENS RAINBOW LOCA 8 OZ,10840501946240,8 OZ,$30.20,CS,MICROS
MICRO MEDDITERANEAN MIX   8 OZ,10840501960543,8 OZ,$26.20,CS,MICROS
MICRO POPCORN SHOOTS      8 OZ,10840501987526,8 OZ,$34.20,CS,MICROS
MICRO RADISH GREENS       8 OZ,10840501913563,8 OZ,$25.20,CS,MICROS
MICRO SHISO               4 OZ,10840501952197,4 OZ,$23.20,CS,MICROS
MICRO SORREL LOCAL        4 OZ,10840501921575,4 OZ,$23.20,CS,MICROS
MICRO SPICY MIX (INTENSIT 8 OZ,10840501954931,8 OZ,$26.20,CS,MICROS
MICRO WATERCRESS          8 OZ,10840501913631,8 OZ,$29.20,CS,MICROS
MINT                      1 LB,10840501932465,1 LB,$16.95,CS,HERBS
MINT                      4 OZ,00840501936800,4 OZ,$5.55,EA,HERBS
MINT                   HALF LB,00840501974956,HALF LB,$9.55,EA,HERBS
MINUTE MAID CRUNCH      4X5 LB,10840501980367,4X5 LB,$73.40,CS,PROCESSED
MUSHROOM BEECH BROWN      9 CT,10840501918520,9 CT,$29.70,CS,MUSHROOMS
MUSHROOM BEECH BROWN     24 CT,10840501988820,24 CT,$24.70,CS,MUSHROOMS
MUSHROOM BEECH BROWN     40 CT,10840501918902,40 CT,$54.70,CS,MUSHROOMS
MUSHROOM BEECH WHITE      9 CT,10840501988752,9 CT,$29.70,CS,MUSHROOMS
MUSHROOM BEECH WHITE     40 CT,,40 CT,$54.70,CS,MUSHROOMS
MUSHROOM BUTTON          10 LB,10840501941290,10 LB,$33.95,CS,MUSHROOMS
MUSHROOM CELLO            1 CT,00840501905738,1 CT,$6.03,EA,MUSHROOMS
MUSHROOM CELLO           12 CT,10840501930478,12 CT,$25.20,CS,MUSHROOMS
MUSHROOM CHANTRELLES DRY  1 LB,10840501950667,1 LB,$174.20,CS,MUSHROOMS
MUSHROOM CRIMINI          5 LB,10840501940446,5 LB,$23.70,CS,MUSHROOMS
MUSHROOM CRIMINI SLICED   5 LB,10840501968716,5 LB,$24.70,CS,MUSHROOMS
MUSHROOM ENOKI              CS,10840501947162,CS,$54.95,CS,MUSHROOMS
MUSHROOM FOREST BLEND DRY 1 LB,10840501950117,1 LB,$31.70,CS,MUSHROOMS
MUSHROOM GENERIC         10 LB,10840501940132,10 LB,$29.20,CS,MUSHROOMS
MUSHROOM KING OYSTER      5 LB,10840501916397,5 LB,$49.20,CS,MUSHROOMS
MUSHROOM LARGE CAPS      10 LB,10840501941429,10 LB,$49.20,CS,MUSHROOMS
MUSHROOM MAITAKI 5LB CASE   CS,10840501985485,CS,$66.70,CS,MUSHROOMS
MUSHROOM MEDIUM           5 LB,,5 LB,,CS,MUSHROOMS
MUSHROOM MEDIUM          10 LB,10840501940828,10 LB,$29.20,CS,MUSHROOMS
MUSHROOM MEDIUM CAPS     10 LB,10840501994142,10 LB,$32.20,CS,MUSHROOMS
MUSHROOM MOREL DRY        1 LB,10840501934131,1 LB,$178.20,CS,MUSHROOMS
MUSHROOM OYSTER           5 LB,10840501939938,5 LB,$39.20,CS,MUSHROOMS
MUSHROOM PORCINI DRY      1 LB,10840501934209,1 LB,$50.95,CS,MUSHROOMS
MUSHROOM PORTABELLINI     5 LB,10840501965432,5 LB,$27.70,CS,MUSHROOMS
MUSHROOM PORTABELLO 6     5 LB,10840501940378,5 LB,$25.65,CS,MUSHROOMS
MUSHROOM PORTABELLO CAP   5 LB,10840501957130,5 LB,$32.20,CS,MUSHROOMS
MUSHROOM PORTABELLO CAP S 5 LB,,5 LB,$25.20,CS,MUSHROOMS
MUSHROOM PORTABELLO MEDIU 5 LB,10840501940064,5 LB,$23.70,CS,MUSHROOMS
MUSHROOM SHITAKI          5 LB,10840501941122,5 LB,$45.20,CS,MUSHROOMS
MUSHROOM SHITAKI SLICED  5 LBS,10840501978173,5 LBS,$50.20,CS,MUSHROOMS
MUSHROOM SILVER/LARGE    10 LB,10840501940750,10 LB,$31.65,CS,MUSHROOMS
MUSHROOM SLICED          10 LB,10840501941672,10 LB,$30.20,CS,MUSHROOMS
MUSHROOM TRUMPET FRESH   10 LB,10840501963087,10 LB,$49.20,CS,MUSHROOMS
MUSHROOM WILD/MIXED       5 LB,10840501995996,5 LB,$31.20,CS,MUSHROOMS
MUSTARD GREENS           24 CT,10840501942112,24 CT,$28.05,CS,GREENS
MX - Fresh Lemon juice,515433,9/cs,$5.90,each,
NECTARINES               25 LB,10840501937408,25 LB,$59.20,CS,NECTARINES
NECTARINES YELLOW        20 LB,10840501990571,20 LB,$59.20,CS,NECTARINES
NOPAL CON ESPINA         40 LB,10840501947612,40 LB,$24.20,CS,CACTUS
NOPAL DICED CELLO         1 CT,00840501905592,1 CT,$6.00,EA,CACTUS
NOPAL DICED CELLO        48 CT,10840501935725,48 CT,$86.20,CS,CACTUS
NOPAL PEELED             24 LB,10840501966118,24 LB,$49.20,CS,CACTUS
NOPAL PEELED HUGO        24 LB,,24 LB,,CS,CACTUS
OKRA                     15 LB,10840501953248,15 LB,$39.20,CS,OKRA
ONION CIPPOLINI          10 LB,10840501923470,10 LB,$37.45,CS,ONIONS
ONION CIPPOLINI WHOLE P 4/5 LB,10840501965739,4/5 LB,$89.70,CS,ONIONS
ONION CIPPOLINI WHOLE PEE 5 LB,00840501974666,5 LB,$25.61,EA,ONIONS
ONION GREEN               3 CT,00840501900764,3 CT,$6.59,EA,ONIONS
ONION GREEN               6 CT,00840501998655,6 CT,$8.89,EA,ONIONS
ONION GREEN              40 CT,10840501961243,40 CT,$57.20,CS,ONIONS
ONION GREEN (48 CT)  HALF CASE,00840501969556,HALF CASE,$22.65,EA,ONIONS
ONION GREEN DICED / CHO 4X5 LB,10840501921179,4X5 LB,$92.40,CS,PROCESSED
ONION GREEN DICED / CHOPP 5 LB,00840501984627,5 LB,$26.29,EA,PROCESSED
ONION GREEN ICELESS       2 LB,00840501993773,2 LB,$11.69,EA,ONIONS
ONION GREEN ICELESS      12 CT,00840501945703,12 CT,,EA,ONIONS
ONION GREEN ICELESS     4/2 LB,10840501951022,4/2 LB,$28.15,CS,ONIONS
ONION GREEN ICELESS  HALF CASE,00840501978152,HALF CASE,$19.08,EA,ONIONS
ONION GREEN MEXICAN      24 CT,10840501951718,24 CT,$27.15,CS,ONIONS
ONION GREEN MEXICAN  HALF CASE,00840501978398,HALF CASE,$15.65,CS,ONIONS
ONION GREEN MEXICAN 40-44 BNCH,10840501917530,40-44 BNCH,$27.15,CS,ONIONS
ONION PEARL GOLD       12/10OZ,10840501977176,12/10OZ,$51.20,CS,ONIONS
ONION PEARL PEELED        5 LB,10840501969331,5 LB,$29.35,EA,PROCESSED
ONION PEARL PEELED      4X5 LB,10840501931697,4X5 LB,$90.20,CS,PROCESSED
ONION PEARL RED        12/10OZ,10840501942594,12/10OZ,$36.05,CS,ONIONS
ONION PEARL WHITE      12/10OZ,10840501977008,12/10OZ,$37.95,CS,ONIONS
ONION PEARL WHITE PEELE 4/5 LB,10840501991561,4/5 LB,$89.70,CS,ONIONS
ONION PEARL WHITE PEELED  5 LB,10840501991639,5 LB,$30.70,CS,ONIONS
ONION RED DICED 1     5LB 5 LB,10840501901690,5 LB,$19.50,CS,PROCESSED
ONION RED DICED 1/2       5 LB,00840501905349,5 LB,$15.29,EA,PROCESSED
ONION RED DICED 1/2     4X5 LB,10840501905278,4X5 LB,$48.40,CS,PROCESSED
ONION RED DICED 1/4       5 LB,00840501921554,5 LB,$15.29,EA,PROCESSED
ONION RED DICED 1/4     4X5 LB,10840501947544,4X5 LB,$48.40,CS,PROCESSED
ONION RED DICED 1X1     4X5 LB,10840501976643,4X5 LB,$78.20,CS,PROCESSED
ONION RED JULIENNE        5 LB,00840501930396,5 LB,$15.26,EA,PROCESSED
ONION RED JULIENNE      4X5 LB,10840501918995,4X5 LB,$48.30,CS,PROCESSED
ONION RED JUMBO           5 LB,00840501992851,5 LB,$7.74,EA,ONIONS
ONION RED JUMBO          25 LB,10840501926686,25 LB,$21.02,CS,ONIONS
ONION RED JUMBO (25  HALF CASE,00840501969310,HALF CASE,$12.91,EA,ONIONS
ONION RED JUMBO SWEET    40 LB,,40 LB,,CS,ONIONS
ONION RED MEDIUM         25 LB,10840501926754,25 LB,$19.15,CS,ONIONS
ONION RED PEELED          5 LB,00840501930600,5 LB,$14.29,EA,PROCESSED
ONION RED PEELED        4X5 LB,10840501901133,4X5 LB,$44.40,CS,PROCESSED
ONION RED RING 1/2        5 LB,00840501934738,5 LB,$19.79,EA,PROCESSED
ONION RED RING 1/2      4X5 LB,10840501934803,4X5 LB,$66.40,CS,PROCESSED
ONION RED RING 1/4        5 LB,00840501930464,5 LB,$22.29,EA,PROCESSED
ONION RED RING 1/4      4X5 LB,10840501995378,4X5 LB,$76.40,CS,PROCESSED
ONION RED RING 1/4  W/  4X5 LB,10840501945557,4X5 LB,$66.40,CS,PROCESSED
ONION RED RING 1/8        5 LB,00840501968962,5 LB,$19.79,EA,PROCESSED
ONION RED RING 1/8      4X5 LB,10840501920875,4X5 LB,$66.40,CS,PROCESSED
ONION RED SLICED 1/4      5 LB,00840501930532,5 LB,$15.26,EA,PROCESSED
ONION RED SLICED 1/4    4X5 LB,10840501928345,4X5 LB,$48.30,CS,PROCESSED
ONION RED SLIVER          5 LB,00840501936190,5 LB,$15.29,EA,PROCESSED
ONION RED SLIVER        4X5 LB,10840501936029,4X5 LB,$48.40,CS,PROCESSED
ONION SUPER SWEET        40 LB,10840501955235,40 LB,$49.20,EA,ONIONS
ONION SWEET PERUVIAN     40 LB,10840501905711,40 LB,$39.20,CS,ONIONS
ONION WHITE DICED 1/2     5 LB,00840501977322,5 LB,$15.29,EA,PROCESSED
ONION WHITE DICED 1/2   4X5 LB,10840501977251,4X5 LB,$48.40,CS,PROCESSED
ONION WHITE DICED 3/8   4X5 LB,10840501978852,4X5 LB,$48.40,CS,PROCESSED
ONION WHITE JULIENNE      5 LB,00840501903505,5 LB,$15.26,EA,PROCESSED
ONION WHITE JULIENNE    4X5 LB,10840501952869,4X5 LB,$48.30,CS,PROCESSED
ONION WHITE JUMBO         1 CT,00840501909866,1 CT,$4.64,EA,ONIONS
ONION WHITE JUMBO         5 LB,00840501907930,5 LB,$6.33,EA,ONIONS
ONION WHITE JUMBO        10 LB,00840501992929,10 LB,$8.35,EA,ONIONS
ONION WHITE JUMBO        50 LB,10840501926440,50 LB,$33.23,CS,ONIONS
ONION WHITE JUMBO (5 HALF CASE,00840501969242,HALF CASE,$14.43,EA,ONIONS
ONION WHITE MEDIUM       50 LB,10840501926518,50 LB,$24.70,CS,ONIONS
ONION WHITE PEELED      4X5 LB,10840501928581,4X5 LB,$43.10,CS,PROCESSED
ONION WHITE RING 1/4    4X5 LB,10840501932373,4X5 LB,$36.40,CS,PROCESSED
ONION WHITE SLICED 1/4  4X5 LB,10840501989438,4X5 LB,$66.40,CS,PROCESSED
ONION WHITE SLICED 1/4  W 5 LB,00840501928652,5 LB,$19.79,EA,PROCESSED
ONION YELLOW COLOSSA HALF CASE,00840501969174,HALF CASE,$12.33,EA,ONIONS
ONION YELLOW COLOSSAL     1 LB,00840501938262,1 LB,$4.62,LB,ONIONS
ONION YELLOW COLOSSAL    50 LB,10840501926372,50 LB,$20.50,CS,ONIONS
ONION YELLOW DICED 1/2    5 LB,00840501966128,5 LB,$13.79,EA,PROCESSED
ONION YELLOW DICED 1/2  4X5 LB,10840501938245,4X5 LB,$42.40,CS,PROCESSED
ONION YELLOW DICED 1/4    5 LB,00840501976332,5 LB,$13.79,EA,PROCESSED
ONION YELLOW DICED 1/4  4X5 LB,10840501976261,4X5 LB,$42.40,CS,PROCESSED
ONION YELLOW DICED 1X1    5 LB,00840501966050,5 LB,$13.79,EA,PROCESSED
ONION YELLOW DICED 1X1' 4X5 LB,10840501943263,4X5 LB,$42.40,CS,PROCESSED
ONION YELLOW DICED 3/4    5 LB,00840501957362,5 LB,$14.14,EA,PROCESSED
ONION YELLOW DICED 3/4  4X5 LB,10840501957291,4X5 LB,$43.80,CS,PROCESSED
ONION YELLOW DICED 3/8    5 LB,00840501949688,5 LB,$15.54,EA,PROCESSED
ONION YELLOW DICED 3/8  4X5 LB,10840501995446,4X5 LB,$35.36,CS,PROCESSED
ONION YELLOW JULIENNE     5 LB,00840501949992,5 LB,$13.79,EA,PROCESSED
ONION YELLOW JULIENNE   4X5 LB,10840501912719,4X5 LB,$42.40,CS,PROCESSED
ONION YELLOW JUMBO        1 CT,00840501909798,1 CT,$4.65,EA,ONIONS
ONION YELLOW JUMBO        5 LB,00840501900832,5 LB,$5.86,EA,ONIONS
ONION YELLOW JUMBO       10 LB,00840501993087,10 LB,$7.41,EA,ONIONS
ONION YELLOW JUMBO       50 LB,10840501926136,50 LB,$26.48,CS,ONIONS
ONION YELLOW JUMBO 5 HALF CASE,00840501969006,HALF CASE,$14.82,EA,ONIONS
ONION YELLOW MED WHOLE  4X5 LB,10840501932908,4X5 LB,$29.20,CS,PROCESSED
ONION YELLOW MED WHOLE PE 5 LB,00840501994220,5 LB,$10.49,EA,PROCESSED
ONION YELLOW MEDIUM      50 LB,10840501926204,50 LB,$19.50,CS,ONIONS
ONION YELLOW RING 1/16    5 LB,00840501951322,5 LB,$18.54,EA,PROCESSED
ONION YELLOW RING 1/16  4X5 LB,10840501951497,4X5 LB,$61.40,CS,PROCESSED
ONION YELLOW RING 1/2     5 LB,00840501959977,5 LB,$18.54,EA,PROCESSED
ONION YELLOW RING 1/2   4X5 LB,10840501935343,4X5 LB,$61.40,CS,PROCESSED
ONION YELLOW RING 1/4   4X5 LB,10840501942976,4X5 LB,$61.40,CS,PROCESSED
ONION YELLOW RING 1/4  W/ 5 LB,00840501979234,5 LB,$18.54,EA,PROCESSED
ONION YELLOW RING 1/8     5 LB,00840501951186,5 LB,$18.54,EA,PROCESSED
ONION YELLOW RING 1/8   4X5 LB,10840501951015,4X5 LB,$61.40,CS,PROCESSED
ONION YELLOW RING 3/8   4X5 LB,10840501983719,4X5 LB,$61.40,CS,PROCESSED
ONION YELLOW SLICED       5 LB,00840501954613,5 LB,$16.53,EA,PROCESSED
ONION YELLOW SLICED     4X5 LB,10840501970696,4X5 LB,$53.35,CS,PROCESSED
ONION YELLOW SLIVER       5 LB,00840501936336,5 LB,$13.79,EA,PROCESSED
ONION YELLOW SLIVER     4X5 LB,10840501936265,4X5 LB,$42.40,CS,PROCESSED
ONION YELLOW SWEET 1015   1 LB,00840501953494,1 LB,$5.17,LB,ONIONS
ORANGE                    5 LB,00840501933816,5 LB,$8.21,EA,CITRUS
ORANGE                   12 CT,00840501944331,12 CT,$8.76,EA,CITRUS
ORANGE                   88 CT,10840501927430,88 CT,$35.27,CS,CITRUS
ORANGE                   88 CT,10840501927508,88 CT,$42.50,CS,CITRUS
ORANGE                  138 CT,10840501975400,138 CT,$35.27,CS,CITRUS
ORANGE (138 CT)      HALF CASE,00840501983484,HALF CASE,$22.03,EA,CITRUS
ORANGE 88 SUNKIST        10 LB,00840501997801,10 LB,$12.11,EA,CITRUS
ORANGE BLOOD             10 LB,10840501978487,10 LB,$24.20,CS,CITRUS
ORANGE BLOOD             20 LB,10840501943034,20 LB,$33.20,CS,CITRUS
ORANGE CALIFORNIA         72CT,10840501912580,72CT,$34.30,CS,CITRUS
ORANGE CALIFORNIA        113CT,10840501975585,113CT,$48.95,CS,CITRUS
ORANGE CALIFORNIA (8 HALF CASE,00840501969624,HALF CASE,$23.28,EA,CITRUS
ORANGE CALIFORNIA 88 HALF CASE,00840501969792,HALF CASE,$23.28,EA,CITRUS
ORANGE FRESH JUICE 100CT-138CT,70000000000009,1/BOX,$55.85,CS,REGULAR
ORANGE JUICE FRESH       1 GAL,00840501932604,1 GAL,$15.74,EA,JUICES
ORANGE JUICE FRESH    4/ 1 GAL,10840501957758,4/ 1 GAL,$50.20,CS,JUICES
ORANGE PINEAPPLE CP JUICE 1 CT,10840501903687,1 CT,$25.90,EA,JUICES
ORANGE SLICES (WHEELS)    5 LB,00840501996132,5 LB,$19.91,EA,PROCESSED
ORANGE SLICES (WHEELS)  4X5 LB,10840501983573,4X5 LB,$66.90,CS,PROCESSED
ORANGE WEDGES NO SKIN F 4X5 LB,10840501903366,4X5 LB,$63.20,CS,PROCESSED
ORANGE WEDGES NO SKIN FRE 5 LB,00840501903437,5 LB,$18.99,EA,PROCESSED
ORANGE WEDGES WITH SKIN 4X5 LB,10840501904592,4X5 LB,$68.45,CS,PROCESSED
ORANGE WEDGES WITH SKIN F 5 LB,00840501904663,5 LB,$20.30,EA,PROCESSED
OREGANO DRY               1 LB,10840501937347,1 LB,$11.35,CS,HERBS
OREGANO FRESH             1 LB,10840501931611,1 LB,$18.95,CS,HERBS
OREGANO FRESH             4 OZ,00840501936978,4 OZ,$5.68,EA,HERBS
OREGANO FRESH          HALF LB,00840501973270,HALF LB,$10.55,EA,HERBS
PAPAYA BRAZILIAN          9 CT,10840501980732,9 CT,$42.20,CS,PAPAYAS
PAPAYA CHINESE GREEN     35 LB,10840501992230,35 LB,$37.20,CS,PAPAYAS
PAPAYA DICED 1  5 LB      5 LB,10840501997815,5 LB,$34.55,CS,PROCESSED
PAPAYA DRY                5 LB,10840501937637,5 LB,$56.20,CS,DRIED FRUIT
PAPAYA MEX                3 CT,00840501902058,3 CT,$14.99,EA,PAPAYAS
PAPAYA MEX               40 LB,10840501950964,40 LB,$47.20,CS,PAPAYAS
PARSLEY (60 CT)      HALF CASE,00840501970750,HALF CASE,$18.18,EA,PARSLEY
PARSLEY CURLY             1 CT,00840501905660,1 CT,$4.76,EA,PARSLEY
PARSLEY CURLY             1 LB,00840501943358,1 LB,$5.69,LB,PARSLEY
PARSLEY CURLY             3 CT,00840501919810,3 CT,$5.69,EA,PARSLEY
PARSLEY CURLY            12 CT,00840501930303,12 CT,$9.85,EA,PARSLEY
PARSLEY CURLY            60 CT,10840501930164,60 CT,$32.20,CS,PARSLEY
PARSLEY ITALIAN           3 CT,00840501919988,3 CT,$5.69,EA,PARSLEY
PARSLEY ITALIAN          12 CT,00840501929895,12 CT,$9.85,EA,PARSLEY
PARSLEY ITALIAN          60 CT,10840501961168,60 CT,$32.20,CS,PARSLEY
PARSLEY ITALIAN (60  HALF CASE,00840501980278,HALF CASE,$18.18,EA,PARSLEY
PARSNIP                   5 LB,00840501949060,5 LB,$19.40,EA,PARSNIPS
PARSNIP                  20 LB,10840501987458,20 LB,$42.20,CS,PARSNIPS
PARSNIPS DICED 1          5 LB,00840501979784,5 LB,$38.26,EA,PROCESSED
PARSNIPS DICED 1        4X5 LB,10840501942341,4X5 LB,$140.30,CS,PROCESSED
PARSNIPS DICED 1/2        5 LB,00840501982890,5 LB,$38.26,EA,PROCESSED
PARSNIPS DICED 1/2     4/5# CS,10840501982965,4/5# CS,$140.30,CS,PROCESSED
PARSNIPS DICED 3/4        5 LB,00840501996514,5 LB,$38.26,EA,PROCESSED
PARSNIPS DICED 3/4      4X5 LB,10840501996443,4X5 LB,$140.30,CS,PROCESSED
PARSNIPS WHOLE PEELED     5 LB,00840501956150,5 LB,$30.89,EA,PROCESSED
PARSNIPS WHOLE PEELED   4X5 LB,10840501956065,4X5 LB,$110.80,CS,PROCESSED
PASSION FRUIT               CS,10840501943102,CS,$59.20,CS,PASSION FRUI
PASTE HERB SMASHFRY,00080731169375,2/2 LB,$29.35,CS,MISC.
PEA SHOOTS                8 OZ,10840501945243,8 OZ,$19.70,CS,PEAS
PEACHES                   5 LB,00840501938170,5 LB,$12.75,EA,PEACHES
PEACHES  WHITE           25 LB,10840501914553,25 LB,$54.20,CS,PEACHES
PEACHES DRY               5 LB,10840501989742,5 LB,$51.20,CS,DRIED FRUIT
PEACHES YELLOW           25 LB,10840501943584,25 LB,$46.70,CS,PEACHES
PEACHES YELLOW (25 L HALF CASE,00840501976004,HALF CASE,$25.43,EA,PEACHES
PEARS ASIAN                 CS,10840501940989,CS,$49.20,CS,PEARS
PEARS BARTLETT           90 CT,10840501980596,90 CT,$42.95,CS,PEARS
PEARS BARTLETT          120 CT,10840501917523,120 CT,$40.10,CS,PEARS
PEARS BARTLETT          135 CT,10840501967276,135 CT,$42.95,CS,PEARS
PEARS BARTLETT (135  HALF CASE,00840501982012,HALF CASE,$23.50,EA,PEARS
PEARS BARTLETT (90 C HALF CASE,00840501984238,HALF CASE,$23.50,EA,PEARS
PEARS BOSC                5 LB,00840501996293,5 LB,$9.01,EA,PEARS
PEARS BOSC               90 CT,10840501979088,90 CT,$42.10,CS,PEARS
PEARS BOSC              110 CT,10840501982644,110 CT,$42.10,CS,PEARS
PEARS BOSC              135 CT,10840501952944,135 CT,$42.10,CS,PEARS
PEARS BOSC (135 CT)  HALF CASE,00840501978466,HALF CASE,$23.13,EA,PEARS
PEARS BOSC (90 CT)   HALF CASE,00840501984092,HALF CASE,$23.13,EA,PEARS
PEARS DANJOU              5 LB,00840501996361,5 LB,$8.88,EA,PEARS
PEARS DANJOU             90 CT,10840501984860,90 CT,$42.95,CS,PEARS
PEARS DANJOU            110 CT,10840501982194,110 CT,$41.10,CS,PEARS
PEARS DANJOU            120 CT,10840501908477,120 CT,$41.10,CS,PEARS
PEARS DANJOU            135 CT,10840501939792,135 CT,$42.95,CS,PEARS
PEARS DANJOU (120 CT HALF CASE,00840501985846,HALF CASE,$22.63,EA,PEARS
PEARS DANJOU (135 CT HALF CASE,00840501975328,HALF CASE,$22.63,EA,PEARS
PEARS DANJOU (150 CT HALF CASE,00840501984788,HALF CASE,$22.63,EA,PEARS
PEARS DANJOU (90 CT) HALF CASE,00840501984924,HALF CASE,$23.50,EA,PEARS
PEARS DRY                 5 LB,10840501959349,5 LB,$53.20,CS,DRIED FRUIT
PEARS RED                   CS,10840501985850,CS,$44.20,CS,PEARS
PEAS BLACKEYE            50 LB,10840501924392,50 LB,$67.70,CS,BEANS
PEAS ENGLISH             10 LB,10840501966040,10 LB,$39.20,CS,PEAS
PEAS SNOW                10 LB,10840501940200,10 LB,$25.85,CS,PEAS
PEAS SNOW (10 LB)    HALF CASE,00840501975564,HALF CASE,$19.85,EA,PEAS
PEAS SUGAR SNAP           1 LB,00840501930242,1 LB,$6.74,LB,PEAS
PEAS SUGAR SNAP          10 LB,10840501971068,10 LB,$27.76,CS,PEAS
PEAS SUGAR SNAP (10  HALF CASE,00840501982944,HALF CASE,$16.48,EA,PEAS
PEP BELL TRI-COLOR DICE 4X5 LB,10840501980121,4X5 LB,$76.40,CS,PROCESSED
PEP BELL TRI-COLOR DICED  5 LB,00840501980292,5 LB,$22.29,EA,PROCESSED
PEP BELL TRI-COLOR JULI 4X5 LB,10840501988523,4X5 LB,$93.65,CS,PROCESSED
PEP RED/GRN/YELONION DC 4X5 LB,10840501903984,4X5 LB,$93.10,CS,PROCESSED
PEP RED/GRN/YELONION DCD  5 LB,00840501904045,5 LB,$26.46,EA,PROCESSED
PEPPER ANAHEIM           18 LB,10840501928666,18 LB,$45.20,CS,PEPPERS
PEPPER ANAHEIM       HALF CASE,00840501970378,HALF CASE,$24.68,EA,PEPPERS
PEPPER BANANA            20 LB,10840501987380,20 LB,$56.20,CS,PEPPERS
PEPPER BANANA        HALF CASE,00840501985228,HALF CASE,$30.18,EA,PEPPERS
PEPPER BELL DCD GRN/RED 4X5 LB,10840501929403,4X5 LB,$103.35,CS,PROCESSED
PEPPER BELL GREEN           CS,10840501928116,CS,$40.23,CS,PEPPERS
PEPPER BELL GREEN         5 LB,00840501993841,5 LB,$13.40,EA,PEPPERS
PEPPER BELL GREEN    HALF CASE,00840501969860,HALF CASE,$27.05,EA,PEPPERS
PEPPER BELL GREEN DICED   5 LB,00840501915782,5 LB,$21.88,EA,PROCESSED
PEPPER BELL GREEN DICED 1 5 LB,00840501959663,5 LB,$21.90,EA,PROCESSED
PEPPER BELL GREEN DICED 1 5 LB,00840501910282,5 LB,$21.90,EA,PROCESSED
PEPPER BELL GREEN DICED 1 5 LB,00840501940296,5 LB,$24.10,EA,PROCESSED
PEPPER BELL GREEN DICED 3 5 LB,00840501957508,5 LB,$21.90,EA,PROCESSED
PEPPER BELL GREEN DICED 4X5 LB,10840501901447,4X5 LB,$74.85,CS,PROCESSED
PEPPER BELL GREEN DICED 4X5 LB,10840501912887,4X5 LB,$74.85,CS,PROCESSED
PEPPER BELL GREEN DICED 4X5 LB,10840501939099,4X5 LB,$74.75,CS,PROCESSED
PEPPER BELL GREEN DICED 4X5 LB,10840501939549,4X5 LB,$83.65,CS,PROCESSED
PEPPER BELL GREEN DICED 4X5 LB,10840501957437,4X5 LB,$74.85,CS,PROCESSED
PEPPER BELL GREEN DICED 4X5 LB,10840501908484,4X5 LB,$74.85,CS,PROCESSED
PEPPER BELL GREEN JULIE 4X5 LB,10840501964060,4X5 LB,$74.75,CS,PROCESSED
PEPPER BELL GREEN JULIENN 5 LB,00840501950028,5 LB,$21.88,EA,PROCESSED
PEPPER BELL GREEN LARGE  25 LB,10840501922787,25 LB,$26.15,CS,PEPPERS
PEPPER BELL GREEN MEDIUM 25 LB,10840501914935,25 LB,$49.95,CS,PEPPERS
PEPPER BELL GREEN SLICE 4X5 LB,10840501912269,4X5 LB,$74.85,CS,PROCESSED
PEPPER BELL GREEN SLICED  5 LB,00840501921622,5 LB,$21.90,EA,PROCESSED
PEPPER BELL GREEN SLIVE 4X5 LB,10840501936647,4X5 LB,$74.85,CS,PROCESSED
PEPPER BELL GREEN SLIVER  5 LB,00840501936718,5 LB,$21.90,EA,PROCESSED
PEPPER BELL MINI SWEET      CS,10840501955907,CS,$47.20,CS,PEPPERS
PEPPER BELL MINI SWEET  8/1 LB,10840501974809,8/1 LB,$47.20,CS,PEPPERS
PEPPER BELL ORANGE DICE 4X5 LB,10840501993787,4X5 LB,$116.55,CS,PROCESSED
PEPPER BELL RED             CS,10840501928284,CS,$36.63,CS,PEPPERS
PEPPER BELL RED           5 LB,00840501992301,5 LB,$12.55,EA,PEPPERS
PEPPER BELL RED          12 CT,00840501942665,12 CT,$12.55,EA,PEPPERS
PEPPER BELL RED      HALF CASE,00840501969938,HALF CASE,$24.93,EA,PEPPERS
PEPPER BELL RED DICED 1   5 LB,00840501940678,5 LB,$22.79,EA,PROCESSED
PEPPER BELL RED DICED 1 4X5 LB,10840501976711,4X5 LB,$71.20,CS,PROCESSED
PEPPER BELL RED DICED 1 4X5 LB,10840501918827,4X5 LB,$71.20,CS,PROCESSED
PEPPER BELL RED DICED 1 4X5 LB,10840501929571,4X5 LB,$71.20,CS,PROCESSED
PEPPER BELL RED DICED 1 4X5 LB,10840501939617,4X5 LB,$78.40,CS,PROCESSED
PEPPER BELL RED DICED 1/2 5 LB,00840501977490,5 LB,$20.99,EA,PROCESSED
PEPPER BELL RED DICED 1/4 5 LB,00840501959731,5 LB,$20.99,EA,PROCESSED
PEPPER BELL RED DICED 2 4X5 LB,10840501929649,4X5 LB,$71.20,CS,PROCESSED
PEPPER BELL RED DICED 3 4X5 LB,10840501908552,4X5 LB,$71.20,CS,PROCESSED
PEPPER BELL RED JULIENN 4X5 LB,10840501960932,4X5 LB,$71.20,CS,PROCESSED
PEPPER BELL RED JULIENNE  5 LB,00840501950196,5 LB,$20.99,EA,PROCESSED
PEPPER BELL RED RINGS     5 LB,10840501989681,5 LB,$41.35,CS,PROCESSED
PEPPER BELL RED SLICED  4X5 LB,10840501912337,4X5 LB,$71.20,CS,PROCESSED
PEPPER BELL RED SLICED 1/ 5 LB,00840501977940,5 LB,$20.99,EA,PROCESSED
PEPPER BELL RED SLIVER    5 LB,00840501936572,5 LB,$20.99,EA,PROCESSED
PEPPER BELL RED SLIVER  4X5 LB,10840501936401,4X5 LB,$71.20,CS,PROCESSED
PEPPER BELL YELLOW          CS,10840501923098,CS,$48.04,CS,PEPPERS
PEPPER BELL YELLOW        5 LB,00840501902430,5 LB,$11.05,EA,PEPPERS
PEPPER BELL YELLOW ( HALF CASE,00840501967712,HALF CASE,$21.18,EA,PEPPERS
PEPPER BELL YELLOW DICE 4X5 LB,10840501976889,4X5 LB,$91.20,CS,PROCESSED
PEPPER BELL YELLOW DICE 4X5 LB,10840501980435,4X5 LB,$91.20,CS,PROCESSED
PEPPER BELL YELLOW DICE 4X5 LB,10840501985478,4X5 LB,$106.70,CS,PROCESSED
PEPPER BELL YELLOW DICE 4X5 LB,10840501939785,4X5 LB,$91.20,CS,PROCESSED
PEPPER BELL YELLOW DICED  5 LB,00840501980506,5 LB,$25.99,EA,PROCESSED
PEPPER BELL YELLOW DICED  5 LB,00840501984795,5 LB,$29.86,EA,PROCESSED
PEPPER BELL YELLOW DICED  5 LB,00840501940364,5 LB,$25.99,EA,PROCESSED
PEPPER BELL YELLOW JULI 4X5 LB,10840501959592,4X5 LB,$91.20,CS,PROCESSED
PEPPER BELL YELLOW JULIEN 5 LB,00840501960621,5 LB,$25.99,EA,PROCESSED
PEPPER BELL YELLOW RINGS  5 LB,10840501989759,5 LB,$35.65,CS,PROCESSED
PEPPER BELL YELLOW SLIC 4X5 LB,10840501953927,4X5 LB,$91.20,CS,PROCESSED
PEPPER CARRIBEAN            CS,10840501913266,CS,$41.20,CS,PEPPERS
PEPPER CHILACA              CS,10840501938948,CS,$49.20,CS,PEPPERS
PEPPER FRESNO RED        10 LB,10840501952937,10 LB,$59.20,CS,PEPPERS
PEPPER GHOST DRY          1 LB,10840501952579,1 LB,$74.20,LB,PEPPERS
PEPPER HABANERO GREEN     1 LB,00840501933144,1 LB,$8.89,LB,PEPPERS
PEPPER HABANERO ORAN HALF CASE,00840501983798,HALF CASE,$22.68,EA,PEPPERS
PEPPER HABANERO ORANGE    1 LB,00840501941996,1 LB,$8.89,LB,PEPPERS
PEPPER HABANERO ORANGE    8 LB,10840501977862,8 LB,$41.20,CS,PEPPERS
PEPPER HABANERO YELLOW    8 LB,10840501977794,8 LB,$41.20,CS,PEPPERS
PEPPER HATCH MEDIUM         CS,10840501969195,CS,$35.20,CS,PEPPERS
PEPPER HATCH MILD           CS,,CS,,CS,PEPPERS
PEPPER HATCH MILD           CS,10840501994463,CS,$35.20,CS,PEPPERS
PEPPER JALAPENO             35,10840501928352,35,$42.15,CS,PEPPERS
PEPPER JALAPENO           1 LB,00840501929116,1 LB,$5.86,LB,PEPPERS
PEPPER JALAPENO           5 LB,00840501948520,5 LB,$12.12,EA,PEPPERS
PEPPER JALAPENO          10 LB,00840501960096,10 LB,$22.55,EA,PEPPERS
PEPPER JALAPENO          20 LB,10840501947308,20 LB,$43.20,CS,PEPPERS
PEPPER JALAPENO (35  HALF CASE,00840501970064,HALF CASE,$31.68,EA,PEPPERS
PEPPER JALAPENO DESTEM   34 LB,10840501971754,34 LB,$69.20,CS,PEPPERS
PEPPER JALAPENO GREEN D 4X5 LB,10840501987830,4X5 LB,$68.70,CS,PROCESSED
PEPPER JALAPENO GREEN DCD 5 LB,00840501921318,5 LB,$20.36,EA,PROCESSED
PEPPER JALAPENO GREEN DCD 5 LB,10840501995767,5 LB,$24.10,CS,PROCESSED
PEPPER JALAPENO GREEN H 4X5 LB,10840501962097,4X5 LB,$91.65,CS,PROCESSED
PEPPER JALAPENO GREEN HAL 5 LB,10840501962165,5 LB,$30.00,EA,PROCESSED
PEPPER JALAPENO GREEN S 4X5 LB,10840501922541,4X5 LB,$84.90,CS,PROCESSED
PEPPER JALAPENO GREEN SLI 5 LB,00840501934042,5 LB,$24.41,EA,PROCESSED
PEPPER JALAPENO RED         35,10840501941818,35,$52.20,CS,PEPPERS
PEPPER JALAPENO RED       1 LB,00840501933526,1 LB,$5.66,LB,PEPPERS
PEPPER JALAPENO RED  HALF CASE,00840501975878,HALF CASE,$28.18,EA,PEPPERS
PEPPER POBLANO            5 LB,00840501996439,5 LB,$16.99,EA,PEPPERS
PEPPER POBLANO           12 CT,00840501922179,12 CT,$16.99,EA,PEPPERS
PEPPER POBLANO           20 LB,10840501928598,20 LB,$55.20,CS,PEPPERS
PEPPER POBLANO       HALF CASE,00840501970200,HALF CASE,$29.68,EA,PEPPERS
PEPPER POBLANO DICED 1/ 4X5 LB,10840501995200,4X5 LB,$128.21,CS,PROCESSED
PEPPER POBLANO DICED 1/4  5 LB,00840501976943,5 LB,$35.24,EA,PROCESSED
PEPPER POBLANO DICED 3/ 4X5 LB,10840501908620,4X5 LB,$128.21,CS,PROCESSED
PEPPER POBLANO JULIENNE   5 LB,00840501935964,5 LB,$30.05,EA,PROCESSED
PEPPER POBLANO JULIENNE 4X5 LB,10840501935893,4X5 LB,$107.45,CS,PROCESSED
PEPPER SERRANO              35,10840501928420,35,$60.20,CS,PEPPERS
PEPPER SERRANO            1 LB,00840501929284,1 LB,$5.89,LB,PEPPERS
PEPPER SERRANO            5 LB,00840501989363,5 LB,$12.26,EA,PEPPERS
PEPPER SERRANO           10 LB,00840501960164,10 LB,$20.23,EA,PEPPERS
PEPPER SERRANO           12 CT,00840501955603,12 CT,$8.02,EA,PEPPERS
PEPPER SERRANO (35 L HALF CASE,00840501970132,HALF CASE,$32.18,EA,PEPPERS
PEPPER SERRANO DESTEM    34 LB,10840501975264,34 LB,$94.20,CS,PEPPERS
PEPPER SERRANO DICED      5 LB,00840501973041,5 LB,$26.48,EA,PROCESSED
PEPPER SERRANO DICED    4X5 LB,10840501978302,4X5 LB,$93.15,CS,PROCESSED
PEPPER SERRANO SLICED     5 LB,00840501998594,5 LB,$26.48,EA,PROCESSED
PEPPER SERRANO SLICED   4X5 LB,10840501998423,4X5 LB,$93.15,CS,PROCESSED
PEPPER SHISHITO          10 LB,10840501920257,10 LB,$84.20,CS,PEPPERS
PEPPER THAI GREEN FRESH   1 LB,10840501942815,1 LB,$13.20,LB,PEPPERS
PEPPER THAI RED DRY       5 LB,00840501986843,5 LB,$18.76,EA,PEPPERS
PEPPER THAI RED FRESH     1 LB,10840501933219,1 LB,$15.20,LB,PEPPERS
PERSIMMON              1 LAYER,10840501914003,1 LAYER,$69.20,CS,PERSIMMONS
PICO DE GALLO             5 LB,00840501976011,5 LB,$18.74,EA,PROCESSED
PICO DE GALLO           4X5 LB,10840501954160,4X5 LB,$62.20,CS,PROCESSED
PINEAPPLE CHUNKS          5 LB,00840501973805,5 LB,$19.30,EA,PROCESSED
PINEAPPLE CHUNKS        4X5 LB,10840501927737,4X5 LB,$64.45,CS,PROCESSED
PINEAPPLE CROWNLESS      10 CT,10840501956447,10 CT,$26.00,CS,PINEAPPLES
PINEAPPLE DEL MONTE         CS,,CS,$24.20,CS,PINEAPPLES
PINEAPPLE DICED 1/2     4X5 LB,10840501973819,4X5 LB,$64.45,CS,PROCESSED
PINEAPPLE DICED 1/4       5 LB,00840501979470,5 LB,$19.30,EA,PROCESSED
PINEAPPLE DICED 1/4     4X5 LB,10840501980053,4X5 LB,$64.45,CS,PROCESSED
PINEAPPLE DICED 1X1     4X5 LB,10840501994845,4X5 LB,$64.35,CS,PROCESSED
PINEAPPLE DICED 3/4     4X5 LB,10840501958687,4X5 LB,$64.45,CS,PROCESSED
PINEAPPLE DRY             5 LB,10840501908309,5 LB,$34.20,CS,DRIED FRUIT
PINEAPPLE GOLDEN          1 CT,00840501905424,1 CT,$7.00,EA,PINEAPPLES
PINEAPPLE HALVES          5 LB,00840501911340,5 LB,$17.79,EA,PROCESSED
PINEAPPLE HALVES        4X5 LB,10840501929267,4X5 LB,$58.40,CS,PROCESSED
PINEAPPLE PINK              CS,,CS,$41.20,CS,PINEAPPLES
PINEAPPLE RING            5 LB,00840501981978,5 LB,$20.16,EA,PROCESSED
PINEAPPLE RING          4X5 LB,10840501982033,4X5 LB,$67.90,CS,PROCESSED
PLUMS RED                   20,10840501990953,20,$44.20,CS,PLUMS
PLUMS RED                28 LB,10840501937712,28 LB,$44.20,CS,PLUMS
POMEGRANATE                 CS,10840501990335,CS,$77.20,CS,POMEGRANATES
POTATO A RED              5 LB,00840501996675,5 LB,$7.71,EA,POTATOES
POTATO A RED             50 LB,10840501930850,50 LB,$31.70,CS,POTATOES
POTATO A RED #2             CS,10840501930928,CS,$25.20,CS,POTATOES
POTATO A RED (50 LB) HALF CASE,00840501971054,HALF CASE,$14.68,EA,POTATOES
POTATO A RED QUARTERED    5 LB,00840501978787,5 LB,$15.10,EA,PROCESSED
POTATO A RED QUARTERED  4X5 LB,10840501979774,4X5 LB,$47.65,CS,PROCESSED
POTATO B RED              5 LB,00840501933748,5 LB,$7.81,EA,POTATOES
POTATO B RED             50 LB,10840501931086,50 LB,$33.70,CS,POTATOES
POTATO B RED #2          50 LB,10840501931154,50 LB,$30.20,CS,POTATOES
POTATO B RED (50 LB) HALF CASE,00840501971122,HALF CASE,$21.85,EA,POTATOES
POTATO B RED 1'' DICED  4X5 LB,10840501943713,4X5 LB,$53.15,CS,PROCESSED
POTATO B RED DICED 1/2    5 LB,00840501915096,5 LB,$16.48,EA,PROCESSED
POTATO B RED DICED 1/2  4X5 LB,10840501935657,4X5 LB,$53.15,CS,PROCESSED
POTATO B RED DICED 1/4    5 LB,00840501910671,5 LB,$16.48,EA,PROCESSED
POTATO B RED DICED 1/4  4X5 LB,10840501993855,4X5 LB,$53.15,CS,PROCESSED
POTATO B RED DICED 3/4  4X5 LB,10840501945861,4X5 LB,$53.15,CS,PROCESSED
POTATO B RED HALVES     4X5 LB,10840501952791,4X5 LB,$53.15,CS,PROCESSED
POTATO B RED PEELED       5 LB,00840501975571,5 LB,$19.61,EA,PROCESSED
POTATO B RED PEELED     4X5 LB,10840501975332,4X5 LB,$65.70,CS,PROCESSED
POTATO B RED QUARTERED    5 LB,00840501912026,5 LB,$16.74,EA,PROCESSED
POTATO B RED QUARTERED  4X5 LB,10840501939471,4X5 LB,$54.20,CS,PROCESSED
POTATO B RED SLICED PEE 4X5 LB,10840501953309,4X5 LB,$65.90,CS,PROCESSED
POTATO B RED WEDGES 6-W 4X5 LB,10840501937255,4X5 LB,$58.40,CS,PROCESSED
POTATO B RED WEDGES 6-WAY 5 LB,00840501937326,5 LB,$17.79,EA,PROCESSED
POTATO C RED (CREAMER)   50 LB,10840501991790,50 LB,$52.70,CS,POTATOES
POTATO DICED 1/2          5 LB,00840501960010,5 LB,$12.13,EA,PROCESSED
POTATO DICED 1/4          5 LB,00840501921790,5 LB,$17.54,EA,PROCESSED
POTATO DICED 1/4        4X5 LB,10840501921001,4X5 LB,$57.40,CS,PROCESSED
POTATO DICED 3/4          5 LB,00840501919377,5 LB,$17.54,EA,PROCESSED
POTATO DICED 3/4        4X5 LB,10840501919206,4X5 LB,$57.40,CS,PROCESSED
POTATO DICED with skin  4X5 LB,10840501959981,4X5 LB,$35.76,CS,PROCESSED
POTATO DICED with SKIN  4X5 LB,10840501995521,4X5 LB,$35.00,CS,PROCESSED
POTATO DICED with skin  4X5 LB,10840501996375,4X5 LB,$38.15,CS,PROCESSED
POTATO DICED WITH SKIN 1  5 LB,00840501901907,5 LB,$12.73,EA,PROCESSED
POTATO FINGERLING         5 LB,00840501903352,5 LB,$10.03,EA,POTATOES
POTATO FINGERLING        50 LB,10840501967580,50 LB,$61.70,CS,POTATOES
POTATO FINGERLING (5 HALF CASE,00840501982180,HALF CASE,$32.93,EA,POTATOES
POTATO FINGERLING MIXED  50 LB,10840501964145,50 LB,$89.20,CS,POTATOES
POTATO FOIL WRAPPED      40 CT,10840501964213,40 CT,$34.20,CS,POTATOES
POTATO FOIL WRAPPED      50 CT,10840501903113,50 CT,$34.20,CS,POTATOES
POTATO FOIL WRAPPED      60 CT,10840501989445,60 CT,$35.20,CS,POTATOES
POTATO IDAHO             40 CT,10840501931222,40 CT,$28.09,CS,POTATOES
POTATO IDAHO             50 CT,10840501931390,50 CT,$28.09,CS,POTATOES
POTATO IDAHO             60 CT,10840501931468,60 CT,$27.09,CS,POTATOES
POTATO IDAHO             70 CT,10840501931536,70 CT,$27.59,CS,POTATOES
POTATO IDAHO            100 CT,10840501948848,100 CT,$24.09,CS,POTATOES
POTATO IDAHO            110 CT,10840501929656,110 CT,$22.30,CS,POTATOES
POTATO IDAHO            120 CT,10840501980350,120 CT,$24.09,CS,POTATOES
POTATO IDAHO  6 OZ #2    50 LB,10840501932458,50 LB,$20.55,CS,POTATOES
POTATO IDAHO (40 CT) HALF CASE,00840501971290,HALF CASE,$21.85,EA,POTATOES
POTATO IDAHO (50 CT) HALF CASE,00840501971368,HALF CASE,$21.35,EA,POTATOES
POTATO IDAHO (60 CT) HALF CASE,00840501971436,HALF CASE,$19.85,EA,POTATOES
POTATO IDAHO (70 CT) HALF CASE,00840501971504,HALF CASE,$19.85,EA,POTATOES
POTATO IDAHO (80 CT) HALF CASE,00840501971672,HALF CASE,$19.35,EA,POTATOES
POTATO IDAHO (90 CT) HALF CASE,00840501972044,HALF CASE,$19.35,EA,POTATOES
POTATO IDAHO 10 OZ  10OZ 50 LB,10840501932380,10OZ 50 LB,$22.15,CS,POTATOES
POTATO KENNEBEC          50 LB,10840501971518,50 LB,$41.20,CS,POTATOES
POTATO MARBLE            50 LB,10840501943409,50 LB,$89.20,CS,POTATOES
POTATO PEELED             5 LB,00840501978848,5 LB,$14.04,EA,PROCESSED
POTATO PEELED           4X5 LB,10840501953934,4X5 LB,$43.40,CS,PROCESSED
POTATO PEELED & DICED 1 4X5 LB,10840501972515,4X5 LB,$57.40,CS,PROCESSED
POTATO PEELED & DICED 1 4X5 LB,10840501914256,4X5 LB,$57.40,CS,PROCESSED
POTATO PEELED & QUARTER 4X5 LB,10840501926983,4X5 LB,$52.40,CS,PROCESSED
POTATO PEELED & QUARTERED 5 LB,00840501962533,5 LB,$16.29,EA,PROCESSED
POTATO PEELED SLICED    4X5 LB,10840501927744,4X5 LB,$52.40,CS,PROCESSED
POTATO PEELED SLICED 1/ 4X5 LB,10840501928413,4X5 LB,$57.40,CS,PROCESSED
POTATO PEELED SLICED 1/ 4X5 LB,10840501944703,4X5 LB,$57.40,CS,PROCESSED
POTATO PEELED SLICED 1/4  5 LB,00840501932444,5 LB,$17.54,EA,PROCESSED
POTATO PEELED SLICED 1/8  5 LB,00840501924074,5 LB,$17.54,EA,PROCESSED
POTATO PURPLE A          50 LB,10840501981722,50 LB,$89.20,CS,POTATOES
POTATO PURPLE B          50 LB,10840501954924,50 LB,$90.20,CS,POTATOES
POTATO PURPLE PEELED    4X5 LB,10840501912405,4X5 LB,$105.20,CS,PROCESSED
POTATO PURPLE QUARTERED 4X5 LB,10840501985935,4X5 LB,$87.50,CS,PROCESSED
POTATO WEDGES 6-WAY       5 LB,00840501938552,5 LB,$16.29,EA,PROCESSED
POTATO WEDGES 6-WAY     4X5 LB,10840501920707,4X5 LB,$52.40,CS,PROCESSED
POTATO WHITE A           50 LB,10840501932526,50 LB,$55.20,CS,POTATOES
POTATO YUKON DCD SKIN O 4X5 LB,10840501998355,4X5 LB,$48.65,CS,PROCESSED
POTATO YUKON DICED        5 LB,00840501996057,5 LB,$19.41,EA,PROCESSED
POTATO YUKON DICED 1X1  4X5 LB,10840501901065,4X5 LB,$64.90,CS,PROCESSED
POTATO YUKON GOLD         5 LB,00840501902294,5 LB,$6.92,EA,POTATOES
POTATO YUKON GOLD A  50 LB CTN,10840501961236,50 LB CTN,$33.20,CS,POTATOES
POTATO YUKON GOLD A  HALF CASE,00840501980346,HALF CASE,$17.40,EA,POTATOES
POTATO YUKON GOLD A # 50 LB SK,10840501912108,50 LB SK,$30.65,EA,POTATOES
POTATO YUKON GOLD B      50 LB,10840501909917,50 LB,$76.20,CS,POTATOES
POTATO YUKON GOLD C       1 LB,00840501943112,1 LB,$5.80,LB,POTATOES
POTATO YUKON GOLD C       5 LB,00840501992165,5 LB,$11.78,EA,POTATOES
POTATO YUKON GOLD C      50 LB,10840501910043,50 LB,$79.20,CS,POTATOES
POTATO YUKON PEEL & SLI 4X5 LB,10840501966293,4X5 LB,$61.10,CS,PROCESSED
POTATO YUKON PEELED       5 LB,00840501950332,5 LB,$17.11,EA,PROCESSED
POTATO YUKON PEELED     4X5 LB,10840501950261,4X5 LB,$55.70,CS,PROCESSED
POTATO YUKON PEELED DIC 4X5 LB,10840501910128,4X5 LB,$61.90,CS,PROCESSED
POTATO YUKON PEELED QUA 4X5 LB,10840501920493,4X5 LB,$62.90,CS,PROCESSED
POTATO YUKON PEELED QUART 5 LB,00840501908234,5 LB,$18.91,EA,PROCESSED
PRUNES PLUMS DRY          5 LB,10840501989810,5 LB,$31.20,CS,DRIED FRUIT
PUMPKIN BIG MAC 80-120 LB 1 CT,10840501902697,1 CT,$69.20,EA,PUMPKINS
PUMPKIN CARNIVAL SQUASH  25 LB,10840501919138,25 LB,$37.20,EA,PUMPKINS
PUMPKIN EXTRA LARGE       1 CT,10840501915949,1 CT,$17.20,EA,PUMPKINS
PUMPKIN LARGE             1 CT,10840501910203,1 CT,$17.20,EA,PUMPKINS
PUMPKIN MEDIUM            1 CT,10840501910371,1 CT,$14.20,EA,PUMPKINS
PUMPKIN MINI ORANGE      25 LB,10840501982347,25 LB,$41.20,CS,PUMPKINS
PUMPKIN MINI STRIPED     25 LB,10840501931901,25 LB,$39.20,CS,PUMPKINS
PUMPKIN MINI WHITE       25 LB,10840501931833,25 LB,$44.20,CS,PUMPKINS
PUMPKIN PIE              12 CT,10840501929021,12 CT,$35.20,CS,PUMPKINS
PUMPKIN POKEMON STRIPE   25 LB,10840501982415,25 LB,$41.20,CS,PUMPKINS
PUMPKIN SMALL             1 CT,10840501915871,1 CT,$14.20,EA,PUMPKINS
PUMPKIN WHITE             1 CT,10840501920035,1 CT,$17.20,EA,PUMPKINS
RADICCHIO                 3 CT,00840501900528,3 CT,$9.99,EA,LETTUCE
RADICCHIO                 9 CT,10840501949692,9 CT,$27.20,CS,LETTUCE
RADICCHIO                12 CT,10840501949456,12 CT,$27.20,CS,LETTUCE
RADISH BUNCH              3 CT,00840501999027,3 CT,$7.39,EA,RADISHES
RADISH BUNCH MEXICAN     12 CT,10840501916090,12 CT,$26.20,CS,RADISHES
RADISH BUNCH MEXICAN     24 CT,10840501950896,24 CT,$29.20,CS,RADISHES
RADISH CELLO (30/6OZ HALF CASE,00840501973102,HALF CASE,$16.93,EA,RADISHES
RADISH CELLO CLEAN & TR 30/6OZ,10840501936104,30/6OZ,$29.70,CS,RADISHES
RADISH CELLO CLEAN & TRIM 1 CT,00840501906414,1 CT,$5.14,EA,RADISHES
RADISH CELLO CLEAN & TRIM 3 CT,00840501998723,3 CT,$6.83,EA,RADISHES
RADISH EASTER EGG        24 CT,10840501904967,24 CT,$39.20,CS,RADISHES
RADISH HORSE ROOT        10 LB,10840501971440,10 LB,$64.20,CS,ROOT
RADISH SLICED             5 LB,00840501933298,5 LB,$24.29,EA,PROCESSED
RADISH SLICED           4X5 LB,10840501933059,4X5 LB,$84.40,CS,PROCESSED
RADISH WATERMELON        10 LB,10840501987076,10 LB,$33.20,CS,RADISHES
RAPINI                   20 LB,10840501955082,20 LB,$59.20,CS,RAPINI
RASPBERRY                 1 CT,00840501908180,1 CT,$6.90,EA,BERRIES
RASPBERRY                 3 CT,00840501919292,3 CT,$11.99,EA,BERRIES
RASPBERRY                12 CT,10840501945946,12 CT,$35.80,CS,BERRIES
RASPBERRY (12 CT)    HALF CASE,00840501976790,HALF CASE,$19.89,EA,BERRIES
RASPBERRY DRISCOLL        1 CT,00840501918530,1 CT,$6.86,EA,BERRIES
RASPBERRY DRISCOLL        3 CT,00840501970224,3 CT,$11.99,EA,BERRIES
RASPBERRY DRISCOLL       12 CT,10840501935428,12 CT,$35.20,CS,BERRIES
RASPBERRY DRISCOLL ( HALF CASE,00840501972730,HALF CASE,$19.68,EA,BERRIES
RATATOUILLE BLEND       4X5 LB,10840501988691,4X5 LB,$96.50,CS,PROCESSED
RHUBARB                     CS,10840501909771,CS,$79.20,CS,RHUBARB
ROMANESCO TEEN           12 CT,10840501918131,12 CT,$39.20,CS,ROMANESCO
ROSEMARY                  1 LB,10840501935503,1 LB,$16.95,CS,HERBS
ROSEMARY                  4 OZ,00840501937036,4 OZ,$5.61,EA,HERBS
ROSEMARY               HALF LB,00840501978602,HALF LB,$9.80,EA,HERBS
RUTABAGA                 25 LB,10840501949210,25 LB,$69.20,CS,RUTABAGA
RUTABAGA DICED 1x1      4X5 LB,10840501942273,4X5 LB,$117.15,CS,PROCESSED
RUTABAGA PEELED         4X5 LB,10840501997747,4X5 LB,$102.00,CS,PROCESSED
RUTABAGA PEELED & QUART 4X5 LB,10840501980817,4X5 LB,$104.60,CS,PROCESSED
RUTABAGA PEELED & QUARTER 5 LB,00840501980988,5 LB,$29.34,EA,PROCESSED
SAGE                      1 LB,10840501935053,1 LB,$19.95,CS,HERBS
SAGE                      4 OZ,00840501938880,4 OZ,$6.18,EA,HERBS
SAGE                   HALF LB,00840501977858,HALF LB,$11.05,EA,HERBS
SALAD MIX 4-WAY           5 LB,00840501979395,5 LB,$9.89,EA,PROCESSED
SALAD MIX 4-WAY         4X5 LB,10840501964206,4X5 LB,$26.14,CS,PROCESSED
SALAD MIX ICEBERG/ROM 5 4X5 LB,,4X5 LB,,CS,PROCESSED
SALAD MIX ICEBERG/ROM 50/ 5 LB,,5 LB,,EA,PROCESSED
SALSA VERDE NORTENA,00761954427861,4/1 GAL,$86.74,CS,MISC.
SALSIFY ROOT             10 LB,10840501955778,10 LB,$64.20,CS,ROOT
SHALLOTS DRY 40 LB SK     SKCS,10840501914942,SKCS,$99.20,CS,ONIONS
SHALLOTS DRY FRENCH       5 LB,00840501963905,5 LB,$18.64,EA,ONIONS
SHALLOTS DRY FRENCH     8/5 LB,10840501906183,8/5 LB,$119.20,CS,ONIONS
SHALLOTS PEELED           5 LB,00840501946175,5 LB,$19.49,EA,ONIONS
SHALLOTS PEELED         4X5 LB,10840501962776,4X5 LB,$64.20,CS,ONIONS
SNACK SIZE BLOOD ORA 100 - 3oz,,100 - 3oz,,CS,PROCESSED
SNACK SIZE CANTALOUPE  100-2oz,,100-2oz,,CS,PROCESSED
SNACK SIZE CAULIFLOWER 100-2oz,,100-2oz,,CS,PROCESSED
SNACK SIZE GRAPE TOMAT 100-2oz,,100-2oz,,CS,PROCESSED
SNACK SIZE GREEN BELL  100-2oz,,100-2oz,,CS,PROCESSED
SNACK SIZE HONEYDEW CH 100-2oz,,100-2oz,,CS,PROCESSED
SNACK SIZE RED RADISH  100-2oz,,100-2oz,,CS,PROCESSED
SNACK SIZE RED SLICED  100-2oz,,100-2oz,,CS,PROCESSED
SNACK SIZE STAR FRUI 100-1.5OZ,,100-1.5OZ,,CS,PROCESSED
SNACK SIZE SUGAR SNAP  100-2oz,,100-2oz,,CS,PROCESSED
SNACK SIZE WATERMELON  100-2oz,,100-2oz,,CS,PROCESSED
SPINACH BABY              4 LB,10840501941986,4 LB,$17.87,CS,SPINACH
SPINACH BUNCH            24 CT,10840501977930,24 CT,$31.20,CS,SPINACH
SPINACH BUNCH (24 CT HALF CASE,00840501983866,HALF CASE,$17.68,EA,SPINACH
SPINACH CELLO             1 CT,00840501906278,1 CT,$9.28,EA,SPINACH
SPINACH CELLO         4X2.5 LB,10840501935046,4X2.5 LB,$23.84,CS,SPINACH
SPINACH CELLO (4X2.5 HALF CASE,00840501972662,HALF CASE,$14.25,EA,SPINACH
SPRING MIX                3 LB,10840501943652,3 LB,$15.02,CS,LETTUCE
SPRING MIX              5/3 LB,10840501960178,5/3 LB,$36.20,CS,LETTUCE
SPRING MIX ARCADIAN MEG 4/3 LB,10840501991257,4/3 LB,$32.70,CS,LETTUCE
SPRING MIX ARCADIAN MEGA  3 LB,10840501970603,3 LB,$16.15,CS,LETTUCE
SQUASH ACORN              3 CT,00840501973508,3 CT,$9.00,EA,SQUASH
SQUASH ACORN              5 LB,00840501999584,5 LB,$6.91,CS,SQUASH
SQUASH ACORN             45 LB,10840501964442,45 LB,$29.05,CS,SQUASH
SQUASH ACORN (45 LB) HALF CASE,00840501981022,HALF CASE,$16.05,EA,SQUASH
SQUASH ACORN DICED        5 LB,00840501955788,5 LB,$36.13,EA,PROCESSED
SQUASH ACORN DICED      4X5 LB,10840501955617,4X5 LB,$131.75,CS,PROCESSED
SQUASH BLOSSOM           25 CT,10840501915857,25 CT,$24.20,CS,FLOWERS
SQUASH BUTTERNT PEEL &  4X5 LB,10840501998737,4X5 LB,$67.40,CS,PROCESSED
SQUASH BUTTERNUT          1 CT,00840501901778,1 CT,$6.91,EA,SQUASH
SQUASH BUTTERNUT          1 LB,00840501935810,1 LB,$4.82,LB,SQUASH
SQUASH BUTTERNUT         45 LB,10840501941436,45 LB,$29.05,CS,SQUASH
SQUASH BUTTERNUT (45 HALF CASE,00840501975700,HALF CASE,$16.05,EA,SQUASH
SQUASH BUTTERNUT D&P 1  5 5 LB,10840501999727,5 LB,$29.85,CS,PROCESSED
SQUASH BUTTERNUT D&P 3/8  5 LB,10840501912276,5 LB,$26.25,CS,PROCESSED
SQUASH BUTTERNUT DCD &  4X5 LB,10840501912344,4X5 LB,$75.40,CS,PROCESSED
SQUASH BUTTERNUT DICED    5 LB,00840501924210,5 LB,$23.79,EA,PROCESSED
SQUASH BUTTERNUT DICED  4X5 LB,10840501978241,4X5 LB,$75.40,CS,PROCESSED
SQUASH BUTTERNUT DICED  4X5 LB,10840501924149,4X5 LB,$82.40,CS,PROCESSED
SQUASH BUTTERNUT DICED  4X5 LB,10840501924521,4X5 LB,$75.40,CS,PROCESSED
SQUASH BUTTERNUT DICED 1  5 LB,00840501964070,5 LB,$23.79,EA,PROCESSED
SQUASH BUTTERNUT DICED 1/ 5 LB,00840501978312,5 LB,$22.04,EA,PROCESSED
SQUASH BUTTERNUT PEELED   5 LB,00840501906940,5 LB,$22.04,EA,PROCESSED
SQUASH BUTTERNUT PEELED  20 LB,10840501946301,20 LB,$90.35,CS,PROCESSED
SQUASH BUTTERNUT PEELED 4X5 LB,10840501926815,4X5 LB,$75.40,CS,PROCESSED
SQUASH BUTTERNUT SPIRALS  5 lb,10840501989827,5 lb,$75.35,CS,PROCESSED
SQUASH BUTTERNUT SPIRALS  5 LB,00840501989998,5 LB,$22.03,EA,PROCESSED
SQUASH CHAYOTE            1 LB,00840501927686,1 LB,$5.02,LB,SQUASH
SQUASH CHAYOTE            5 LB,00840501949442,5 LB,$7.89,EA,SQUASH
SQUASH CHAYOTE           16 LB,10840501922626,16 LB,$21.45,CS,SQUASH
SQUASH CHAYOTE           40 LB,10840501922794,40 LB,$33.20,CS,SQUASH
SQUASH CHAYOTE (40 L HALF CASE,00840501967576,HALF CASE,$18.68,EA,SQUASH
SQUASH CHAYOTE CON ESPIN 35 LB,10840501909467,35 LB,$24.20,CS,SQUASH
SQUASH CHAYOTE DICED 1X 4X5 LB,10840501902376,4X5 LB,$89.80,CS,PROCESSED
SQUASH CHAYOTE DICED 1X1  5 LB,00840501902447,5 LB,$25.64,EA,PROCESSED
SQUASH DELICATA             CS,10840501972829,CS,$55.20,CS,SQUASH
SQUASH KABOCHA           35 LB,10840501917073,35 LB,$54.20,CS,SQUASH
SQUASH MEXICAN           24 LB,10840501955464,24 LB,$32.20,CS,SQUASH
SQUASH MEXICAN (24 L HALF CASE,00840501979142,HALF CASE,$18.18,EA,SQUASH
SQUASH SPAGHETTI          1 CT,00840501900610,1 CT,$8.22,EA,SQUASH
SQUASH SPAGHETTI         45 LB,10840501968334,45 LB,$29.05,CS,SQUASH
SQUASH SPAGHETTI (45 HALF CASE,00840501982326,HALF CASE,$16.05,EA,SQUASH
SQUASH SUNBURST           5 LB,10840501972676,5 LB,$34.20,CS,SQUASH
SQUASH YELLOW             5 LB,00840501991557,5 LB,$11.89,EA,SQUASH
SQUASH YELLOW            20 LB,10840501929342,20 LB,$29.24,CS,SQUASH
SQUASH YELLOW (20 LB HALF CASE,00840501970514,HALF CASE,$15.35,EA,SQUASH
SQUASH YELLOW BIAS CUT    5 LB,00840501931522,5 LB,$20.39,EA,PROCESSED
SQUASH YELLOW BIAS CUT  4X5 LB,10840501931451,4X5 LB,$68.80,CS,PROCESSED
SQUASH YELLOW COIN CUT    5 LB,00840501987147,5 LB,$17.54,EA,PROCESSED
SQUASH YELLOW COIN CUT  4X5 LB,10840501930089,4X5 LB,$57.40,CS,PROCESSED
SQUASH YELLOW DICED 1     5 LB,00840501940432,5 LB,$16.41,EA,PROCESSED
SQUASH YELLOW DICED 1   4X5 LB,10840501939921,4X5 LB,$52.90,CS,PROCESSED
SQUASH YELLOW DICED 1-1 4X5 LB,10840501987847,4X5 LB,$74.95,CS,PROCESSED
SQUASH YELLOW DICED 1/2 4X5 LB,10840501976575,4X5 LB,$74.95,CS,PROCESSED
SQUASH YELLOW DICED 1/4   5 LB,00840501907244,5 LB,$16.41,EA,PROCESSED
SQUASH YELLOW DICED 1/4 4X5 LB,10840501986154,4X5 LB,$52.90,CS,PROCESSED
SQUASH YELLOW HALF MOON   5 LB,10840501904356,5 LB,$21.75,CS,PROCESSED
SQUASH YELLOW HALF MOON 4X5 LB,10840501999963,4X5 LB,$74.95,CS,PROCESSED
SQUASH YELLOW JULIENNE    5 LB,00840501907176,5 LB,$21.06,EA,PROCESSED
SQUASH YELLOW JULIENNE  4X5 LB,10840501954092,4X5 LB,$71.50,CS,PROCESSED
SQUASH YELLOW MATCHSTIX 4X5 LB,10840501958205,4X5 LB,$85.15,CS,PROCESSED
SQUASH YELLOW MOON CUT    5 LB,10840501903748,5 LB,$24.25,CS,PROCESSED
SQUASH YELLOW MOON CUT  4X5 LB,10840501953163,4X5 LB,$69.35,CS,PROCESSED
SQUASH YELLOW STICKS      5 LB,00840501944881,5 LB,$24.06,EA,PROCESSED
SQUASH YELLOW STICKS    4X5 LB,10840501945496,4X5 LB,$83.50,CS,PROCESSED
SQUASH ZUCC COIN CUT      5 LB,00840501987215,5 LB,$17.54,EA,PROCESSED
SQUASH ZUCCHINI           5 LB,00840501991311,5 LB,$7.25,EA,SQUASH
SQUASH ZUCCHINI          20 LB,10840501929038,20 LB,$24.24,CS,SQUASH
SQUASH ZUCCHINI (20  HALF CASE,00840501970446,HALF CASE,$14.35,EA,SQUASH
SQUASH ZUCCHINI BABY      5 LB,10840501961618,5 LB,$32.20,CS,SQUASH
SQUASH ZUCCHINI BIAS CU 4X5 LB,10840501931215,4X5 LB,$68.90,CS,PROCESSED
SQUASH ZUCCHINI BIAS CUT  5 LB,00840501931386,5 LB,$20.41,EA,PROCESSED
SQUASH ZUCCHINI COIN CU 4X5 LB,10840501930157,4X5 LB,$57.40,CS,PROCESSED
SQUASH ZUCCHINI DICED   4X5 LB,10840501988202,4X5 LB,$70.90,CS,PROCESSED
SQUASH ZUCCHINI DICED 1   5 LB,00840501940500,5 LB,$16.41,EA,PROCESSED
SQUASH ZUCCHINI DICED 1 4X5 LB,10840501976407,4X5 LB,$52.90,CS,PROCESSED
SQUASH ZUCCHINI DICED 1 4X5 LB,10840501987779,4X5 LB,$82.20,CS,PROCESSED
SQUASH ZUCCHINI DICED 1 4X5 LB,10840501940057,4X5 LB,$52.90,CS,PROCESSED
SQUASH ZUCCHINI DICED 1/4 5 LB,00840501901204,5 LB,$20.91,EA,PROCESSED
SQUASH ZUCCHINI HALF MO 4X5 LB,,4X5 LB,$70.65,CS,PROCESSED
SQUASH ZUCCHINI JULIENN 4X5 LB,10840501909085,4X5 LB,$72.70,CS,PROCESSED
SQUASH ZUCCHINI JULIENNE  5 LB,00840501955382,5 LB,$21.36,EA,PROCESSED
SQUASH ZUCCHINI MATCHST 4X5 LB,10840501958373,4X5 LB,$72.70,CS,PROCESSED
SQUASH ZUCCHINI MOON CU 4X5 LB,10840501953231,4X5 LB,$79.40,CS,PROCESSED
SQUASH ZUCCHINI MOON CU 4X5 LB,10840501947391,4X5 LB,$57.30,CS,PROCESSED
SQUASH ZUCCHINI MOON CU 4X5 LB,10840501947469,4X5 LB,$57.70,CS,PROCESSED
SQUASH ZUCCHINI MOON CUT  5 LB,10840501903670,5 LB,$21.75,CS,PROCESSED
SQUASH ZUCCHINI NOODLES   5 LB,10840501998041,5 LB,$27.75,CS,PROCESSED
SQUASH ZUCCHINI NOODLES   5 LB,00840501998112,5 LB,$10.13,EA,PROCESSED
SQUASH ZUCCHINI STICKS    5 LB,00840501950585,5 LB,$24.10,EA,PROCESSED
SQUASH ZUCCHINI STICKS  4X5 LB,10840501956072,4X5 LB,$83.65,CS,PROCESSED
STAR FRUIT                  CS,10840501971136,CS,$59.20,CS,STARFRUIT
STIR FRY MIX              5 LB,00840501938620,5 LB,$20.71,EA,PROCESSED
STIR FRY MIX            4X5 LB,10840501934353,4X5 LB,$70.10,CS,PROCESSED
STRAWBERRIES SUNDRIED USA,,1 / 5 LB,$109.85,CS,OLIVES FRUITS VEGETABLES
STRAWBERRY                3 CT,00840501902744,3 CT,$12.02,EA,BERRIES
STRAWBERRY                8 CT,10840501959806,8 CT,$28.98,CS,BERRIES
STRAWBERRY (8 CT)    HALF CASE,00840501979906,HALF CASE,$16.98,EA,BERRIES
STRAWBERRY CLAM           1 CT,00840501914716,1 CT,$7.47,EA,BERRIES
SUNCHOKES                10 LB,10840501918209,10 LB,$64.20,CS,ROOT
TAMARINDO                   25,10840501929588,25,$74.20,CS,TAMARINDO
TARA ROOT MELANGA        45 LB,10840501995132,45 LB,$32.20,CS,ROOT
TARRAGON                  1 LB,10840501937583,1 LB,$22.45,CS,HERBS
TARRAGON                  4 OZ,00840501937104,4 OZ,$6.68,EA,HERBS
TARRAGON               HALF LB,00840501980100,HALF LB,$11.80,EA,HERBS
THYME                     1 LB,10840501932397,1 LB,$18.20,CS,HERBS
THYME                     4 OZ,00840501937272,4 OZ,$5.61,EA,HERBS
THYME                  HALF LB,00840501974710,HALF LB,$9.80,EA,HERBS
THYME LEMON               1 LB,10840501949913,1 LB,$23.55,CS,HERBS
TOFU HARD LOCAL           1 CT,00840501914334,1 CT,$5.91,EA,TOFU
TOFU HARD LOCAL          12 CT,10840501962608,12 CT,$23.80,CS,TOFU
TOFU HARD LOCAL (12  HALF CASE,00840501980728,HALF CASE,$13.98,EA,TOFU
TOFU MEDIUM LOCAL (1 HALF CASE,00840501986904,HALF CASE,$13.98,EA,TOFU
TOFU SOFT LOCAL           1 CT,00840501914402,1 CT,$5.91,EA,TOFU
TOFU SOFT LOCAL          12 CT,10840501974724,12 CT,$23.80,CS,TOFU
TOFU SOFT LOCAL (12  HALF CASE,00840501983248,HALF CASE,$13.98,EA,TOFU
TOMATILLO                 5 LB,00840501997979,5 LB,$11.12,EA,TOMATILLOS
TOMATILLO                34 LB,10840501921322,34 LB,$52.20,CS,TOMATILLOS
TOMATILLO (34 LB)    HALF CASE,00840501966722,HALF CASE,$28.18,EA,TOMATILLOS
TOMATILLO CHUYS PEELED   40 LB,10840501911729,40 LB,$39.70,CS,TOMATILLOS
TOMATILLO MILPERO        34 LB,10840501906879,34 LB,$49.20,CS,TOMATILLOS
TOMATILLO PEELED          5 LB,00840501957201,5 LB,$11.69,EA,TOMATILLOS
TOMATILLO PEELED         10 LB,00840501915546,10 LB,$19.09,EA,TOMATILLOS
TOMATILLO PEELED         34 LB,10840501939556,34 LB,$56.20,CS,TOMATILLOS
TOMATILLO PEELED (34 HALF CASE,00840501975250,HALF CASE,$30.18,EA,TOMATILLOS
TOMATO 4X4 2L            18 LB,10840501970832,18 LB,$48.20,CS,TOMATOES
TOMATO 4X5 2L            18 LB,10840501941740,18 LB,$39.12,CS,TOMATOES
TOMATO 5X5 2L            18 LB,10840501920714,18 LB,$35.12,CS,TOMATOES
TOMATO 5X6 2L            18 LB,10840501921568,18 LB,$35.12,CS,TOMATOES
TOMATO 5X6 EXTRA LAR HALF CASE,00840501966272,HALF CASE,$16.78,EA,TOMATOES
TOMATO 5X6 EXTRA LARGE   25 LB,10840501920646,25 LB,$37.04,CS,TOMATOES
TOMATO 6X6 LARGE         25 LB,10840501920578,25 LB,$37.64,CS,TOMATOES
TOMATO 6X6 LARGE (25 HALF CASE,00840501966104,HALF CASE,$16.50,EA,TOMATOES
TOMATO 6X7 MEDIUM        25 LB,10840501920400,25 LB,$37.64,CS,TOMATOES
TOMATO 6X7 MEDIUM (2 HALF CASE,00840501966036,HALF CASE,$16.00,EA,TOMATOES
TOMATO BEEFSTEAK RED   1 LAYER,10840501957376,1 LAYER,$31.20,CS,TOMATOES
TOMATO CHERRY               CS,10840501921490,CS,$30.35,CS,TOMATOES
TOMATO CHERRY             1 CT,00840501910510,1 CT,$6.55,EA,TOMATOES
TOMATO CHERRY             3 CT,00840501970460,3 CT,$11.40,EA,TOMATOES
TOMATO CHERRY (12 CT HALF CASE,00840501966890,HALF CASE,$17.78,EA,TOMATOES
TOMATO CHERRY ON VINE 11 LB CS,,11 LB CS,$32.20,CS,TOMATOES
TOMATO CLUSTER RED       11 LB,10840501992476,11 LB,$39.20,CS,TOMATOES
TOMATO DICED 1/2          5 LB,00840501935100,5 LB,$18.99,EA,PROCESSED
TOMATO DICED 1/2        4X5 LB,10840501935275,4X5 LB,$63.20,CS,PROCESSED
TOMATO DICED 1/4          5 LB,00840501962465,5 LB,$18.99,EA,PROCESSED
TOMATO DICED 1/4        4X5 LB,10840501973116,4X5 LB,$63.20,CS,PROCESSED
TOMATO DICED 3/8        4X5 LB,10840501909924,4X5 LB,$63.20,CS,PROCESSED
TOMATO DICED ROMA         5 LB,,5 LB,$18.99,EA,PROCESSED
TOMATO GRAPE              1 CT,00840501911364,1 CT,$6.55,EA,TOMATOES
TOMATO GRAPE             12 CT,10840501961540,12 CT,$26.04,CS,TOMATOES
TOMATO GRAPE (12 CT) HALF CASE,00840501980414,HALF CASE,$14.15,EA,TOMATOES
TOMATO GRAPE 3 CT         3 CT,10840501900082,3 CT,$12.10,CS,TOMATOES
TOMATO GRAPE YELLOW       1 CT,00840501919520,1 CT,$8.86,EA,TOMATOES
TOMATO GRAPE YELLOW      12 CT,10840501901997,12 CT,$59.20,CS,TOMATOES
TOMATO GREEN             25 LB,10840501921254,25 LB,$49.20,CS,TOMATOES
TOMATO GREEN (25 LB) HALF CASE,00840501966654,HALF CASE,$26.68,EA,TOMATOES
TOMATO HEIRLOOM BABY HALF CASE,00840501985914,HALF CASE,$18.93,EA,TOMATOES
TOMATO HEIRLOOM BABY MIX  1 CT,00840501920106,1 CT,$6.74,EA,TOMATOES
TOMATO HEIRLOOM BABY MIX 12 CT,10840501910807,12 CT,$33.70,CS,TOMATOES
TOMATO HEIRLOOM MIX      10 LB,10840501962226,10 LB,$42.20,CS,TOMATOES
TOMATO MINI MARZANO      11 LB,10840501993152,11 LB,$31.20,CS,TOMATOES
TOMATO RED TEAR DROP      1 CT,00840501911678,1 CT,$7.61,EA,TOMATOES
TOMATO RED TEAR DROP     12 CT,10840501959424,12 CT,$44.20,CS,TOMATOES
TOMATO RED TEAR DROP HALF CASE,00840501979838,HALF CASE,$24.18,EA,TOMATOES
TOMATO ROMA               5 LB,00840501920014,5 LB,$12.80,EA,TOMATOES
TOMATO ROMA #1           25 LB,10840501921018,25 LB,$31.51,CS,TOMATOES
TOMATO ROMA (25 LB)  HALF CASE,00840501966418,HALF CASE,$16.28,EA,TOMATOES
TOMATO ROMA DICED       4X5 LB,10840501923913,4X5 LB,$63.20,CS,PROCESSED
TOMATO ROMA SALSA        25 LB,10840501921186,25 LB,$44.19,CS,TOMATOES
TOMATO ROMA SALSA (2 HALF CASE,00840501966586,HALF CASE,$24.17,EA,TOMATOES
TOMATO ROMA SALSA BACKST 25 LB,,25 LB,,CS,TOMATOES
TOMATO ROMA SLICED 1/8  4X5 LB,10840501916472,4X5 LB,$71.20,CS,PROCESSED
TOMATO SALSA             25 LB,10840501920882,25 LB,$35.29,CS,TOMATOES
TOMATO SALSA #2 FRESH,70000000000009,1/25 LB,$34.65,CS,MISC.
TOMATO SALSA (25 LB) HALF CASE,00840501966340,HALF CASE,$24.17,EA,TOMATOES
TOMATO SLICED 1/4       4X5 LB,10840501968341,4X5 LB,$79.20,CS,PROCESSED
TOMATO SLICED 1/8         5 LB,00840501954545,5 LB,$22.99,EA,PROCESSED
TOMATO SLICED 1/8       4X5 LB,10840501970450,4X5 LB,$79.20,CS,PROCESSED
TOMATO SUNDRIED           5 LB,00840501942801,5 LB,$20.49,EA,TOMATOES
TOMATO SUNDRIED         4/5 LB,10840501950957,4/5 LB,$69.20,CS,TOMATOES
TOMATO YELLOW (BEEFSTEAK 10 LB,10840501950100,10 LB,$33.20,CS,TOMATOES
TOMATO YELLOW CHERRY      1 CT,00840501919452,1 CT,$8.03,EA,TOMATOES
TOMATO YELLOW CHERRY     12 CT,10840501968884,12 CT,$49.20,CS,TOMATOES
TOMATO YELLOW TEAR DROP   1 CT,00840501913726,1 CT,$8.86,EA,TOMATOES
TOMATO YELLOW TEAR DROP  12 CT,10840501960246,12 CT,$59.20,CS,TOMATOES
TUNAS                    35 LB,10840501986468,35 LB,$34.20,CS,CACTUS
TURMERIC                    CS,10840501946615,CS,$104.70,CS,ROOT
TURNIP                    5 LB,00840501954620,5 LB,$9.25,EA,TURNIPS
TURNIP                   25 LB,10840501949388,25 LB,$29.20,CS,TURNIPS
TURNIP (25 LB)       HALF CASE,00840501977476,HALF CASE,$16.68,EA,TURNIPS
TURNIP BABY              24 CT,10840501988134,24 CT,$54.20,CS,TURNIPS
TURNIP PEELED DICED 1     5 LB,00840501979302,5 LB,$24.55,EA,PROCESSED
TURNIP PEELED DICED 1   4X5 LB,10840501935039,4X5 LB,$85.45,CS,PROCESSED
TURNIP PEELED DICED 3/4   5 LB,00840501996996,5 LB,$24.55,EA,PROCESSED
TURNIP PEELED DICED 3/4 4X5 LB,10840501996825,4X5 LB,$85.45,CS,PROCESSED
TURNIP WHOLE PEELED       5 LB,00840501912576,5 LB,$20.24,EA,PROCESSED
TURNIP WHOLE PEELED     4X5 LB,10840501984174,4X5 LB,$68.20,CS,PROCESSED
TURNIP WHOLE PEELED DICED 5 LB,00840501934974,5 LB,$24.55,EA,PROCESSED
VEGETABLE MED ITALIAN B 4X5 LB,10840501968037,4X5 LB,$76.10,CS,PROCESSED
VERDOLAGA                24 CT,10840501956768,24 CT,$32.55,CS,HERBS
WATERCRESS             3 LB CS,10840501948152,3 LB CS,$24.20,CS,WATERCRESS
WATERCRESS (24 CT)   HALF CASE,00840501977094,HALF CASE,$14.18,EA,WATERCRESS
WATERCRESS HYDROPONIC    12 CT,10840501975028,12 CT,$24.20,CS,WATERCRESS
WATERMELON                1 CT,10840501906893,1 CT,$15.20,EA,MELONS
WATERMELON  BIN SEEDLESS 60 CT,10840501956201,60 CT,$489.20,CS,MELONS
WATERMELON CHUNKS         5 LB,00840501983941,5 LB,$20.01,EA,PROCESSED
WATERMELON CHUNKS CUP 6/8oz CS,10840501903816,6/8oz CS,$20.15,CS,PROCESSED
WATERMELON SEEDLESS       1 CT,10840501912733,1 CT,$13.20,EA,MELONS
WINTER MIX               25 LB,10840501919060,25 LB,$41.20,EA,PUMPKINS
YAM DICED               4X5 LB,10840501900075,4X5 LB,$51.20,CS,PROCESSED
YAM DICED 1/2             5 LB,10840501905032,5 LB,$20.20,CS,PROCESSED
YAM DICED 1/4           4X5 LB,10840501977183,4X5 LB,$51.20,CS,PROCESSED
YAM DICED 1/4 INCH        5 LB,00840501999577,5 LB,$15.99,EA,PROCESSED
YAM DICED 1X1 20LB CS   4X5 LB,10840501915482,4X5 LB,$60.70,CS,PROCESSED
YAM DICED 2X2 20LB CS   4X5 LB,10840501915550,4X5 LB,$60.70,CS,PROCESSED
YAM DICED 3/4           4X5 LB,10840501981661,4X5 LB,$51.20,CS,PROCESSED
YAM DICED 3/8           4X5 LB,10840501982651,4X5 LB,$51.20,CS,PROCESSED
YAM DICED SKIN ON 1     4X5 LB,10840501998287,4X5 LB,$57.20,CS,PROCESSED
YAM DICED SKIN ON 1/4   4X5 LB,10840501911118,4X5 LB,$37.20,CS,PROCESSED
YAM PEELED                5 LB,00840501912194,5 LB,$14.24,EA,PROCESSED
YAM PEELED              4X5 LB,10840501963834,4X5 LB,$44.20,CS,PROCESSED
YAM PEELED DICED 1/2    4X5 LB,10840501950407,4X5 LB,$37.10,CS,PROCESSED
YAM PEELED DICED 1X1    4X5 LB,10840501958755,4X5 LB,$60.70,CS,PROCESSED
YAM PEELED DICED 2X2    4X5 LB,10840501909238,4X5 LB,$60.70,CS,PROCESSED
YAM PEELED QUARTERED      5 LB,00840501997986,5 LB,$15.74,EA,PROCESSED
YAM PEELED QUARTERED    4X5 LB,10840501979859,4X5 LB,$50.20,CS,PROCESSED
YAM PEELED SLICED 1/4   4X5 LB,10840501962851,4X5 LB,$51.20,CS,PROCESSED
YAM PEELED SLICED 1/8     5 LB,00840501959816,5 LB,$18.06,EA,PROCESSED
YAM PEELED SLICED 1/8   4X5 LB,10840501988370,4X5 LB,$59.50,CS,PROCESSED
YAM PEELED SLICED 3/4   4X5 LB,10840501959677,4X5 LB,$65.15,CS,PROCESSED
YAM PEELED SLICED 3/8     5 LB,00840501959748,5 LB,$19.48,EA,PROCESSED
YAM SHOE STRING           5 LB,10840501988066,5 LB,$51.60,EA,PROCESSED
YAM WEDGES                5 LB,00840501938798,5 LB,$20.09,EA,PROCESSED
YAM WEDGES              4X5 LB,10840501939167,4X5 LB,$67.60,CS,PROCESSED
YAMS                      5 LB,00840501996507,5 LB,$6.89,EA,YAMS
YAMS 12-16 OZ            40 LB,10840501985249,40 LB,$33.20,CS,YAMS
YAMS JAPANESE            40 LB,10840501952319,40 LB,$71.20,CS,YAMS
YAMS JUMBO               40 LB,10840501953552,40 LB,$25.20,CS,YAMS
YAMS JUMBO (40 LB)   HALF CASE,00840501978770,HALF CASE,$14.68,EA,YAMS
YAMS MEDIUM              40 LB,10840501944406,40 LB,$27.20,CS,YAMS
YAMS MEDIUM (40 LB)  HALF CASE,00840501976240,HALF CASE,$14.68,EA,YAMS
YAMS PURPLE              40 LB,10840501933677,40 LB,$94.20,CS,YAMS
YAMS SALTGRASS 18-22 OZ  40 LB,10840501955457,40 LB,$28.20,CS,YAMS
YAMS WHITE               40 LB,10840501963155,40 LB,$39.20,CS,YAMS
YUCA                      5 LB,00840501996743,5 LB,$9.52,EA,YUCA
YUCA                     40 LB,10840501938566,40 LB,$46.20,CS,YUCA
YUCA (40 LB)         HALF CASE,00840501974574,HALF CASE,$25.18,EA,YUCA
YUCA PEELED               5 LB,00840501960782,5 LB,$26.24,EA,PROCESSED
YUCA PEELED             4X5 LB,10840501960611,4X5 LB,$92.20,CS,PROCESSED
YUKON WEDGES 6-WAY        5 LB,00840501984184,5 LB,$16.01,EA,PROCESSED
YUKON WEDGES 6-WAY      4X5 LB,10840501984013,4X5 LB,$51.30,CS,PROCESSED
