Item Description,UOM,Seq,Pack Type,Price,Last Inventory Qty,Inv Count,Total Price
SNAPPER RED FILLET 4-6OZ SK/OFF GW,lb,1,,$26.70,0.00 lb,0.00 lb,$0.00
SNAPPER RED FILLET 4-6OZ SK/OFF GW,EA,1,,$26.70,0.00 EA,0.00 EA,$0.00
CHICKEN CVP THIGH B/S HALAL JM,CS,2,4/10LB,$97.50,0.00 CS,0.00 CS,$0.00
CHICKEN CVP THIGH B/S HALAL JM,EA,2,4/10LB,$24.38,0.00 EA,0.00 EA,$0.00
DOUGH COOKIE CHOC CHUNK 3OZ,CS,3,104/3 OZ,$78.25,5.00 CS,3.00 CS,$234.75
DOUGH COOKIE CHOC CHUNK 3OZ,EA,3,104/3 OZ,$0.75,0.00 EA,0.00 EA,$0.00
DOUGH FALAFEL,CS,4,4/3.5 LB,$43.06,0.00 CS,0.00 CS,$0.00
DOUGH FALAFEL,EA,4,4/3.5 LB,$10.77,0.00 EA,0.00 EA,$0.00
CORN WHL KERNEL GR A P,CS,5,12/2.5LB,$45.80,3.00 CS,3.00 CS,$137.40
CORN WHL KERNEL GR A P,EA,5,12/2.5LB,$3.82,0.00 EA,0.00 EA,$0.00
CHICKEN ENCHILADA 1.75 OZ,CS,6,90/1.75OZ,$41.93,6.00 CS,6.00 CS,$251.58
CHICKEN ENCHILADA 1.75 OZ,EA,6,90/1.75OZ,$0.47,0.00 EA,0.00 EA,$0.00
BEEF RIBEYE LPON BNLSSELCT,CS,7,3/15-18#,$12.64,49.50 CS,53.70 CS,$678.77
FISH PACK 5/7 OZ IQF TILAPIA,CS,8,1/10 LB,$52.44,14.00 CS,6.00 CS,$314.64
FISH PACK 5/7 OZ IQF TILAPIA,EA,8,1/10 LB,$52.44,0.00 EA,0.00 EA,$0.00
CHICKEN DRUMSTICK IQF XLARGE,CS,9,96/3.6 OZ,$30.13,13.00 CS,12.50 CS,$376.62
CHICKEN DRUMSTICK IQF XLARGE,EA,9,96/3.6 OZ,$0.31,0.00 EA,0.00 EA,$0.00
MUFFIN VARIETY IW,CS,10,60/4 OZ,$71.87,18.00 CS,16.00 CS,"$1,149.92"
MUFFIN VARIETY IW,EA,10,60/4 OZ,$1.20,0.00 EA,0.00 EA,$0.00
EGGROLL VEGETABLE,CS,11,72/3 OZ,$49.57,9.00 CS,8.00 CS,$396.56
EGGROLL VEGETABLE,EA,11,72/3 OZ,$0.69,0.00 EA,0.00 EA,$0.00
CHICKEN THIGH BNLS SKLS HALAL,CS,12,4/10 LB,$68.03,10.00 CS,2.00 CS,$136.06
CHICKEN THIGH BNLS SKLS HALAL,EA,12,4/10 LB,$17.01,0.00 EA,0.00 EA,$0.00
BEEF OXTAILS CUT FRZN,lb,13,1/15#,$9.06,0.00 lb,64.50 lb,$584.37
BEEF GRND BULK 80/20 HMBRGR,CS,14,4/5 LB,$108.32,8.00 CS,1.00 CS,$108.32
BEEF GRND BULK 80/20 HMBRGR,EA,14,4/5 LB,$27.08,0.00 EA,0.00 EA,$0.00
PORK RIB ST.LOUIS CKD SMK,CS,15,12/1.75#,$8.14,171.63 CS,171.63 CS,"$1,397.07"
BEEF FRITTER TX STY BRD,CS,16,40/4 OZ,$53.01,2.00 CS,0.00 CS,$0.00
BEEF FRITTER TX STY BRD,EA,16,40/4 OZ,$1.32,0.00 EA,0.00 EA,$0.00
CHICKEN CVP BRST TENDER JUMBO,CS,17,4/10 LB,$110.07,6.00 CS,5.00 CS,$550.35
CHICKEN CVP BRST TENDER JUMBO,EA,17,4/10 LB,$27.52,0.00 EA,0.00 EA,$0.00
BEEF BRISKET DCKL- OFF 120,CS,18,5/10#UP,$5.21,0.00 CS,0.00 CS,$0.00
CHICKEN BRST FIL ITAL BRD PRCK,CS,19,34/4.7 OZ,$55.81,2.00 CS,2.00 CS,$111.62
CHICKEN BRST FIL ITAL BRD PRCK,EA,19,34/4.7 OZ,$1.64,0.00 EA,0.00 EA,$0.00
OKRA CUT GR A IQF,CS,20,1/30 LB,$50.99,1.00 CS,1.00 CS,$50.99
OKRA CUT GR A IQF,EA,20,1/30 LB,$50.99,0.00 EA,0.00 EA,$0.00
CAKE TIRAMISU BSTRO,CS,21,24/2.6OZ,$43.72,0.00 CS,0.00 CS,$0.00
CAKE TIRAMISU BSTRO,EA,21,24/2.6OZ,$1.82,0.00 EA,0.00 EA,$0.00
CHICKEN PTY FRT HOT&SPCY WHLGR,CS,22,173/3 OZ,$102.69,2.00 CS,1.00 CS,$102.69
CHICKEN PTY FRT HOT&SPCY WHLGR,EA,22,173/3 OZ,$0.59,0.00 EA,0.00 EA,$0.00
CORN COB PETITE NW GR A,CS,23,1/96CT,$41.99,3.00 CS,2.00 CS,$83.98
CORN COB PETITE NW GR A,EA,23,1/96CT,$41.99,0.00 EA,0.00 EA,$0.00
BROWNIE CHOC CHUNK FABULOUS,CS,24,4/3LB,$89.38,0.00 CS,4.00 CS,$357.52
BROWNIE CHOC CHUNK FABULOUS,EA,24,4/3LB,$22.35,0.00 EA,0.00 EA,$0.00
GREEN COLLARD FZN,CS,25,12/3 LB,$59.27,1.00 CS,1.00 CS,$59.27
GREEN COLLARD FZN,EA,25,12/3 LB,$4.94,0.00 EA,0.00 EA,$0.00
CHICKEN CVP BRST TND CLP HALAL,CS,26,4/10 LB,$112.03,1.00 CS,1.00 CS,$112.03
CHICKEN CVP BRST TND CLP HALAL,EA,26,4/10 LB,$28.01,0.00 EA,0.00 EA,$0.00
CHICKEN CVP BRST RDM HALAL,CS,27,4/10 LB,$84.65,0.00 CS,0.00 CS,$0.00
CHICKEN CVP BRST RDM HALAL,EA,27,4/10 LB,$21.16,0.00 EA,0.00 EA,$0.00
CHICKEN THIGH BNLS/SKLS RAW,CS,28,4/10 LB,$137.28,0.00 CS,0.00 CS,$0.00
CHICKEN THIGH BNLS/SKLS RAW,EA,28,4/10 LB,$34.32,0.00 EA,0.00 EA,$0.00
DESSERT BAR VARIETY UNC,CS,29,4/12X8,$95.73,0.00 CS,0.00 CS,$0.00
DESSERT BAR VARIETY UNC,EA,29,4/12X8,$23.93,0.00 EA,0.00 EA,$0.00
BROWNIE BLONDIE SHT QTR,CS,30,4/40 OZ,$72.41,0.00 CS,0.00 CS,$0.00
BROWNIE BLONDIE SHT QTR,EA,30,4/40 OZ,$18.10,0.00 EA,0.00 EA,$0.00
PORK CRMBL CHORIZO FULLY CKD,CS,31,2/5 LB,$40.24,1.00 CS,0.00 CS,$0.00
PORK CRMBL CHORIZO FULLY CKD,EA,31,2/5 LB,$20.12,0.00 EA,0.00 EA,$0.00
BEEF ROAST SLI TOP RND .5 OZ,CS,32,6/2 LB,$127.27,0.00 CS,3.00 CS,$381.81
BEEF ROAST SLI TOP RND .5 OZ,EA,32,6/2 LB,$21.21,0.00 EA,0.00 EA,$0.00
PEACH SLI IQF,CS,33,2/5 LB,$27.70,7.50 CS,5.00 CS,$138.50
PEACH SLI IQF,EA,33,2/5 LB,$13.85,0.00 EA,0.00 EA,$0.00
TURKEY BRST SMK SLICE,CS,34,12/1LBS,$70.89,6.00 CS,6.00 CS,$425.34
TURKEY BRST SMK SLICE,EA,34,12/1LBS,$5.91,0.00 EA,0.00 EA,$0.00
SAUSAGE BEEF SMKD WSTRN,CS,35,2/5 LB,$69.55,13.00 CS,14.00 CS,$973.70
SAUSAGE BEEF SMKD WSTRN,EA,35,2/5 LB,$34.78,0.00 EA,0.00 EA,$0.00
SAUCE ALFREDO POUCH GF,CS,36,4/96 OZ,$78.72,5.00 CS,3.00 CS,$236.16
SAUCE ALFREDO POUCH GF,EA,36,4/96 OZ,$19.68,0.00 EA,0.00 EA,$0.00
BEEF PATTY GR 80/20 4-1 FZ,CS,37,80/4 OZ,$110.28,0.00 CS,0.00 CS,$0.00
BEEF PATTY GR 80/20 4-1 FZ,EA,37,80/4 OZ,$1.38,0.00 EA,0.00 EA,$0.00
BEEF TENDERLOIN PSMO,CS,38,12/5#-UP,$18.68,0.00 CS,0.00 CS,$0.00
BEEF PATTY,CS,39,30/8 OZ,$62.29,14.00 CS,10.00 CS,$622.90
BEEF PATTY,EA,39,30/8 OZ,$2.08,0.00 EA,0.00 EA,$0.00
BEEF SKIRT INSIDE FAJ WHL MARN TW FRZN,lb,40,2/5#,$8.62,100.00 lb,75.00 lb,$646.50
CHICKEN BREAST FOR FAJITA TW MARN FRZN,lb,41,4/5#av,$2.30,0.00 lb,0.00 lb,$0.00
pork chop (bone-in),cs,42,16/10 oz,$5.35,0.00 cs,0.00 cs,$0.00
PORK LOIN BNLS CC ALWYS TNDR,CS,43,2/8-9#AV,$2.23,0.00 CS,0.00 CS,$0.00
TURKEY GROUND 93/7,CS,44,2/10 LB,$60.31,0.00 CS,0.00 CS,$0.00
TURKEY GROUND 93/7,EA,44,2/10 LB,$30.16,0.00 EA,0.00 EA,$0.00
AVOCADO HASS FRSH HAND SCOOPED,CS,45,8/2 LB,$76.12,1.00 CS,1.00 CS,$76.12
AVOCADO HASS FRSH HAND SCOOPED,EA,45,8/2 LB,$9.52,0.00 EA,0.00 EA,$0.00
APTZR POTSTICKER CHICKEN,CS,46,120/1OZ,$57.05,0.00 CS,0.00 CS,$0.00
APTZR POTSTICKER CHICKEN,EA,46,120/1OZ,$0.48,0.00 EA,0.00 EA,$0.00
APTZR QUICHE ASST MINI,CS,47,4/25 CT,$87.86,0.00 CS,0.00 CS,$0.00
APTZR QUICHE ASST MINI,EA,47,4/25 CT,$21.97,0.00 EA,0.00 EA,$0.00
SAUSAGE BREAKFAST PATTY VEGAN,CS,48,90/1.7 OZ,$79.80,0.00 CS,0.00 CS,$0.00
SAUSAGE BREAKFAST PATTY VEGAN,EA,48,90/1.7 OZ,$0.89,0.00 EA,0.00 EA,$0.00
SAUSAGE ANDOUILLE LNK 4X1,CS,49,2/5 LB,$50.96,4.00 CS,7.00 CS,$356.72
SAUSAGE ANDOUILLE LNK 4X1,EA,49,2/5 LB,$25.48,0.00 EA,0.00 EA,$0.00
SALAMI GENOA SLI .125 OZ,CS,50,6/2 LB,$86.32,0.00 CS,0.00 CS,$0.00
SALAMI GENOA SLI .125 OZ,EA,50,6/2 LB,$14.39,0.00 EA,0.00 EA,$0.00
SAUCE PESTO BASIL GREENLEAF,CS,51,3/1.6LB,$66.26,0.00 CS,0.00 CS,$0.00
SAUCE PESTO BASIL GREENLEAF,EA,51,3/1.6LB,$22.09,0.00 EA,0.00 EA,$0.00
PASTA SHEET LASGNA PRCK,CS,52,1/10LB,$37.85,3.00 CS,3.00 CS,$113.55
PASTA SHEET LASGNA PRCK,EA,52,1/10LB,$37.85,0.00 EA,0.00 EA,$0.00
DOUGH COBBLER CRUST SHEET,CS,53,24/1 LB,$69.24,0.00 CS,0.00 CS,$0.00
DOUGH COBBLER CRUST SHEET,EA,53,24/1 LB,$2.88,0.00 EA,0.00 EA,$0.00
DOUGH COOKIE MACADM NUT,CS,54,210/1.5 OZ,$74.67,0.00 CS,0.00 CS,$0.00
DOUGH COOKIE MACADM NUT,EA,54,210/1.5 OZ,$0.36,0.00 EA,0.00 EA,$0.00
PINEAPPLE CHUNK IQF FRZN,CS,55,2/5,$28.92,7.00 CS,2.00 CS,$57.84
PINEAPPLE CHUNK IQF FRZN,EA,55,2/5,$14.46,0.00 EA,0.00 EA,$0.00
BLUEBERRY IQF,CS,56,2/5 LB,$38.19,6.50 CS,2.00 CS,$76.38
BLUEBERRY IQF,EA,56,2/5 LB,$19.10,0.00 EA,0.00 EA,$0.00
MANGO CHUNK IQF,CS,57,1/20LB,$67.03,9.00 CS,6.00 CS,$402.18
MANGO CHUNK IQF,EA,57,1/20LB,$67.03,0.00 EA,0.00 EA,$0.00
STRAWBERRY WHL IQF,CS,58,2/5LB,$29.41,2.00 CS,2.00 CS,$58.82
STRAWBERRY WHL IQF,EA,58,2/5LB,$14.71,0.00 EA,0.00 EA,$0.00
TURKEY DICED WHITE IQF 3/8,CS,59,2/5 LB,$33.53,2.00 CS,3.00 CS,$100.59
TURKEY DICED WHITE IQF 3/8,EA,59,2/5 LB,$16.77,0.00 EA,0.00 EA,$0.00
APPLE SLICE IQF GOLDEN DELIC,CS,60,1/40 LB,$44.07,0.00 CS,0.00 CS,$0.00
APPLE SLICE IQF GOLDEN DELIC,EA,60,1/40 LB,$44.07,0.00 EA,0.00 EA,$0.00
CHICKEN CUT 8PC IF RAW,CS,61,1/30 LB,$78.65,0.00 CS,0.00 CS,$0.00
CHICKEN CUT 8PC IF RAW,EA,61,1/30 LB,$78.65,0.00 EA,0.00 EA,$0.00
PORK BOSTON BUTT BNLS VP 2CT,CS,62,4/16#AVG,$2.14,0.00 CS,0.00 CS,$0.00
BEEF FLANK STEAK CH 3PK 6EA,CS,63,3/11#AVG,$9.00,87.50 CS,56.10 CS,$504.90
BEEF CHUCK BNLS 2-PC CH 126A,CS,64,1/70#AVG,,0.00 CS,0.00 CS,$0.00
TURKEY BURGER WHT MEAT,CS,65,30/5.3 OZ,$35.33,0.00 CS,1.00 CS,$35.33
TURKEY BURGER WHT MEAT,EA,65,30/5.3 OZ,$1.18,0.00 EA,0.00 EA,$0.00
BEEF STRIP LOIN BNLS 1X1 SEL,CS,66,3/12.5#,$10.24,175.00 CS,140.00 CS,"$1,433.60"
BEEF GROUND BULK 80/20 4/10#,CS,67,4/10 LB,$220.34,3.00 CS,3.00 CS,$661.02
BEEF GROUND BULK 80/20 4/10#,EA,67,4/10 LB,$55.09,0.00 EA,0.00 EA,$0.00
OKRA CUT IQF,CS,68,12/3 LB,$63.74,1.00 CS,0.50 CS,$31.87
OKRA CUT IQF,EA,68,12/3 LB,$5.31,0.00 EA,0.00 EA,$0.00
PEA & CARROT GR A P,CS,69,12/2.5 LB,$46.16,0.00 CS,0.00 CS,$0.00
PEA & CARROT GR A P,EA,69,12/2.5 LB,$3.85,0.00 EA,0.00 EA,$0.00
CORN WHL KERNEL,CS,70,1/30LB,$40.91,1.00 CS,1.00 CS,$40.91
CORN WHL KERNEL,EA,70,1/30LB,$40.91,0.00 EA,0.00 EA,$0.00
DOUGH COOKIE CHOC CHUNK,CS,71,140/2 OZ,$74.15,0.00 CS,0.00 CS,$0.00
DOUGH COOKIE CHOC CHUNK,EA,71,140/2 OZ,$0.53,0.00 EA,0.00 EA,$0.00
BEEF TOP SIRLOIN BUTT 14UP,CS,72,5/14#AV,$7.22,135.00 CS,120.00 CS,$866.40
BANANA SLICE IQF CHEF RDY CUT,CS,73,2/5 LB,$20.63,6.00 CS,2.00 CS,$41.26
BANANA SLICE IQF CHEF RDY CUT,EA,73,2/5 LB,$10.32,0.00 EA,0.00 EA,$0.00
CATFISH FIL SHANK 3-5 OZ USA,CS,74,1/15LB,$87.19,0.00 CS,0.00 CS,$0.00
CATFISH FIL SHANK 3-5 OZ USA,EA,74,1/15LB,$87.19,0.00 EA,0.00 EA,$0.00
SWAI FIL BNLS SKLS 5-7 OZ,CS,75,1/15 LB,$74.56,0.00 CS,0.00 CS,$0.00
SWAI FIL BNLS SKLS 5-7 OZ,EA,75,1/15 LB,$74.56,0.00 EA,0.00 EA,$0.00
CHICKEN MEAT DICE WHT LSOD,CS,76,2/5LB,$53.34,0.00 CS,0.00 CS,$0.00
CHICKEN MEAT DICE WHT LSOD,EA,76,2/5LB,$26.67,0.00 EA,0.00 EA,$0.00
MEATBALL ITAL BF PK FC 1 OZ,CS,77,2/5 LB,$62.80,5.00 CS,3.00 CS,$188.40
MEATBALL ITAL BF PK FC 1 OZ,EA,77,2/5 LB,$31.40,0.00 EA,0.00 EA,$0.00
MEATBALL TURKEY COOKED,CS,78,2/5LB,$32.52,0.00 CS,0.00 CS,$0.00
MEATBALL TURKEY COOKED,EA,78,2/5LB,$16.26,0.00 EA,0.00 EA,$0.00
PORK CKD PASTOR,CS,79,2/5 LB,$5.39,20.00 CS,10.00 CS,$53.90
PEPPERONI SLICED PORK&BF14-16C,CS,80,1/10LB,$50.79,0.00 CS,0.00 CS,$0.00
PEPPERONI SLICED PORK&BF14-16C,EA,80,1/10LB,$50.79,0.00 EA,0.00 EA,$0.00
beef sliders 1.7 oz,cs,81,188 each,$79.81,5.00 cs,0.00 cs,$0.00
beef sliders 1.7 oz,EA,81,188 each,$79.81,0.00 EA,0.00 EA,$0.00
chicken breast filet 5 oz portions,lb,82,1/20#,$6.48,0.00 lb,0.00 lb,$0.00
BURGER VEG BEYOND PATTY,CS,83,40/4OZ,$91.20,2.00 CS,2.00 CS,$182.40
BURGER VEG BEYOND PATTY,EA,83,40/4OZ,$2.28,0.00 EA,0.00 EA,$0.00
SAUSAGE CHORIZO VEGAN BULK,CS,84,2/5 LB,$67.66,0.00 CS,0.00 CS,$0.00
SAUSAGE CHORIZO VEGAN BULK,EA,84,2/5 LB,$33.83,0.00 EA,0.00 EA,$0.00
NOODLE YAKISOBA,CS,85,6/5 LB,$61.65,3.00 CS,3.00 CS,$184.95
NOODLE YAKISOBA,EA,85,6/5 LB,$10.28,0.00 EA,0.00 EA,$0.00
CHICKEN WING IF 1&2 JT,CS,86,6/5 LB,$81.02,0.00 CS,0.00 CS,$0.00
CHICKEN WING IF 1&2 JT,EA,86,6/5 LB,$13.50,0.00 EA,0.00 EA,$0.00
CHURRO PRFRD MEXICAN PASTRY,CS,87,"100/16""",$88.96,2.00 CS,2.00 CS,$177.92
CHURRO PRFRD MEXICAN PASTRY,EA,87,"100/16""",$0.89,0.00 EA,0.00 EA,$0.00
SAUSAGE SMKD ON STK 9 3X1,CS,88,1/10LB,$54.04,0.00 CS,0.00 CS,$0.00
SAUSAGE SMKD ON STK 9 3X1,EA,88,1/10LB,$54.04,0.00 EA,0.00 EA,$0.00
TURKEY DRUMSTICK SMO 22/29 OZ,CS,89,1/35 LB,$5.29,0.00 CS,105.00 CS,$555.45
CAKE LOAF PULLMAN SLI VAR  #9,CS,90,4/18 SLI,$103.97,0.00 CS,0.00 CS,$0.00
CAKE LOAF PULLMAN SLI VAR  #9,EA,90,4/18 SLI,$25.99,0.00 EA,0.00 EA,$0.00
CANDIED APPLE PORK BELLY,CS,91,200 / 0.80 OZ,$312.17,1.00 CS,1.00 CS,$312.17
CANDIED APPLE PORK BELLY,EA,91,200 / 0.80 OZ,$1.56,0.00 EA,0.00 EA,$0.00
PORK CARNITAS MEAT PRCK CAFE H,CS,92,6/5#AVG,$4.57,61.00 CS,15.00 CS,$68.55
ENCHILADA CHEESE 1.63 OZ,CS,93,90/1.63OZ,$29.22,2.00 CS,2.00 CS,$58.44
ENCHILADA CHEESE 1.63 OZ,EA,93,90/1.63OZ,$0.32,0.00 EA,0.00 EA,$0.00
SOUP POTATO BKD STFD,CS,94,4/8 LB,$79.30,0.50 CS,0.00 CS,$0.00
SOUP POTATO BKD STFD,EA,94,4/8 LB,$19.83,0.00 EA,0.00 EA,$0.00
POTATO REDSKIN FLM RSTD & VEGS,CS,95,6/2.5 LB,$32.07,5.00 CS,5.00 CS,$160.35
POTATO REDSKIN FLM RSTD & VEGS,EA,95,6/2.5 LB,$5.34,0.00 EA,0.00 EA,$0.00
SOUP BROCCOLI CHEESE,CS,96,4/8 LB,$78.07,3.50 CS,3.50 CS,$273.25
SOUP BROCCOLI CHEESE,EA,96,4/8 LB,$19.52,0.00 EA,0.00 EA,$0.00
DOUGH DANISH MINI SELECTION,CS,97,120/1.5 OZ,$49.16,4.00 CS,4.00 CS,$196.64
DOUGH DANISH MINI SELECTION,EA,97,120/1.5 OZ,$0.41,0.00 EA,0.00 EA,$0.00
OKRA BRD HVY,CS,98,4/5LB,$32.90,0.00 CS,1.00 CS,$32.90
OKRA BRD HVY,EA,98,4/5LB,$8.22,0.00 EA,0.00 EA,$0.00
BLACKBERRY IQF,CS,99,2/5 LB,$46.40,6.00 CS,5.00 CS,$232.00
BLACKBERRY IQF,EA,99,2/5 LB,$23.20,0.00 EA,0.00 EA,$0.00
APTZR BEEF DLX WELLINGTON,CS,100,4/25 CT,$148.63,2.00 CS,2.00 CS,$297.26
APTZR BEEF DLX WELLINGTON,EA,100,4/25 CT,$37.16,0.00 EA,0.00 EA,$0.00
DIP SPINACH ARTICHOKE FRZN,CS,101,4/64 OZ,$52.21,5.00 CS,4.00 CS,$208.84
DIP SPINACH ARTICHOKE FRZN,EA,101,4/64 OZ,$13.05,0.00 EA,0.00 EA,$0.00
GUACAMOLE WESTERN,CS,102,6/3 LB,$72.85,3.00 CS,2.00 CS,$145.70
GUACAMOLE WESTERN,EA,102,6/3 LB,$12.14,0.00 EA,0.00 EA,$0.00
STRAWBERRY SLICED IQF CHEF RC,CS,103,2/5 LB,$34.20,6.00 CS,0.00 CS,$0.00
STRAWBERRY SLICED IQF CHEF RC,EA,103,2/5 LB,$17.10,0.00 EA,0.00 EA,$0.00
DOUGH ROLL CINNAMON CN LBL,CS,104,120/2.5 OZ,$38.79,1.50 CS,0.00 CS,$0.00
DOUGH ROLL CINNAMON CN LBL,EA,104,120/2.5 OZ,$0.32,0.00 EA,0.00 EA,$0.00
BEEF BRISKET BBQ SMK WHL,CS,105,2/7#AVG,$12.16,14.00 CS,0.00 CS,$0.00
BEEF BRISKET SLI,CS,106,2/7#AVG,$13.05,84.00 CS,14.00 CS,$182.70
BEEF BRISKET SMOKED CHOPPED,CS,107,2/5LB,$128.53,0.00 CS,0.00 CS,$0.00
BEEF BRISKET SMOKED CHOPPED,EA,107,2/5LB,$64.27,0.00 EA,0.00 EA,$0.00
CHICKEN BRST IFZ MARN NAE 5OZ,CS,108,4/5 LB,$86.42,1.25 CS,1.00 CS,$86.42
CHICKEN BRST IFZ MARN NAE 5OZ,EA,108,4/5 LB,$21.61,0.00 EA,0.00 EA,$0.00
CHICKEN TENDER HOMESTYL BRD FC,CS,109,1/20 LB,$67.28,0.00 CS,0.00 CS,$0.00
CHICKEN TENDER HOMESTYL BRD FC,EA,109,1/20 LB,$67.28,0.00 EA,0.00 EA,$0.00
CHICKEN WING STINGER PRCKD 1&2,CS,110,3/5 LB,$59.75,15.00 CS,12.00 CS,$717.00
CHICKEN WING STINGER PRCKD 1&2,EA,110,3/5 LB,$19.92,0.00 EA,0.00 EA,$0.00
CHICKEN WING STMD JBO 1&2 JNT,CS,111,2/5 LB,$41.07,3.50 CS,6.00 CS,$246.42
CHICKEN WING STMD JBO 1&2 JNT,EA,111,2/5 LB,$20.54,0.00 EA,0.00 EA,$0.00
EGGROLL PORK & VEG 3 OZ BULK,CS,112,1/72CT,$51.97,11.00 CS,10.00 CS,$519.70
EGGROLL PORK & VEG 3 OZ BULK,EA,112,1/72CT,$51.97,0.00 EA,0.00 EA,$0.00
HAM PIT BNLS W/A FC GHP,CS,113,2/12#AVG,$4.29,104.30 CS,104.30 CS,$447.45
HAM SLICED SMK H\W .5OZ FRESH,CS,114,6/2 LB,$64.71,5.00 CS,5.00 CS,$323.55
HAM SLICED SMK H\W .5OZ FRESH,EA,114,6/2 LB,$10.79,0.00 EA,0.00 EA,$0.00
PORK BBQ SMKD PULLED PREMIUM,CS,115,2/5 LB,$67.94,1.00 CS,2.00 CS,$135.88
PORK BBQ SMKD PULLED PREMIUM,EA,115,2/5 LB,$33.97,0.00 EA,0.00 EA,$0.00
PORK LOIN BONELESS CTR CUT,CS,116,2/10 LB,$2.63,72.56 CS,39.15 CS,$102.96
SHRIMP WHT RAW 16-20CT,CS,117,5/2 LB,$82.54,36.00 CS,24.50 CS,"$2,022.23"
SHRIMP WHT RAW 16-20CT,EA,117,5/2 LB,$16.51,0.00 EA,0.00 EA,$0.00
SPINACH CHOPPED IQF,CS,118,12/2LB,$46.58,4.00 CS,2.00 CS,$93.16
SPINACH CHOPPED IQF,EA,118,12/2LB,$3.88,0.00 EA,0.00 EA,$0.00
STEAK BEEF PHILLY,CS,119,1/60 PC,$109.27,3.00 CS,0.00 CS,$0.00
STEAK BEEF PHILLY,EA,119,1/60 PC,$109.30,0.00 EA,0.00 EA,$0.00
BEEF SKIRT INSIDE FAJ MARN,CS,120,4/5#AVG,$9.90,60.00 CS,50.00 CS,$495.00
BEEF FOR STEW 135A 3/4 - 1 1/2,CS,121,2/5 LB,$77.63,4.00 CS,7.00 CS,$543.41
BEEF FOR STEW 135A 3/4 - 1 1/2,EA,121,2/5 LB,$38.82,0.00 EA,0.00 EA,$0.00
CHICKEN DICED 1/2IN FC DRK/WHT,CS,122,2/5 LB,$47.26,2.00 CS,1.00 CS,$47.26
CHICKEN DICED 1/2IN FC DRK/WHT,EA,122,2/5 LB,$23.63,0.00 EA,0.00 EA,$0.00
CHICKEN DICED 1/2IN FC WHT,CS,123,2/5 LB,$50.52,4.00 CS,0.00 CS,$0.00
CHICKEN DICED 1/2IN FC WHT,EA,123,2/5 LB,$25.26,0.00 EA,0.00 EA,$0.00
DOUGH COOKIE CARAMEL CRUN,CS,124,84/3OZ,$98.14,8.00 CS,5.00 CS,$490.70
DOUGH COOKIE CARAMEL CRUN,EA,124,84/3OZ,$1.17,0.00 EA,0.00 EA,$0.00
DOUGH COOKIE OTML RSN XXL GRMT,CS,125,60/5 OZ,$73.16,0.00 CS,0.00 CS,$0.00
DOUGH COOKIE OTML RSN XXL GRMT,EA,125,60/5 OZ,$1.22,0.00 EA,0.00 EA,$0.00
PORK CHOP B/I C/C 4 OZ SEAS,CS,126,40/4 OZ,$46.34,38.00 CS,31.00 CS,"$1,436.54"
PORK CHOP B/I C/C 4 OZ SEAS,EA,126,40/4 OZ,$1.16,0.00 EA,0.00 EA,$0.00
ROLL CINNAMON T&S,CS,127,24/6 OZ,$33.99,7.00 CS,7.00 CS,$237.93
ROLL CINNAMON T&S,EA,127,24/6 OZ,$1.42,0.00 EA,0.00 EA,$0.00
SAUSAGE JALAPENO HICK SMKD 4/1,CS,128,1/10 LB,$42.18,20.00 CS,18.00 CS,$759.24
SAUSAGE JALAPENO HICK SMKD 4/1,EA,128,1/10 LB,$42.18,0.00 EA,0.00 EA,$0.00
SAUSAGE POLISH ROPE KIELB,CS,129,1/20 LB,$97.83,2.00 CS,2.00 CS,$195.66
SAUSAGE POLISH ROPE KIELB,EA,129,1/20 LB,$97.83,0.00 EA,0.00 EA,$0.00
TURKEY TOM GR A WHL 16-20,CS,130,2/16-20#,$1.75,125.34 CS,125.34 CS,$219.34
TURKEY BRST RST PET RTC,CS,131,6/5#AVG,$5.33,226.02 CS,184.13 CS,$981.41
CRABCAKE BUCKHEAD 3 OZ,CS,132,,$39.03,3.00 CS,0.00 CS,$0.00
CRABCAKE BUCKHEAD 3 OZ,EA,132,,$1.30,0.00 EA,0.00 EA,$0.00
SALMON ATL PRTN BL/SL6OZ FRO,CS,133,1/10 LB,$128.23,23.00 CS,5.00 CS,$641.15
SALMON ATL PRTN BL/SL6OZ FRO,EA,133,1/10 LB,$128.20,0.00 EA,0.00 EA,$0.00
CHICKEN WING RSTD PCK,CS,134,3/5 LB,$64.81,3.00 CS,0.00 CS,$0.00
CHICKEN WING RSTD PCK,EA,134,3/5 LB,$21.60,0.00 EA,0.00 EA,$0.00
CHICKEN TNDR FRTTR ORIG,CS,135,2/5LB,$39.83,0.00 CS,0.00 CS,$0.00
CHICKEN TNDR FRTTR ORIG,EA,135,2/5LB,$19.92,0.00 EA,0.00 EA,$0.00
SAUSAGE SUMMER,CS,136,16/10 OZ,$86.81,4.00 CS,4.00 CS,$347.24
SAUSAGE SUMMER,EA,136,16/10 OZ,$5.43,0.00 EA,0.00 EA,$0.00
"PEPPERONI SLI PORK, BEEF 32056",CS,137,1/10LB,$39.55,2.00 CS,1.00 CS,$39.55
"PEPPERONI SLI PORK, BEEF 32056",EA,137,1/10LB,$39.55,0.00 EA,0.00 EA,$0.00
CHICKEN LEG QUARTER IQF MARN,CS,138,48/10.8OZ,$55.04,0.00 CS,0.00 CS,$0.00
CHICKEN LEG QUARTER IQF MARN,EA,138,48/10.8OZ,$1.15,0.00 EA,0.00 EA,$0.00
CHICKEN WING BNLS DING BRD,CS,139,2/5 LB,$45.01,1.00 CS,1.00 CS,$45.01
CHICKEN WING BNLS DING BRD,EA,139,2/5 LB,$22.51,0.00 EA,0.00 EA,$0.00
CHICKEN WING BNLS BRD,CS,140,2/5 LB,$30.04,7.50 CS,7.50 CS,$225.30
CHICKEN WING BNLS BRD,EA,140,2/5 LB,$15.02,0.00 EA,0.00 EA,$0.00
SAUCE PESTO BASIL,CS,141,6/30 OZ,$82.59,4.00 CS,2.00 CS,$165.18
SAUCE PESTO BASIL,EA,141,6/30 OZ,$13.77,0.00 EA,0.00 EA,$0.00
BREAD PANINI MULTIGRN SUNFLOWR,CS,142,6/35.3OZ,$50.05,0.00 CS,0.00 CS,$0.00
BREAD PANINI MULTIGRN SUNFLOWR,EA,142,6/35.3OZ,$8.34,0.00 EA,0.00 EA,$0.00
BROWNIE CHOC CHIP PRCT,CS,143,2/6 LB,$47.51,0.00 CS,0.00 CS,$0.00
BROWNIE CHOC CHIP PRCT,EA,143,2/6 LB,$23.76,0.00 EA,0.00 EA,$0.00
DOUGH COOKIE TRIPLE CHOC,CS,144,80/4.5 OZ,$81.75,4.00 CS,6.00 CS,$490.50
DOUGH COOKIE TRIPLE CHOC,EA,144,80/4.5 OZ,$1.02,0.00 EA,0.00 EA,$0.00
APTZR BEAN GREEN ONION BTRD,CS,145,6/2 LB,$50.07,1.00 CS,1.00 CS,$50.07
APTZR BEAN GREEN ONION BTRD,EA,145,6/2 LB,$8.34,0.00 EA,0.00 EA,$0.00
CHICKEN BRST AIRLINE S/ON 10OZ,CS,146,18/10 OZ,$8.39,80.00 CS,80.00 CS,$671.20
NOODLE CHOW MEIN,CS,147,4/3.5,$42.48,2.00 CS,2.00 CS,$84.96
NOODLE CHOW MEIN,EA,147,4/3.5,$10.62,0.00 EA,0.00 EA,$0.00
BEEF BRISKET PIT SMK PULLED,CS,148,2/5 LB,$129.67,3.00 CS,2.50 CS,$324.17
BEEF BRISKET PIT SMK PULLED,EA,148,2/5 LB,$64.84,0.00 EA,0.00 EA,$0.00
DOUGH COOKIE CHOC CHUNK,CS,149,48/4.8 OZ,$76.09,5.00 CS,4.50 CS,$342.41
DOUGH COOKIE CHOC CHUNK,EA,149,48/4.8 OZ,$1.58,0.00 EA,0.00 EA,$0.00
CRAWFISH TAIL MEAT 100/150,CS,150,24/1 LB,$196.99,1.00 CS,1.00 CS,$196.99
CRAWFISH TAIL MEAT 100/150,EA,150,24/1 LB,$8.21,0.00 EA,0.00 EA,$0.00
BACON CHERRYWOOD SMKD SLI 16-20ct FRZN,LB,151,2/5#,$4.99,0.00 LB,300.00 LB,"$1,497.00"
BACON CHERRYWOOD SMKD SLI 16-20ct FRZN,EA,151,2/5#,$4.99,0.00 EA,0.00 EA,$0.00
BEEF GRND PTY 75/25 SLIDER,CS,152,80/2oz,$45.34,0.00 CS,9.00 CS,$408.06
BEEF GRND PTY 75/25 SLIDER,EA,152,80/2oz,$0.57,0.00 EA,0.00 EA,$0.00
FRANK ALL BEEF WAGYU 4x1,LB,153,2/5# av,$5.75,0.00 LB,40.00 LB,$230.00
PEA GREEN GR A P,CS,154,12/2.5LB,$47.24,0.00 CS,1.00 CS,$47.24
PEA GREEN GR A P,EA,154,12/2.5LB,$3.94,0.00 EA,0.00 EA,$0.00
"CHICKEN THIGH 1/2"" DICED POLLO RICO FRZN",LB,155,2/5#,$0.50,0.00 LB,409.02 LB,$204.51
SEASONING FAJITA,EA,1,1/30OZ,$14.87,0.00 EA,0.00 EA,$0.00
SEASONING FAJITA,EA,1,1/30OZ,$14.87,5.00 EA,4.00 EA,$59.48
DRESSING BLUE CHEESE,CS,2,60/1.5 OZ,$26.42,1.00 CS,0.00 CS,$0.00
DRESSING BLUE CHEESE,EA,2,60/1.5 OZ,$0.44,0.00 EA,0.00 EA,$0.00
TORTILLA CORN WHITE 6 IN FRY,CS,3,6/160CT,$24.72,2.00 CS,2.50 CS,$61.80
TORTILLA CORN WHITE 6 IN FRY,EA,3,6/160CT,$4.12,0.00 EA,0.00 EA,$0.00
FILTER COFFEE PPR U3 18X7.5,CS,4,250/3GAL,$20.16,0.00 CS,0.00 CS,$0.00
FILTER COFFEE PPR U3 18X7.5,EA,4,250/3GAL,$0.08,0.00 EA,0.00 EA,$0.00
TOMATO PASTE FANCY CA,CS,5,6/#10,$57.12,0.00 CS,0.00 CS,$0.00
TOMATO PASTE FANCY CA,EA,5,6/#10,$9.52,5.00 EA,3.00 EA,$28.56
SAUCE SOY TAMARI GLUTEN FREE,CS,6,6/.5 GAL,$74.52,0.00 CS,0.00 CS,$0.00
SAUCE SOY TAMARI GLUTEN FREE,EA,6,6/.5 GAL,$12.42,1.00 EA,0.00 EA,$0.00
SAUCE BBQ SMOKEY,CS,7,4/1GAL,$49.61,0.00 CS,0.00 CS,$0.00
SAUCE BBQ SMOKEY,EA,7,4/1GAL,$12.40,6.00 EA,0.00 EA,$0.00
DRESSING CAESAR CREAMY,CS,8,60/1.5OZ,$23.28,1.00 CS,1.00 CS,$23.28
DRESSING CAESAR CREAMY,EA,8,60/1.5OZ,$0.39,0.00 EA,0.00 EA,$0.00
SAUERKRAUT SHREDDED FCY,CS,9,6/#10,$50.87,0.00 CS,0.00 CS,$0.00
SAUERKRAUT SHREDDED FCY,EA,9,6/#10,$8.48,6.00 EA,6.00 EA,$50.87
SEASONING BLACKENED REDFISH,EA,10,1/23OZ,$12.43,0.00 EA,0.00 EA,$0.00
SEASONING BLACKENED REDFISH,EA,10,1/23OZ,$12.43,0.00 EA,3.00 EA,$37.29
MUSTARD YELLOW PACKETS MILD,CS,11,500/5.6GM,$19.44,2.75 CS,5.00 CS,$97.20
MUSTARD YELLOW PACKETS MILD,EA,11,500/5.6GM,$0.04,0.00 EA,0.00 EA,$0.00
SPICE CHILI POWDER LT,EA,12,1/5.5LB,$54.70,0.00 EA,0.00 EA,$0.00
SPICE CHILI POWDER LT,EA,12,1/5.5LB,$54.70,0.00 EA,0.00 EA,$0.00
WRAP TORTILLA FLOUR 12,CS,13,8/12CT,$24.10,3.50 CS,0.00 CS,$0.00
WRAP TORTILLA FLOUR 12,EA,13,8/12CT,$3.01,0.00 EA,0.00 EA,$0.00
SAUCE PICANTE PACKET MEDIUM,CS,14,200/.5OZ,$17.83,0.50 CS,4.00 CS,$71.32
SAUCE PICANTE PACKET MEDIUM,EA,14,200/.5OZ,$0.09,0.00 EA,0.00 EA,$0.00
COVER PLAS BUN PAN RACK 15MC,CS,15,50/52X80,$17.17,4.00 CS,3.00 CS,$51.51
COVER PLAS BUN PAN RACK 15MC,EA,15,50/52X80,$0.34,0.00 EA,0.00 EA,$0.00
PEPPER JALAPENO SLI NACHO,CS,16,6/#10,$61.98,0.00 CS,0.00 CS,$0.00
PEPPER JALAPENO SLI NACHO,EA,16,6/#10,$10.33,19.00 EA,16.00 EA,$165.28
SPICE ONION GRANULATED,CS,17,3/5.75LB,$159.23,0.00 CS,0.00 CS,$0.00
SPICE ONION GRANULATED,EA,17,3/5.75LB,$53.08,0.00 EA,0.00 EA,$0.00
TOWEL PAPER CENTERPULL BLCHD,CS,18,6/320 CT,$49.39,0.00 CS,0.00 CS,$0.00
TOWEL PAPER CENTERPULL BLCHD,EA,18,6/320 CT,$8.23,0.00 EA,0.00 EA,$0.00
SAUCE TERIYAKI GLAZE,CS,19,6/5LB,$55.92,1.00 CS,1.00 CS,$55.92
SAUCE TERIYAKI GLAZE,EA,19,6/5LB,$9.32,7.00 EA,5.00 EA,$46.60
FLOUR H&R ALL PURPOSE,CS,20,1/50 LB,$16.03,0.00 CS,0.00 CS,$0.00
FLOUR H&R ALL PURPOSE,EA,20,1/50 LB,$16.03,0.00 EA,0.00 EA,$0.00
KETCHUP PACKET FCY,CS,21,1000/9GM,$32.93,3.00 CS,4.00 CS,$131.72
KETCHUP PACKET FCY,EA,21,1000/9GM,$0.03,0.00 EA,0.00 EA,$0.00
SPICE THYME LEAVES WHL,EA,22,1/6OZ,$10.76,0.00 EA,0.00 EA,$0.00
SPICE THYME LEAVES WHL,EA,22,1/6OZ,$10.76,0.00 EA,0.00 EA,$0.00
WRAP SAND 12X12 DRYWAX RED CHK,CS,23,1/2000CT,$57.96,0.00 CS,0.00 CS,$0.00
WRAP SAND 12X12 DRYWAX RED CHK,EA,23,1/2000CT,$57.96,0.00 EA,0.00 EA,$0.00
OIL CANOLA,CS,24,4/1 GAL,$46.47,3.00 CS,0.00 CS,$0.00
OIL CANOLA,EA,24,4/1 GAL,$11.62,8.00 EA,7.00 EA,$81.34
DRESSING BALSAMIC VINGRT,CS,25,60/1.5 OZ,$22.53,1.00 CS,1.00 CS,$22.53
DRESSING BALSAMIC VINGRT,EA,25,60/1.5 OZ,$0.38,0.00 EA,0.00 EA,$0.00
MIX SEASONING TACO,CS,26,6/22 OZ,$61.83,2.00 CS,2.00 CS,$123.66
MIX SEASONING TACO,EA,26,6/22 OZ,$10.31,0.00 EA,0.00 EA,$0.00
MUSTARD DIJON PLS,CS,27,6/32OZ,$44.98,1.00 CS,1.00 CS,$44.98
MUSTARD DIJON PLS,EA,27,6/32OZ,$7.50,2.00 EA,2.00 EA,$14.99
JUICE LEMON,CS,28,4/1GAL,$45.60,3.00 CS,2.75 CS,$125.40
JUICE LEMON,EA,28,4/1GAL,$11.40,0.00 EA,0.00 EA,$0.00
SPICE GARLIC GRANULATED,EA,29,1/25 OZ,$11.66,0.00 EA,0.00 EA,$0.00
SPICE GARLIC GRANULATED,EA,29,1/25 OZ,$11.66,0.00 EA,0.00 EA,$0.00
JUICE LIME,CS,30,4/1GAL,$55.11,0.00 CS,0.00 CS,$0.00
JUICE LIME,EA,30,4/1GAL,$13.78,0.00 EA,0.00 EA,$0.00
PAN FOIL STM TBL MED HVY 2.25,CS,31,100/HALF,$52.32,6.50 CS,4.75 CS,$248.52
PAN FOIL STM TBL MED HVY 2.25,EA,31,100/HALF,$0.52,0.00 EA,0.00 EA,$0.00
JELLY ASST CUP  GRAP SB MIXFRT,CS,32,200/.5OZ,$17.08,5.75 CS,4.00 CS,$68.32
JELLY ASST CUP  GRAP SB MIXFRT,EA,32,200/.5OZ,$0.09,0.00 EA,0.00 EA,$0.00
FLOUR ALL PURP 44,CS,33,1/50 LB,$16.85,2.00 CS,0.00 CS,$0.00
FLOUR ALL PURP 44,EA,33,1/50 LB,$16.85,0.00 EA,0.00 EA,$0.00
DRESSING RANCH CRMY,CS,34,60/1.5 OZ,$19.39,1.00 CS,1.00 CS,$19.39
DRESSING RANCH CRMY,EA,34,60/1.5 OZ,$0.32,0.00 EA,0.00 EA,$0.00
DRESSING ITAL GOLDEN,CS,35,60/1.5 OZ,$19.53,1.00 CS,1.00 CS,$19.53
DRESSING ITAL GOLDEN,EA,35,60/1.5 OZ,$0.33,0.00 EA,0.00 EA,$0.00
MAYONNAISE REAL PACKET,CS,36,200/7/16OZ,$27.27,13.00 CS,16.00 CS,$436.32
MAYONNAISE REAL PACKET,EA,36,200/7/16OZ,$0.14,0.00 EA,0.00 EA,$0.00
SPICE GARLIC PWDR,EA,37,1/21OZ,$19.29,0.00 EA,0.00 EA,$0.00
SPICE GARLIC PWDR,EA,37,1/21OZ,$19.29,0.00 EA,0.00 EA,$0.00
TORTILLA CORN MINI 4.5 INCH,CS,38,6/80CT,$22.07,2.70 CS,2.00 CS,$44.14
TORTILLA CORN MINI 4.5 INCH,EA,38,6/80CT,$3.68,0.00 EA,6.00 EA,$22.07
SPICE ONION POWDER,EA,39,1/5.5LB,$40.77,0.00 EA,0.00 EA,$0.00
SPICE ONION POWDER,EA,39,1/5.5LB,$40.77,0.00 EA,0.00 EA,$0.00
MUSTARD YELLOW PKTS,CS,40,500/7 GM,$14.55,0.00 CS,0.00 CS,$0.00
MUSTARD YELLOW PKTS,EA,40,500/7 GM,$0.03,0.00 EA,0.00 EA,$0.00
DRESSING RANCH HOMESTYLE,CS,41,4/1 GAL,$58.26,4.00 CS,3.00 CS,$174.78
DRESSING RANCH HOMESTYLE,EA,41,4/1 GAL,$14.57,2.00 EA,0.00 EA,$0.00
SPICE PEPPER CAYENNE GRND,EA,42,1/14OZ,$10.43,0.00 EA,0.00 EA,$0.00
SPICE PEPPER CAYENNE GRND,EA,42,1/14OZ,$10.43,3.00 EA,2.00 EA,$20.86
SAUCE SOY GLTN FREE LS SOD 4/1,CS,43,4/1 GAL,$81.66,0.00 CS,0.00 CS,$0.00
SAUCE SOY GLTN FREE LS SOD 4/1,EA,43,4/1 GAL,$20.42,8.00 EA,7.00 EA,$142.94
SPICE POPPY SEED WHL,EA,44,1/20OZ,$11.28,0.00 EA,0.00 EA,$0.00
SPICE POPPY SEED WHL,EA,44,1/20OZ,$11.28,2.00 EA,2.00 EA,$22.56
NUT CASHEW WHL SLTD FCY,CS,45,3/2LB,$102.47,1.75 CS,1.75 CS,$179.32
NUT CASHEW WHL SLTD FCY,EA,45,3/2LB,$34.16,0.00 EA,0.00 EA,$0.00
FOIL ALMN SHEET SLVR 9X10.75,CS,46,6/500 CT,$71.94,1.50 CS,1.00 CS,$71.94
FOIL ALMN SHEET SLVR 9X10.75,EA,46,6/500 CT,$11.99,0.00 EA,0.00 EA,$0.00
BAG PLAS BOPP CLR 5X5 W/TAPE,CS,47,1/1000CT,$22.27,2.00 CS,2.00 CS,$44.54
BAG PLAS BOPP CLR 5X5 W/TAPE,EA,47,1/1000CT,$22.27,0.00 EA,0.00 EA,$0.00
SAUCE HOT,CS,48,24/5FOZ,$62.93,1.00 CS,1.00 CS,$62.93
SAUCE HOT,EA,48,24/5FOZ,$2.62,0.00 EA,0.00 EA,$0.00
BAG PLAS RECLOSE QRT 7X8 XXHVY,CS,49,1/500CT,$19.01,1.25 CS,1.25 CS,$23.76
BAG PLAS RECLOSE QRT 7X8 XXHVY,EA,49,1/500CT,$19.01,0.00 EA,0.00 EA,$0.00
CUP PLAS 12 OZ GRNWARE CLASSIC,CS,50,20/50 CT,$110.13,12.00 CS,14.00 CS,"$1,541.82"
CUP PLAS 12 OZ GRNWARE CLASSIC,EA,50,20/50 CT,$5.51,0.00 EA,0.00 EA,$0.00
STIRRER PLAS STRAW BLK 5.25,CS,51,8/1000CT,$19.96,2.00 CS,2.00 CS,$39.92
STIRRER PLAS STRAW BLK 5.25,EA,51,8/1000CT,$2.50,0.00 EA,0.00 EA,$0.00
PECAN HALF MED FCY RAW,CS,52,1/5 LB,$61.78,0.00 CS,0.00 CS,$0.00
PECAN HALF MED FCY RAW,EA,52,1/5 LB,$61.78,0.00 EA,0.00 EA,$0.00
FILM PVC ROLL 2000FT SLI CUTR,CS,53,1/18IN,$26.51,0.00 CS,4.00 CS,$106.04
FILM PVC ROLL 2000FT SLI CUTR,EA,53,1/18IN,$26.51,0.00 EA,0.00 EA,$0.00
TOPPING STRAWBERRY SLI,CS,54,6/#5,$90.60,0.00 CS,0.00 CS,$0.00
TOPPING STRAWBERRY SLI,EA,54,6/#5,$15.10,10.00 EA,10.00 EA,$151.00
DRESSING MIX RANCH,CS,55,20/3.35OZ,$43.63,3.00 CS,1.50 CS,$65.45
DRESSING MIX RANCH,EA,55,20/3.35OZ,$2.18,0.00 EA,0.00 EA,$0.00
LABEL ROLL USE FRST 2 TRIL,CS,56,1/500CT,$8.84,0.00 CS,0.00 CS,$0.00
LABEL ROLL USE FRST 2 TRIL,EA,56,1/500CT,$8.84,0.00 EA,0.00 EA,$0.00
MARSHMALLOW MINI WHITE,CS,57,12/1 LB,$26.25,5.00 CS,5.00 CS,$131.25
MARSHMALLOW MINI WHITE,EA,57,12/1 LB,$2.19,0.00 EA,0.00 EA,$0.00
TOMATO DICED FCY IN JUICE CA,CS,58,6/#10,$37.38,1.00 CS,1.00 CS,$37.38
TOMATO DICED FCY IN JUICE CA,EA,58,6/#10,$6.23,8.00 EA,3.00 EA,$18.69
quince paste,12/7 oz,59,cs,$42.02,0.00 12/7 oz,0.00 12/7 oz,$0.00
quince paste,EA,59,cs,$42.02,0.00 EA,0.00 EA,$0.00
MIX GUMBO BASE,CS,60,6/1LB,$48.97,0.00 CS,0.00 CS,$0.00
MIX GUMBO BASE,EA,60,6/1LB,$8.16,0.00 EA,0.00 EA,$0.00
SPICE ANISE STAR,CS,61,1/6 OZ,$15.96,0.00 CS,0.00 CS,$0.00
SPICE ANISE STAR,EA,61,1/6 OZ,$15.96,0.00 EA,0.00 EA,$0.00
FILM PVC ROLL 2000  W/SLI CUTR,CS,62,1/24 IN,$36.15,6.00 CS,2.00 CS,$72.30
FILM PVC ROLL 2000  W/SLI CUTR,EA,62,1/24 IN,$36.15,0.00 EA,0.00 EA,$0.00
MIX GRAVY COUNTRY ZTF,CS,63,8/22 OZ,$50.71,5.00 CS,4.00 CS,$202.84
MIX GRAVY COUNTRY ZTF,EA,63,8/22 OZ,$6.34,0.00 EA,0.00 EA,$0.00
SOUP CREAM OF CHICKEN COND,CS,64,12/50 OZ,$63.37,0.00 CS,0.00 CS,$0.00
SOUP CREAM OF CHICKEN COND,EA,64,12/50 OZ,$5.28,0.00 EA,0.00 EA,$0.00
BAG PLAS RECLOSE SLIDE GAL,CS,65,1/250CT,$23.12,0.00 CS,0.00 CS,$0.00
BAG PLAS RECLOSE SLIDE GAL,EA,65,1/250CT,$23.12,0.00 EA,0.00 EA,$0.00
HAIRNET NYLON LRG BLK LT WGT,EA,66,1/144CT,$26.03,0.00 EA,0.00 EA,$0.00
HAIRNET NYLON LRG BLK LT WGT,EA,66,1/144CT,$26.03,5.00 EA,5.00 EA,$130.15
FOIL ALMN ROLL STD WGT 1000 FT,CS,67,1/18IN,$58.02,6.00 CS,6.00 CS,$348.12
FOIL ALMN ROLL STD WGT 1000 FT,EA,67,1/18IN,$58.02,0.00 EA,0.00 EA,$0.00
WRAP FOIL CUSH-FLD 14X16,CS,68,2/500 CT,$98.84,11.00 CS,10.00 CS,$988.40
WRAP FOIL CUSH-FLD 14X16,EA,68,2/500 CT,$49.42,0.00 EA,0.00 EA,$0.00
FORK PLAS PS REFILL BLK SRS T,CS,69,24/40 CT,$45.75,3.00 CS,1.00 CS,$45.75
FORK PLAS PS REFILL BLK SRS T,EA,69,24/40 CT,$1.91,0.00 EA,0.00 EA,$0.00
TEA ICED BAG CLS BLEND,CS,70,32/2.75OZ,$45.83,2.00 CS,2.00 CS,$91.66
TEA ICED BAG CLS BLEND,EA,70,32/2.75OZ,$1.43,0.00 EA,0.00 EA,$0.00
SUGAR PACKET WHITE,CS,71,2000/0.1 OZ,$14.82,0.00 CS,0.00 CS,$0.00
SUGAR PACKET WHITE,EA,71,2000/0.1 OZ,$0.01,0.00 EA,0.00 EA,$0.00
KIT CUTLERY K/F/S/NP/S&P WHT,CS,72,250/EA,$23.24,0.00 CS,0.00 CS,$0.00
KIT CUTLERY K/F/S/NP/S&P WHT,EA,72,250/EA,$0.09,0.00 EA,0.00 EA,$0.00
CUP PLAS PET 16 OZ,CS,73,20/50 CT,$97.22,7.00 CS,4.00 CS,$388.88
CUP PLAS PET 16 OZ,EA,73,20/50 CT,$4.86,0.00 EA,0.00 EA,$0.00
CEREAL HOT OAT QUICK,CS,74,12/42OZ,$63.34,1.00 CS,1.00 CS,$63.34
CEREAL HOT OAT QUICK,EA,74,12/42OZ,$5.28,4.00 EA,1.00 EA,$5.28
SUGAR GRANULATED XFN,CS,75,1/50 LB,$41.55,0.00 CS,1.00 CS,$41.55
SUGAR GRANULATED XFN,EA,75,1/50 LB,$41.55,0.00 EA,0.00 EA,$0.00
CORN STARCH,CS,76,24/1LB,$40.08,0.00 CS,0.00 CS,$0.00
CORN STARCH,EA,76,24/1LB,$1.67,21.00 EA,18.00 EA,$30.06
BAKING SODA,CS,77,24/16OZ,$27.91,0.00 CS,0.00 CS,$0.00
BAKING SODA,EA,77,24/16OZ,$1.16,19.00 EA,19.00 EA,$22.10
RICE PARBOILED,CS,78,1/25 LB,$14.36,0.00 CS,0.00 CS,$0.00
RICE PARBOILED,EA,78,1/25 LB,$14.36,0.00 EA,0.00 EA,$0.00
COUSCOUS TRADITIONAL,CS,79,1/10 LB,$47.48,0.00 CS,0.00 CS,$0.00
COUSCOUS TRADITIONAL,EA,79,1/10 LB,$47.48,0.00 EA,0.00 EA,$0.00
GRAIN WHEAT WHOLE FARRO,CS,80,1/10LB,$66.40,1.00 CS,1.00 CS,$66.40
GRAIN WHEAT WHOLE FARRO,EA,80,1/10LB,$66.40,0.00 EA,0.00 EA,$0.00
PASTA PENNE RIGATE,CS,81,2/10 LB,$25.08,3.25 CS,5.25 CS,$131.67
PASTA PENNE RIGATE,EA,81,2/10 LB,$12.54,0.00 EA,0.00 EA,$0.00
QUINOA GRAIN RED,CS,82,1/10#,$34.20,0.00 CS,0.00 CS,$0.00
QUINOA GRAIN RED,EA,82,1/10#,$34.20,0.00 EA,0.00 EA,$0.00
PASTA ORZO,CS,83,16/1 LB,$26.81,1.00 CS,1.00 CS,$26.81
PASTA ORZO,EA,83,16/1 LB,$1.68,0.00 EA,0.00 EA,$0.00
PASTA SPAGHETTI,CS,84,2/10 LB,$25.08,1.00 CS,0.00 CS,$0.00
PASTA SPAGHETTI,EA,84,2/10 LB,$12.54,0.00 EA,0.00 EA,$0.00
PASTA FETTUCINE,CS,85,2/10 LB,$25.08,2.75 CS,1.50 CS,$37.62
PASTA FETTUCINE,EA,85,2/10 LB,$12.54,0.00 EA,0.00 EA,$0.00
PASTA ROTINI FUSILLI,CS,86,2/10 LB,$25.08,0.00 CS,0.00 CS,$0.00
PASTA ROTINI FUSILLI,EA,86,2/10 LB,$12.54,8.00 EA,8.00 EA,$100.32
PASTA LINGUINE,CS,87,2/10 LB,$25.08,4.00 CS,3.50 CS,$87.78
PASTA LINGUINE,EA,87,2/10 LB,$12.54,0.00 EA,0.00 EA,$0.00
PEPPER RED ROASTED WHOLE,CS,88,12/28 OZ,$43.21,5.00 CS,5.00 CS,$216.05
PEPPER RED ROASTED WHOLE,EA,88,12/28 OZ,$3.60,2.00 EA,2.00 EA,$7.20
PASTA MACARONI ELBOW,CS,89,2/10 LB,$25.08,1.50 CS,0.00 CS,$0.00
PASTA MACARONI ELBOW,EA,89,2/10 LB,$12.54,0.00 EA,0.00 EA,$0.00
OLIVE RIPE SLICED,CS,90,6/#10,$81.45,0.00 CS,0.00 CS,$0.00
OLIVE RIPE SLICED,EA,90,6/#10,$13.58,9.00 EA,9.00 EA,$122.22
BEAN GARBANZO LOW SODIUM,CS,91,6/#10,$38.78,1.00 CS,1.00 CS,$38.78
BEAN GARBANZO LOW SODIUM,EA,91,6/#10,$6.46,4.00 EA,4.00 EA,$25.85
BEAN KIDNEY DK RED LOW SODIUM,CS,92,6/#10,$38.78,4.00 CS,4.00 CS,$155.12
BEAN KIDNEY DK RED LOW SODIUM,EA,92,6/#10,$6.46,8.00 EA,2.00 EA,$12.93
BEAN BLACK LOW SODIUM,CS,93,6/#10,$38.78,0.00 CS,0.00 CS,$0.00
BEAN BLACK LOW SODIUM,EA,93,6/#10,$6.46,19.00 EA,19.00 EA,$122.80
BEAN BAKED VEGETARIAN RED SOD,CS,94,6/#10,$51.92,0.00 CS,0.00 CS,$0.00
BEAN BAKED VEGETARIAN RED SOD,EA,94,6/#10,$8.65,1.00 EA,1.00 EA,$8.65
PALM HEART WHL,CS,95,12/14 OZ,$29.33,0.00 CS,0.00 CS,$0.00
PALM HEART WHL,EA,95,12/14 OZ,$2.44,0.00 EA,0.00 EA,$0.00
CHOCOLATE CHIP MINI SEMISWT 4M,CS,96,1/25LB,$112.02,0.00 CS,0.00 CS,$0.00
CHOCOLATE CHIP MINI SEMISWT 4M,EA,96,1/25LB,$112.00,0.00 EA,0.00 EA,$0.00
BEET DICED FCY,CS,97,6/#10,$44.17,0.00 CS,0.00 CS,$0.00
BEET DICED FCY,EA,97,6/#10,$7.36,6.00 EA,6.00 EA,$44.17
CRANBERRY DRIED CRAISINS,CS,98,2/48 OZ,$17.74,6.00 CS,5.00 CS,$88.70
CRANBERRY DRIED CRAISINS,EA,98,2/48 OZ,$8.87,0.00 EA,0.00 EA,$0.00
PEPPERONCINI SLICED IMPORTED,CS,99,4/1GAL,$48.73,0.00 CS,0.00 CS,$0.00
PEPPERONCINI SLICED IMPORTED,EA,99,4/1GAL,$12.18,22.00 EA,22.00 EA,$267.96
ALMOND BLANCHED SLICED,CS,100,3/2LB,$60.59,0.00 CS,0.00 CS,$0.00
ALMOND BLANCHED SLICED,EA,100,3/2LB,$20.20,0.00 EA,0.00 EA,$0.00
VINEGAR WINE RED PLS,CS,101,4/1 GAL,$47.65,0.00 CS,0.00 CS,$0.00
VINEGAR WINE RED PLS,EA,101,4/1 GAL,$11.91,5.00 EA,3.00 EA,$35.73
SAUCE KOREAN GOCHUJANG PEPPER,CS,102,4/.5 GAL,$51.27,0.00 CS,0.00 CS,$0.00
SAUCE KOREAN GOCHUJANG PEPPER,EA,102,4/.5 GAL,$12.82,1.00 EA,1.00 EA,$12.82
SAUCE CHILI SWEET RED HOT,CS,103,4/.5 GAL,$49.10,0.00 CS,0.00 CS,$0.00
SAUCE CHILI SWEET RED HOT,EA,103,4/.5 GAL,$12.28,13.00 EA,8.00 EA,$98.24
SAUCE ORANGE ZSTY,CS,104,4/.5GAL,$55.08,0.00 CS,0.00 CS,$0.00
SAUCE ORANGE ZSTY,EA,104,4/.5GAL,$13.77,9.00 EA,6.00 EA,$82.62
SAUCE WING BUFFALO RTU,CS,105,4/1 GAL,$56.06,0.00 CS,0.00 CS,$0.00
SAUCE WING BUFFALO RTU,EA,105,4/1 GAL,$14.02,5.00 EA,0.00 EA,$0.00
OIL SESAME SEED JAPANESE,CS,106,12/12OZ,$69.06,1.00 CS,1.00 CS,$69.06
OIL SESAME SEED JAPANESE,EA,106,12/12OZ,$5.76,4.00 EA,3.00 EA,$17.28
SAUCE BOURBON STY,CS,107,4/.5 GAL,$70.84,0.00 CS,0.00 CS,$0.00
SAUCE BOURBON STY,EA,107,4/.5 GAL,$17.71,3.00 EA,0.00 EA,$0.00
BEAN PINTO LOW SODIUM,CS,108,6/#10,$38.78,4.00 CS,2.00 CS,$77.56
BEAN PINTO LOW SODIUM,EA,108,6/#10,$6.46,13.00 EA,13.00 EA,$84.02
SALSA PICANTE MEDIUM,CS,109,4/1 GAL,$65.64,0.00 CS,0.00 CS,$0.00
SALSA PICANTE MEDIUM,EA,109,4/1 GAL,$16.41,14.00 EA,4.00 EA,$65.64
SAUCE TARTAR CREAMY,CS,110,4/1 GAL,$76.71,0.00 CS,0.00 CS,$0.00
SAUCE TARTAR CREAMY,EA,110,4/1 GAL,$19.18,5.00 EA,5.00 EA,$95.90
SEASONING LIQUID SMOKE,CS,111,4/1 GAL,$44.74,0.00 CS,0.00 CS,$0.00
SEASONING LIQUID SMOKE,EA,111,4/1 GAL,$11.18,0.00 EA,0.00 EA,$0.00
SAUCE BBQ SWEET MEMPHIS,CS,112,4/1 GAL,$51.73,0.00 CS,0.00 CS,$0.00
SAUCE BBQ SWEET MEMPHIS,EA,112,4/1 GAL,$12.93,0.00 EA,0.00 EA,$0.00
SPICE SESAME SEED BLK,EA,113,1/18OZ,$14.78,0.00 EA,0.00 EA,$0.00
SPICE SESAME SEED BLK,EA,113,1/18OZ,$14.78,3.00 EA,3.00 EA,$44.34
SEASONING OLD BAY,CS,114,6/24OZ,$79.34,0.00 CS,0.00 CS,$0.00
SEASONING OLD BAY,EA,114,6/24OZ,$13.22,6.00 EA,5.00 EA,$66.10
SAUCE TERIYAKI,CS,115,4/1GAL,$55.53,0.00 CS,0.00 CS,$0.00
SAUCE TERIYAKI,EA,115,4/1GAL,$13.88,1.00 EA,0.00 EA,$0.00
SPICE TURMERIC GROUND,EA,116,1/1LB,$14.42,0.00 EA,0.00 EA,$0.00
SPICE TURMERIC GROUND,EA,116,1/1LB,$14.42,0.00 EA,2.00 EA,$28.84
SEASONING CAJUN,CS,117,6/18OZ,$107.18,0.00 CS,0.00 CS,$0.00
SEASONING CAJUN,EA,117,6/18OZ,$17.86,5.00 EA,0.00 EA,$0.00
SPICE GINGER GRND,EA,118,1/12.5OZ,$16.90,0.00 EA,0.00 EA,$0.00
SPICE GINGER GRND,EA,118,1/12.5OZ,$16.90,0.00 EA,0.00 EA,$0.00
SEASONING STEAK MONTREAL,EA,119,1/29OZ,$14.79,0.00 EA,0.00 EA,$0.00
SEASONING STEAK MONTREAL,EA,119,1/29OZ,$14.79,3.00 EA,1.00 EA,$14.79
SALT SEASONED,CS,120,4/5LB,$85.73,0.00 CS,0.00 CS,$0.00
SALT SEASONED,EA,120,4/5LB,$21.43,0.00 EA,0.00 EA,$0.00
SPICE GARLIC GRANULATED,EA,121,1/7.25LB,$95.63,0.00 EA,0.00 EA,$0.00
SPICE GARLIC GRANULATED,EA,121,1/7.25LB,$95.63,0.00 EA,0.00 EA,$0.00
PEPPER CHIPOTLE IN ADOBO SAUCE,CS,122,12/7 OZ,$21.83,1.00 CS,0.00 CS,$0.00
PEPPER CHIPOTLE IN ADOBO SAUCE,EA,122,12/7 OZ,$1.82,0.00 EA,9.00 EA,$16.37
SPICE SESAME SEED WHL WHITE,EA,123,1/16OZ,$8.55,0.00 EA,0.00 EA,$0.00
SPICE SESAME SEED WHL WHITE,EA,123,1/16OZ,$8.55,1.00 EA,1.00 EA,$8.55
SPICE OREGANO LEAVES,EA,124,1/1.75LB,$17.60,0.00 EA,0.00 EA,$0.00
SPICE OREGANO LEAVES,EA,124,1/1.75LB,$17.60,0.00 EA,0.00 EA,$0.00
SPICE CUMIN GRND,EA,125,1/4.5 LB,$65.23,6.00 EA,4.00 EA,$260.92
SPICE CUMIN GRND,EA,125,1/4.5 LB,$65.23,0.00 EA,0.00 EA,$0.00
SPICE PAPRIKA SMK,EA,126,1/17 OZ.,$19.10,0.00 EA,0.00 EA,$0.00
SPICE PAPRIKA SMK,EA,126,1/17 OZ.,$19.10,3.00 EA,3.00 EA,$57.30
SEASONING RUB SMKY CHILE CUMIN,EA,127,1/25 OZ,$17.68,0.00 EA,0.00 EA,$0.00
SEASONING RUB SMKY CHILE CUMIN,EA,127,1/25 OZ,$17.68,6.00 EA,5.00 EA,$88.40
SEASONING CHICKEN MONTREAL,EA,128,1/23 OZ,$12.95,0.00 EA,0.00 EA,$0.00
SEASONING CHICKEN MONTREAL,EA,128,1/23 OZ,$12.95,3.00 EA,3.00 EA,$38.85
SPICE PEPPER WHITE GROUND,EA,129,1/18 OZ,$30.85,0.00 EA,0.00 EA,$0.00
SPICE PEPPER WHITE GROUND,EA,129,1/18 OZ,$30.85,4.00 EA,3.00 EA,$92.55
SPICE CURRY POWDER,EA,130,1/1LB,$14.79,0.00 EA,6.00 EA,$88.74
SPICE CURRY POWDER,EA,130,1/1LB,$14.79,6.00 EA,0.00 EA,$0.00
SPICE BASIL LEAVES,EA,131,1/22OZ,$26.69,1.00 EA,1.00 EA,$26.69
SPICE BASIL LEAVES,EA,131,1/22OZ,$26.69,0.00 EA,0.00 EA,$0.00
SPICE NUTMEG GROUND,EA,132,1/1LB,$22.42,0.00 EA,0.00 EA,$0.00
SPICE NUTMEG GROUND,EA,132,1/1LB,$22.42,0.00 EA,0.00 EA,$0.00
SPICE CINNAMON GROUND,EA,133,1/5 LB,$63.62,0.00 EA,0.00 EA,$0.00
SPICE CINNAMON GROUND,EA,133,1/5 LB,$63.62,0.00 EA,0.00 EA,$0.00
SPOON PLAS SOUP PP REFILL BLK,CS,134,24/40 CT,$38.05,5.00 CS,4.00 CS,$152.20
SPOON PLAS SOUP PP REFILL BLK,EA,134,24/40 CT,$1.58,0.00 EA,0.00 EA,$0.00
EXTRACT VANILLA PURE,EA,135,1/16OZ,$32.47,0.00 EA,0.00 EA,$0.00
EXTRACT VANILLA PURE,EA,135,1/16OZ,$32.47,0.00 EA,0.00 EA,$0.00
SAUCE CHEESE SHARP CHDR,CS,136,4/80 OZ,$39.55,5.00 CS,5.00 CS,$197.75
SAUCE CHEESE SHARP CHDR,EA,136,4/80 OZ,$9.89,0.00 EA,0.00 EA,$0.00
TEA ASST FLVR & HERB CASE,CS,137,6/28 CT,$24.90,0.00 CS,0.00 CS,$0.00
TEA ASST FLVR & HERB CASE,EA,137,6/28 CT,$4.15,0.00 EA,0.00 EA,$0.00
SAUCE STEAK,CS,138,24/5 OZ,$77.45,0.00 CS,0.00 CS,$0.00
SAUCE STEAK,EA,138,24/5 OZ,$3.23,0.00 EA,0.00 EA,$0.00
TORTILLA FLOUR PRESSED 6 IN,CS,139,12/24CT,$24.67,8.00 CS,4.00 CS,$98.68
TORTILLA FLOUR PRESSED 6 IN,EA,139,12/24CT,$2.06,0.00 EA,2.00 EA,$4.11
CEREAL HOT GRITS QUICK,CS,140,8/5LB,$39.85,3.00 CS,2.00 CS,$79.70
CEREAL HOT GRITS QUICK,EA,140,8/5LB,$4.98,7.00 EA,2.00 EA,$9.96
SPICE PEPPERCORN BLK GRINDER,CS,141,6/6CT,$92.75,1.25 CS,1.25 CS,$115.94
SPICE PEPPERCORN BLK GRINDER,EA,141,6/6CT,$15.46,0.00 EA,0.00 EA,$0.00
FUEL CANNED CHAFING STEM WICK,CS,142,24/6HR,$50.85,14.50 CS,1.75 CS,$88.99
FUEL CANNED CHAFING STEM WICK,EA,142,24/6HR,$2.12,0.00 EA,0.00 EA,$0.00
SPREAD CHOC HZNUT NUTELLA,CS,143,2/6.6LB,$52.94,0.00 CS,0.00 CS,$0.00
SPREAD CHOC HZNUT NUTELLA,EA,143,2/6.6LB,$26.47,4.00 EA,2.00 EA,$52.94
OIL OLIVE EXTRA VIRGIN,CS,144,6/1 GAL,$256.01,0.00 CS,0.00 CS,$0.00
OIL OLIVE EXTRA VIRGIN,EA,144,6/1 GAL,$42.67,22.00 EA,18.00 EA,$768.06
LID FOIL F/ HALF STMTBL PAN,CS,145,100/1EA,$30.91,5.75 CS,5.75 CS,$177.73
LID FOIL F/ HALF STMTBL PAN,EA,145,100/1EA,$0.31,0.00 EA,0.00 EA,$0.00
SALT SEA GRINDER,CS,146,6/6 CT,$92.75,0.00 CS,0.00 CS,$0.00
SALT SEA GRINDER,EA,146,6/6 CT,$15.46,0.00 EA,0.00 EA,$0.00
PAN FOIL STM TBL FULL DP 3-3/8,CS,147,40/FULL,$53.47,2.00 CS,0.00 CS,$0.00
PAN FOIL STM TBL FULL DP 3-3/8,EA,147,40/FULL,$1.34,0.00 EA,0.00 EA,$0.00
LID FOIL F/FULL STM TBL PAN,CS,148,80/1EA,$58.71,1.75 CS,1.00 CS,$58.71
LID FOIL F/FULL STM TBL PAN,EA,148,80/1EA,$0.73,0.00 EA,0.00 EA,$0.00
PAN FOIL STM TBL MED 2-3/16,CS,149,40/FULL,$54.09,4.75 CS,3.00 CS,$162.27
PAN FOIL STM TBL MED 2-3/16,EA,149,40/FULL,$1.35,0.00 EA,0.00 EA,$0.00
CHIP TORTILLA WHT RAW 4/CUT,CS,150,1/30 LB,$26.57,4.00 CS,2.00 CS,$53.14
CHIP TORTILLA WHT RAW 4/CUT,EA,150,1/30 LB,$26.57,0.00 EA,0.00 EA,$0.00
FILTER GREASE FRYMST 16.5X25.5,CS,151,100/EA,$122.64,1.00 CS,1.00 CS,$122.64
FILTER GREASE FRYMST 16.5X25.5,EA,151,100/EA,$1.23,0.00 EA,0.00 EA,$0.00
WOOD LOG OAK SPLIT 16 IN,CS,152,1/50LB,$28.40,10.00 CS,0.00 CS,$0.00
WOOD LOG OAK SPLIT 16 IN,EA,152,1/50LB,$28.40,0.00 EA,0.00 EA,$0.00
TUNA CHUNK SKIP JACK FAD FREE,CS,153,6/66.5OZ,$91.45,0.00 CS,1.00 CS,$91.45
TUNA CHUNK SKIP JACK FAD FREE,EA,153,6/66.5OZ,$15.24,9.00 EA,3.00 EA,$45.72
SNACK TRAIL MIX NUT & CHOC,CS,154,72/2 OZ,$63.69,1.50 CS,1.00 CS,$63.69
SNACK TRAIL MIX NUT & CHOC,EA,154,72/2 OZ,$0.88,0.00 EA,0.00 EA,$0.00
SYRUP PANCAKE & WAFFLE,CS,155,4/1 GAL,$45.87,0.00 CS,0.00 CS,$0.00
SYRUP PANCAKE & WAFFLE,EA,155,4/1 GAL,$11.47,5.00 EA,3.00 EA,$34.41
CAPER SPANISH NONPAREIL,CS,156,6/32 OZ,$65.44,0.00 CS,0.00 CS,$0.00
CAPER SPANISH NONPAREIL,EA,156,6/32 OZ,$10.91,0.00 EA,0.00 EA,$0.00
RICE PILAF BENS ORIG 6/36OZ,CS,157,6/36 OZ,$34.62,0.00 CS,0.00 CS,$0.00
RICE PILAF BENS ORIG 6/36OZ,EA,157,6/36 OZ,$5.77,75.00 EA,73.00 EA,$421.21
PASTA ZITI,CS,158,2/10 LB,$25.08,2.00 CS,2.00 CS,$50.16
PASTA ZITI,EA,158,2/10 LB,$12.54,0.00 EA,0.00 EA,$0.00
SPICE BAY LEAVES WHL,EA,159,1/8OZ,$21.57,2.00 EA,2.00 EA,$43.14
SPICE BAY LEAVES WHL,EA,159,1/8OZ,$21.57,0.00 EA,0.00 EA,$0.00
SPICE PEPPER BLK WHL,EA,160,1/19.5OZ,$21.08,0.00 EA,0.00 EA,$0.00
SPICE PEPPER BLK WHL,EA,160,1/19.5OZ,$21.08,0.00 EA,0.00 EA,$0.00
SAUCE FISH 3 CRABS,CS,161,12/24 OZ,$154.92,0.00 CS,0.00 CS,$0.00
SAUCE FISH 3 CRABS,EA,161,12/24 OZ,$12.91,8.00 EA,8.00 EA,$103.28
PRESERVE APRICOT,CS,162,12/18 OZ,$47.34,0.00 CS,0.00 CS,$0.00
PRESERVE APRICOT,EA,162,12/18 OZ,$3.94,0.00 EA,0.00 EA,$0.00
SPICE THYME GROUND,EA,163,1/11 OZ,$15.23,0.00 EA,0.00 EA,$0.00
SPICE THYME GROUND,EA,163,1/11 OZ,$15.23,10.00 EA,10.00 EA,$152.30
WALNUT HALF & PIECES,CS,164,3/2LB,$55.60,0.00 CS,0.00 CS,$0.00
WALNUT HALF & PIECES,EA,164,3/2LB,$18.53,0.00 EA,0.00 EA,$0.00
KETCHUP FANCY POUCH DISPENSER,CS,165,2/1.5GAL,$40.36,0.00 CS,0.00 CS,$0.00
KETCHUP FANCY POUCH DISPENSER,EA,165,2/1.5GAL,$20.18,0.00 EA,0.00 EA,$0.00
BAG PLAS VACUUM CO-EX 8X12,CS,166,1000/EACH,$104.96,0.00 CS,0.00 CS,$0.00
BAG PLAS VACUUM CO-EX 8X12,EA,166,1000/EACH,$0.10,0.00 EA,0.00 EA,$0.00
BAG VACUUM POLY NYLON 3MIL PCH,CS,167,500/12X18,$112.50,0.00 CS,0.00 CS,$0.00
BAG VACUUM POLY NYLON 3MIL PCH,EA,167,500/12X18,$0.22,0.00 EA,0.00 EA,$0.00
WINE COOKING SHAO SHING,CS,168,4/3 LTR,$23.06,0.00 CS,0.00 CS,$0.00
WINE COOKING SHAO SHING,EA,168,4/3 LTR,$5.76,1.00 EA,0.00 EA,$0.00
SAUCE MARINARA CA,CS,169,6/#10,$44.89,0.00 CS,0.00 CS,$0.00
SAUCE MARINARA CA,EA,169,6/#10,$7.48,35.00 EA,9.00 EA,$67.34
DRESSING BLUE CHEESE CHUNKY,CS,170,4/1 GAL,$80.92,0.00 CS,0.00 CS,$0.00
DRESSING BLUE CHEESE CHUNKY,EA,170,4/1 GAL,$20.23,0.00 EA,0.00 EA,$0.00
SAUCE TABASCO HOT,CS,171,12/12 OZ,$71.60,1.00 CS,1.00 CS,$71.60
SAUCE TABASCO HOT,EA,171,12/12 OZ,$5.97,9.00 EA,9.00 EA,$53.70
SUGAR CONFECTIONER 10X CANE,CS,172,12/2LB,$32.46,0.50 CS,0.00 CS,$0.00
SUGAR CONFECTIONER 10X CANE,EA,172,12/2LB,$2.70,0.00 EA,0.00 EA,$0.00
RELISH SWT GRN PKT,CS,173,200/9 GM,$20.52,6.00 CS,6.00 CS,$123.12
RELISH SWT GRN PKT,EA,173,200/9 GM,$0.10,0.00 EA,0.00 EA,$0.00
TOMATILLO CRSHD,CS,174,6/#10,$45.83,0.00 CS,0.00 CS,$0.00
TOMATILLO CRSHD,EA,174,6/#10,$7.64,0.00 EA,0.00 EA,$0.00
CEREAL GRANOLA OATSN HNY BLKPK,CS,175,4/50OZ,$68.25,4.00 CS,0.50 CS,$34.12
CEREAL GRANOLA OATSN HNY BLKPK,EA,175,4/50OZ,$17.06,0.00 EA,0.00 EA,$0.00
RELISH SWT GRN,CS,176,6/#10,$67.51,0.00 CS,0.00 CS,$0.00
RELISH SWT GRN,EA,176,6/#10,$11.25,0.00 EA,0.00 EA,$0.00
SPICE CHILI POWDER DRK,EA,177,1/5.5 LB,$54.69,1.00 EA,1.00 EA,$54.69
SPICE CHILI POWDER DRK,EA,177,1/5.5 LB,$54.69,0.00 EA,0.00 EA,$0.00
MUSTARD YELLOW POUCH DISP,CS,178,2/1.5 GA,$33.85,0.00 CS,0.00 CS,$0.00
MUSTARD YELLOW POUCH DISP,EA,178,2/1.5 GA,$16.93,0.00 EA,0.00 EA,$0.00
VINEGAR WHITE DSTD 5%,CS,179,6/1GAL,$26.46,0.00 CS,0.00 CS,$0.00
VINEGAR WHITE DSTD 5%,EA,179,6/1GAL,$4.41,5.00 EA,5.00 EA,$22.05
GLAZE BALSAMIC,CS,180,6/12.9OZ,$20.00,2.00 CS,1.00 CS,$20.00
GLAZE BALSAMIC,EA,180,6/12.9OZ,$3.33,1.00 EA,3.00 EA,$10.00
SALSA VERDE RSTD,CS,181,6/68OZ,$72.89,1.00 CS,0.00 CS,$0.00
SALSA VERDE RSTD,EA,181,6/68OZ,$12.15,15.00 EA,14.00 EA,$170.10
SPICE MUSTARD SEED WHL,EA,182,1/22OZ,$10.92,0.00 EA,0.00 EA,$0.00
SPICE MUSTARD SEED WHL,EA,182,1/22OZ,$10.92,3.00 EA,3.00 EA,$32.76
SPICE LEMON PEPPER,CS,183,1/25LB,$172.61,0.00 CS,0.00 CS,$0.00
SPICE LEMON PEPPER,EA,183,1/25LB,$172.60,0.00 EA,0.00 EA,$0.00
SPICE CORIANDER GRND,EA,184,1/14 OZ,$12.44,15.00 EA,15.00 EA,$186.60
SPICE CORIANDER GRND,EA,184,1/14 OZ,$12.44,0.00 EA,0.00 EA,$0.00
ONION PIECES FRENCH FRIED,CS,185,6/24OZ,$49.08,1.00 CS,1.00 CS,$49.08
ONION PIECES FRENCH FRIED,EA,185,6/24OZ,$8.18,2.00 EA,2.00 EA,$16.36
CRACKER ASST ENTERTAINMENT,CS,186,4/40 OZ,$46.82,0.00 CS,0.00 CS,$0.00
CRACKER ASST ENTERTAINMENT,EA,186,4/40 OZ,$11.71,0.00 EA,0.00 EA,$0.00
WRAP TORTILLA SPINACH HERB 12,CS,187,6/12 CT,$25.54,5.50 CS,5.50 CS,$140.47
WRAP TORTILLA SPINACH HERB 12,EA,187,6/12 CT,$4.26,0.00 EA,0.00 EA,$0.00
SPICE ROSEMARY WH,EA,188,1/6OZ,$11.57,0.00 EA,0.00 EA,$0.00
SPICE ROSEMARY WH,EA,188,1/6OZ,$11.57,2.00 EA,0.00 EA,$0.00
SPICE PEPPER BLK COARSE GRND,CS,189,1/25 LB,$363.02,0.00 CS,0.00 CS,$0.00
SPICE PEPPER BLK COARSE GRND,EA,189,1/25 LB,$363.00,0.00 EA,0.00 EA,$0.00
SYRUP CORN LIGHT,CS,190,4/1 GAL,$46.64,0.00 CS,2.00 CS,$93.28
SYRUP CORN LIGHT,EA,190,4/1 GAL,$11.66,5.00 EA,0.00 EA,$0.00
TONG PLAS 9 BLK SNAP N SERVE,CS,191,1/36 CT,$42.71,0.00 CS,11.00 CS,$469.81
TONG PLAS 9 BLK SNAP N SERVE,EA,191,1/36 CT,$42.71,11.00 EA,0.00 EA,$0.00
MIX GUMBO ROUX DARK,CS,192,1/32 LB,$70.13,0.00 CS,0.00 CS,$0.00
MIX GUMBO ROUX DARK,EA,192,1/32 LB,$70.13,0.00 EA,0.00 EA,$0.00
SAUCE CARAMEL,CS,193,4/63 OZ,$82.20,0.00 CS,0.00 CS,$0.00
SAUCE CARAMEL,EA,193,4/63 OZ,$20.55,0.00 EA,0.00 EA,$0.00
JELLY GRAPE SQUEEZE,CS,194,12/20OZ,$31.97,1.00 CS,0.00 CS,$0.00
JELLY GRAPE SQUEEZE,EA,194,12/20OZ,$2.66,0.00 EA,0.00 EA,$0.00
CEREAL HOT OATMEAL VARIETY,CS,195,64/.98 OZ,$27.77,0.00 CS,0.00 CS,$0.00
CEREAL HOT OATMEAL VARIETY,EA,195,64/.98 OZ,$0.43,0.00 EA,0.00 EA,$0.00
YEAST ACTIVE DRY,CS,196,12/2 LB,$103.75,0.00 CS,0.00 CS,$0.00
YEAST ACTIVE DRY,EA,196,12/2 LB,$8.65,0.00 EA,0.00 EA,$0.00
SAUCE TABASCO HOT,CS,197,12/5OZ,$37.37,1.00 CS,1.00 CS,$37.37
SAUCE TABASCO HOT,EA,197,12/5OZ,$3.11,0.00 EA,0.00 EA,$0.00
BAG PLAS BOPP CLR 6.5X6.5WTAPE,CS,198,1/1000CT,$29.99,0.00 CS,1.00 CS,$29.99
BAG PLAS BOPP CLR 6.5X6.5WTAPE,EA,198,1/1000CT,$29.99,0.00 EA,0.00 EA,$0.00
CEREAL CINN TST CRUN BULKPAK,CS,199,4/45OZ,$63.46,0.00 CS,0.00 CS,$0.00
CEREAL CINN TST CRUN BULKPAK,EA,199,4/45OZ,$15.87,0.00 EA,0.00 EA,$0.00
DRESSING ITAL GLDN,CS,200,4/1 GAL,$50.63,2.00 CS,2.00 CS,$101.26
DRESSING ITAL GLDN,EA,200,4/1 GAL,$12.66,0.00 EA,0.00 EA,$0.00
SAUCE TOMATO FANCY CA,CS,201,6/#10,$36.31,0.00 CS,0.00 CS,$0.00
SAUCE TOMATO FANCY CA,EA,201,6/#10,$6.05,16.00 EA,16.00 EA,$96.83
FILTER COFFEE 12 CUP 9.75X4.5N,CS,202,2/500CT,$14.21,1.50 CS,1.00 CS,$14.21
FILTER COFFEE 12 CUP 9.75X4.5N,EA,202,2/500CT,$7.10,0.00 EA,0.00 EA,$0.00
BEAN PINTO TEXAS RANCHERO,CS,203,6/#10,$51.92,0.00 CS,0.00 CS,$0.00
BEAN PINTO TEXAS RANCHERO,EA,203,6/#10,$8.65,0.00 EA,0.00 EA,$0.00
PUMPKIN SEED PEPITAS RAW,CS,204,1/5LB,$44.96,1.00 CS,1.00 CS,$44.96
PUMPKIN SEED PEPITAS RAW,EA,204,1/5LB,$44.96,0.00 EA,0.00 EA,$0.00
SAUCE HOT LOCO LOWCOUNTRY,CS,205,4/1 GAL,$82.63,0.00 CS,0.00 CS,$0.00
SAUCE HOT LOCO LOWCOUNTRY,EA,205,4/1 GAL,$20.66,6.00 EA,6.00 EA,$123.96
CRACKER OYSTER,CS,206,1/10 LB,$31.44,0.75 CS,0.75 CS,$23.58
CRACKER OYSTER,EA,206,1/10 LB,$31.44,0.00 EA,0.00 EA,$0.00
SAUCE BBQ MUSTARD FNGR LEEKEN,CS,207,4/1 GAL,$83.81,0.00 CS,0.00 CS,$0.00
SAUCE BBQ MUSTARD FNGR LEEKEN,EA,207,4/1 GAL,$20.95,4.00 EA,4.00 EA,$83.80
SEASONING BBQ BULGOGI,CS,208,1/19 OZ,$38.30,0.00 CS,0.00 CS,$0.00
SEASONING BBQ BULGOGI,EA,208,1/19 OZ,$38.30,4.00 EA,4.00 EA,$153.20
GRAIN QUINOA RED,CS,209,1/25 LB,$138.45,0.00 CS,0.00 CS,$0.00
GRAIN QUINOA RED,EA,209,1/25 LB,$138.50,0.00 EA,0.00 EA,$0.00
GRAIN QUINOA BLK,CS,210,1/10#,$65.34,0.00 CS,0.00 CS,$0.00
GRAIN QUINOA BLK,EA,210,1/10#,$65.34,0.00 EA,0.00 EA,$0.00
SPICE SAGE RUBBED,EA,211,1/6OZ,$14.23,0.00 EA,0.00 EA,$0.00
SPICE SAGE RUBBED,EA,211,1/6OZ,$14.23,1.00 EA,1.00 EA,$14.23
BEAN REFRIED,CS,212,6/#10,$55.10,1.00 CS,0.00 CS,$0.00
BEAN REFRIED,EA,212,6/#10,$9.18,7.00 EA,12.00 EA,$110.20
SPICE PEPPER BLK COARSE GRND,EA,213,1/1 LB,$17.78,0.00 EA,0.00 EA,$0.00
SPICE PEPPER BLK COARSE GRND,EA,213,1/1 LB,$17.78,2.00 EA,2.00 EA,$35.56
SAUCE HOT,CS,214,12/5  FOZ,$23.26,0.00 CS,0.00 CS,$0.00
SAUCE HOT,EA,214,12/5  FOZ,$1.94,0.00 EA,0.00 EA,$0.00
SAUCE BBQ GOLD SWEET & TANGY,CS,215,4/1 GAL,$57.02,3.00 CS,3.00 CS,$171.06
SAUCE BBQ GOLD SWEET & TANGY,EA,215,4/1 GAL,$14.26,0.00 EA,0.00 EA,$0.00
RICE ARBORIO,CS,216,1/10 LB,$24.61,10.00 CS,8.00 CS,$196.88
RICE ARBORIO,EA,216,1/10 LB,$24.61,0.00 EA,0.00 EA,$0.00
RICE LONG GRAIN AND WILD,CS,217,6/36OZ,$52.14,4.00 CS,4.00 CS,$208.56
RICE LONG GRAIN AND WILD,EA,217,6/36OZ,$8.69,3.00 EA,3.00 EA,$26.07
SEASONING GRILL MA MOJITO LIME,CS,218,6/27 OZ,$88.71,0.00 CS,0.00 CS,$0.00
SEASONING GRILL MA MOJITO LIME,EA,218,6/27 OZ,$14.79,2.00 EA,2.00 EA,$29.58
VINEGAR BALSAMIC ITALY,CS,219,2/5 LTR,$47.24,0.00 CS,0.00 CS,$0.00
VINEGAR BALSAMIC ITALY,EA,219,2/5 LTR,$23.62,1.00 EA,1.00 EA,$23.62
SEASONING BOURBON BRN SGR GM,CS,220,6/27 OZ,$88.71,5.00 CS,4.00 CS,$354.84
SEASONING BOURBON BRN SGR GM,EA,220,6/27 OZ,$14.79,0.00 EA,4.00 EA,$59.16
SPICE PAPRIKA HOT SMK,CS,221,1/20 OZ,$29.98,0.00 CS,0.00 CS,$0.00
SPICE PAPRIKA HOT SMK,EA,221,1/20 OZ,$29.98,3.00 EA,2.00 EA,$59.96
FILLING PIE CHERRY,CS,222,6/#10,$148.67,1.00 CS,1.00 CS,$148.67
FILLING PIE CHERRY,EA,222,6/#10,$24.78,0.00 EA,0.00 EA,$0.00
MIX GRAVY TURKEY,CS,223,6/11.3OZ,$30.47,3.00 CS,1.00 CS,$30.47
MIX GRAVY TURKEY,EA,223,6/11.3OZ,$5.08,0.00 EA,0.00 EA,$0.00
BEAN LENTIL BLK BELUGA,CS,224,1/10#,$36.88,1.00 CS,1.00 CS,$36.88
BEAN LENTIL BLK BELUGA,EA,224,1/10#,$36.88,0.00 EA,0.00 EA,$0.00
VINEGAR RICE SEASONED JAPANESE,CS,225,4/1 GAL,$58.30,3.00 CS,3.00 CS,$174.90
VINEGAR RICE SEASONED JAPANESE,EA,225,4/1 GAL,$14.58,4.00 EA,4.00 EA,$58.32
BREAD CRUMB JAPNSE CRSE PANKO,CS,226,1/25 LB,$41.12,0.00 CS,0.00 CS,$0.00
BREAD CRUMB JAPNSE CRSE PANKO,EA,226,1/25 LB,$41.12,0.00 EA,0.00 EA,$0.00
SPICE GARAM MASALA,CS,227,1/14 OZ,$32.60,0.00 CS,8.00 CS,$260.80
SPICE GARAM MASALA,EA,227,1/14 OZ,$32.60,0.00 EA,0.00 EA,$0.00
PASTA LASAGNA OVEN RDY GF,CS,228,12/10 OZ,$31.19,2.00 CS,2.00 CS,$62.38
PASTA LASAGNA OVEN RDY GF,EA,228,12/10 OZ,$2.60,0.00 EA,0.00 EA,$0.00
CRACKER WATER TABLE MINI PACK,CS,229,24/2.2 OZ,$49.25,2.75 CS,2.75 CS,$135.44
CRACKER WATER TABLE MINI PACK,EA,229,24/2.2 OZ,$2.05,0.00 EA,0.00 EA,$0.00
BAMBOO SHOOT SLI,CS,230,24/8 OZ,$37.04,0.00 CS,0.00 CS,$0.00
BAMBOO SHOOT SLI,EA,230,24/8 OZ,$1.54,2.00 EA,2.00 EA,$3.09
COUSCOUS GRAIN TRI-COLOR,CS,231,1/10 LB,$57.68,2.00 CS,2.00 CS,$115.36
COUSCOUS GRAIN TRI-COLOR,EA,231,1/10 LB,$57.68,0.00 EA,0.00 EA,$0.00
PASTA NOODLE EGG MED,CS,232,2/5 LB,$29.37,2.00 CS,2.00 CS,$58.74
PASTA NOODLE EGG MED,EA,232,2/5 LB,$14.69,0.00 EA,0.00 EA,$0.00
PRESERVE STRAWBERRY,CS,233,6/#10,$131.51,0.00 CS,2.00 CS,$263.02
PRESERVE STRAWBERRY,EA,233,6/#10,$21.92,0.00 EA,0.00 EA,$0.00
RICE PARBOILED PERFECT,CS,234,1/25 LB,$22.80,6.00 CS,3.00 CS,$68.40
RICE PARBOILED PERFECT,EA,234,1/25 LB,$22.80,0.00 EA,0.00 EA,$0.00
SPICE PEPPER RED CRUSHD PACKET,CS,235,500/1GM,$25.26,0.00 CS,0.00 CS,$0.00
SPICE PEPPER RED CRUSHD PACKET,EA,235,500/1GM,$0.05,0.00 EA,0.00 EA,$0.00
PUMPKIN SEED RSTD SLTD,CS,236,1/5LB,$29.40,1.00 CS,1.00 CS,$29.40
PUMPKIN SEED RSTD SLTD,EA,236,1/5LB,$29.40,0.00 EA,0.00 EA,$0.00
ARTICHOKE HEART QTR,CS,237,6/3 KILO,$63.74,0.00 CS,0.00 CS,$0.00
ARTICHOKE HEART QTR,EA,237,6/3 KILO,$10.62,0.00 EA,0.00 EA,$0.00
FILLING PIE PEACH,CS,238,6/#10,$102.63,2.00 CS,2.00 CS,$205.26
FILLING PIE PEACH,EA,238,6/#10,$17.11,0.00 EA,0.00 EA,$0.00
COUSCOUS INTL,CS,239,1/10 LB,$40.37,2.00 CS,2.00 CS,$80.74
COUSCOUS INTL,EA,239,1/10 LB,$40.37,0.00 EA,0.00 EA,$0.00
PEPPER CHIPOTLE MORITA PWDR IR,CS,240,1/20 OZ,$42.52,0.00 CS,0.00 CS,$0.00
PEPPER CHIPOTLE MORITA PWDR IR,EA,240,1/20 OZ,$42.52,4.00 EA,4.00 EA,$170.08
HONEYCOMB CHUNK RAW MINI,CS,241,12/5.6 OZ,$150.15,0.50 CS,0.50 CS,$75.08
HONEYCOMB CHUNK RAW MINI,EA,241,12/5.6 OZ,$12.51,0.00 EA,0.00 EA,$0.00
SAUCE HOT GREEN PPR,CS,242,24/5 FOZ,$62.93,0.00 CS,0.00 CS,$0.00
SAUCE HOT GREEN PPR,EA,242,24/5 FOZ,$2.62,7.00 EA,7.00 EA,$18.35
VINEGAR CIDER APPLE 5% 50 GRN,CS,243,6/1 GAL,$30.23,0.00 CS,0.00 CS,$0.00
VINEGAR CIDER APPLE 5% 50 GRN,EA,243,6/1 GAL,$5.04,0.00 EA,5.00 EA,$25.19
MARMALADE ORANGE BULK POUCH,CS,244,4/8.25LB,$95.91,0.00 CS,0.00 CS,$0.00
MARMALADE ORANGE BULK POUCH,EA,244,4/8.25LB,$23.98,0.00 EA,0.00 EA,$0.00
SAUCE GINGER SWEET ASIAN,CS,245,4/.5 GAL,$52.80,0.00 CS,0.00 CS,$0.00
SAUCE GINGER SWEET ASIAN,EA,245,4/.5 GAL,$13.20,2.00 EA,1.00 EA,$13.20
MAYONNAISE HEAVY DELUXE CG FR,CS,246,4/1 GAL,$91.20,2.00 CS,2.00 CS,$182.40
MAYONNAISE HEAVY DELUXE CG FR,EA,246,4/1 GAL,$22.80,7.00 EA,3.00 EA,$68.40
RICE ARBORIO INTNL BENS,CS,247,2/5LB,$33.69,1.00 CS,1.00 CS,$33.69
RICE ARBORIO INTNL BENS,EA,247,2/5LB,$16.85,3.00 EA,2.00 EA,$33.70
PEACH SLICED IN EXT LGHT SYRUP,CS,248,6/#10,$67.91,2.00 CS,0.00 CS,$0.00
PEACH SLICED IN EXT LGHT SYRUP,EA,248,6/#10,$11.32,11.00 EA,14.00 EA,$158.48
PAN COATING ARSL GRL CANOLA,CS,249,6/17 OZ,$40.09,3.00 CS,0.00 CS,$0.00
PAN COATING ARSL GRL CANOLA,EA,249,6/17 OZ,$6.68,5.00 EA,3.00 EA,$20.05
CHOCOLATE CHIP WHITE MILK,CS,250,1/25LB,$108.14,1.00 CS,1.50 CS,$162.21
CHOCOLATE CHIP WHITE MILK,EA,250,1/25LB,$108.10,0.00 EA,0.00 EA,$0.00
SYRUP PANCAKE & WAFFLE CUP,CS,251,100/1.4 OZ,$18.38,3.00 CS,1.00 CS,$18.38
SYRUP PANCAKE & WAFFLE CUP,EA,251,100/1.4 OZ,$0.18,0.00 EA,0.00 EA,$0.00
SAUCE CHILI W/DISP VALV,CS,252,4/80 OZ,$44.13,6.00 CS,6.00 CS,$264.78
SAUCE CHILI W/DISP VALV,EA,252,4/80 OZ,$11.03,0.00 EA,0.00 EA,$0.00
SAUCE CHILI SAMBAL OELEK,CS,253,6/4.62LB,$88.68,0.00 CS,0.00 CS,$0.00
SAUCE CHILI SAMBAL OELEK,EA,253,6/4.62LB,$14.78,10.00 EA,10.00 EA,$147.80
SUGAR SUBSTITUTE YELLOW PCKT,CS,254,2000/1 G,$33.28,2.00 CS,2.00 CS,$66.56
SUGAR SUBSTITUTE YELLOW PCKT,EA,254,2000/1 G,$0.02,0.00 EA,0.00 EA,$0.00
SUGAR SUBSTITUTE BLUE,CS,255,2000/1 GR,$36.09,1.00 CS,1.00 CS,$36.09
SUGAR SUBSTITUTE BLUE,EA,255,2000/1 GR,$0.02,0.00 EA,0.00 EA,$0.00
SUGAR SUBSTITUTE -PINK,CS,256,2000/1 GR,$23.68,0.00 CS,0.00 CS,$0.00
SUGAR SUBSTITUTE -PINK,EA,256,2000/1 GR,$0.01,0.00 EA,0.00 EA,$0.00
QUINOA GRAIN WHT,CS,257,2/5 LB,$36.39,0.00 CS,0.00 CS,$0.00
QUINOA GRAIN WHT,EA,257,2/5 LB,$18.20,0.00 EA,0.00 EA,$0.00
PASTE TAHINI,CS,258,12/16 OZ,$84.55,0.00 CS,0.00 CS,$0.00
PASTE TAHINI,EA,258,12/16 OZ,$7.05,7.00 EA,7.00 EA,$49.32
SAUCE WING GRLC PARMESAN,CS,259,4/64 OZ,$41.85,0.00 CS,0.00 CS,$0.00
SAUCE WING GRLC PARMESAN,EA,259,4/64 OZ,$10.46,0.00 EA,3.00 EA,$31.38
OLIVE QUEEN STFD 100/110 CT,CS,260,4/1 GAL,$156.34,0.00 CS,0.00 CS,$0.00
OLIVE QUEEN STFD 100/110 CT,EA,260,4/1 GAL,$39.09,3.00 EA,0.00 EA,$0.00
PEAR SLICED IN JUICE,CS,261,6/10#,$62.39,0.00 CS,0.00 CS,$0.00
PEAR SLICED IN JUICE,EA,261,6/10#,$10.40,24.00 EA,24.00 EA,$249.60
MIX GRAVY BRN INST GF,CS,262,6/7 OZ,$32.15,0.00 CS,0.00 CS,$0.00
MIX GRAVY BRN INST GF,EA,262,6/7 OZ,$5.36,0.00 EA,0.00 EA,$0.00
SAUCE HOLLANDAISE RTU,CS,263,6/34.32Z,$66.10,1.00 CS,1.00 CS,$66.10
SAUCE HOLLANDAISE RTU,EA,263,6/34.32Z,$11.02,0.00 EA,0.00 EA,$0.00
DRESSING BALSAMIC VINEGARETTE,CS,264,4/1GAL,$55.37,2.00 CS,2.00 CS,$110.74
DRESSING BALSAMIC VINEGARETTE,EA,264,4/1GAL,$13.84,1.00 EA,1.00 EA,$13.84
SAUCE CHIPOTLE PPR,CS,265,12/5OZ,$37.37,1.00 CS,1.00 CS,$37.37
SAUCE CHIPOTLE PPR,EA,265,12/5OZ,$3.11,1.00 EA,1.00 EA,$3.11
SEASONING FRUIT TAJIN,CS,266,12/5OZ,$28.77,2.00 CS,0.00 CS,$0.00
SEASONING FRUIT TAJIN,EA,266,12/5OZ,$2.40,0.00 EA,2.00 EA,$4.80
SAUCE HOT,CS,267,4/.5 GAL,$57.68,1.00 CS,1.00 CS,$57.68
SAUCE HOT,EA,267,4/.5 GAL,$14.42,0.00 EA,0.00 EA,$0.00
CRACKER TABLE WATER BULK PACK,CS,268,24/4.25OZ,$58.96,1.00 CS,1.00 CS,$58.96
CRACKER TABLE WATER BULK PACK,EA,268,24/4.25OZ,$2.46,0.00 EA,0.00 EA,$0.00
CHOCOLATE CHIP MILK CHOC,CS,269,1/25LB,$120.47,1.00 CS,1.00 CS,$120.47
CHOCOLATE CHIP MILK CHOC,EA,269,1/25LB,$120.50,0.00 EA,0.00 EA,$0.00
SAUCE HOISIN,CS,270,6/5LB,$40.38,0.00 CS,0.00 CS,$0.00
SAUCE HOISIN,EA,270,6/5LB,$6.73,3.00 EA,2.00 EA,$13.46
SAUCE PEPPER CHIPOTLE SALSA,CS,271,6/#10,$51.32,0.00 CS,0.00 CS,$0.00
SAUCE PEPPER CHIPOTLE SALSA,EA,271,6/#10,$8.55,3.00 EA,3.00 EA,$25.66
CURRY PASTE RED BASE,CS,272,3/35 OZ,$52.75,0.66 CS,0.00 CS,$0.00
CURRY PASTE RED BASE,EA,272,3/35 OZ,$17.58,0.00 EA,2.00 EA,$35.16
MUSTARD BROWN BOLD & SPCY,CS,273,4/105 OZ,$27.85,5.00 CS,5.00 CS,$139.25
MUSTARD BROWN BOLD & SPCY,EA,273,4/105 OZ,$6.96,8.00 EA,8.00 EA,$55.70
PUDDING CHOCOLATE TFF,CS,274,6/#10,$48.51,0.00 CS,0.00 CS,$0.00
PUDDING CHOCOLATE TFF,EA,274,6/#10,$8.08,0.00 EA,0.00 EA,$0.00
SAUCE ENCHILADA,CS,275,6/#10,$54.24,0.00 CS,0.00 CS,$0.00
SAUCE ENCHILADA,EA,275,6/#10,$9.04,12.00 EA,12.00 EA,$108.48
SAUCE WORCESTERSHIRE,CS,276,4/1GAL,$34.51,1.00 CS,1.00 CS,$34.51
SAUCE WORCESTERSHIRE,EA,276,4/1GAL,$8.63,0.00 EA,0.00 EA,$0.00
SAUCE MIX CHEESE,CS,277,8/32 OZ,$70.45,0.00 CS,0.00 CS,$0.00
SAUCE MIX CHEESE,EA,277,8/32 OZ,$8.81,3.00 EA,3.00 EA,$26.42
DRESSING HONEY DIJON,CS,278,4/1 GAL,$69.40,1.00 CS,1.00 CS,$69.40
DRESSING HONEY DIJON,EA,278,4/1 GAL,$17.35,0.00 EA,0.00 EA,$0.00
PASTA ELBOW 100% WHL GRAIN,CS,279,2/10 LB,$31.69,2.00 CS,2.00 CS,$63.38
PASTA ELBOW 100% WHL GRAIN,EA,279,2/10 LB,$15.85,0.00 EA,0.00 EA,$0.00
SAUCE TARTAR PKT,CS,280,200/12 GM,$22.33,1.00 CS,1.00 CS,$22.33
SAUCE TARTAR PKT,EA,280,200/12 GM,$0.11,0.00 EA,0.00 EA,$0.00
MUSTARD DIJON PKT,CS,281,200/.25 OZ,$25.74,2.00 CS,2.00 CS,$51.48
MUSTARD DIJON PKT,EA,281,200/.25 OZ,$0.13,0.00 EA,0.00 EA,$0.00
PUDDING BANANA RTU TFF,CS,282,6/#10,$48.96,0.00 CS,0.00 CS,$0.00
PUDDING BANANA RTU TFF,EA,282,6/#10,$8.16,0.00 EA,0.00 EA,$0.00
TOPPING CANDY ENG TOFF MD CHNK,CS,283,4/3 LB,$69.90,1.50 CS,1.50 CS,$104.85
TOPPING CANDY ENG TOFF MD CHNK,EA,283,4/3 LB,$17.48,0.00 EA,0.00 EA,$0.00
SAUCE BBQ CLASSIC KANSAS CITY,CS,284,4/1GAL,$53.80,0.00 CS,0.00 CS,$0.00
SAUCE BBQ CLASSIC KANSAS CITY,EA,284,4/1GAL,$13.45,0.00 EA,0.00 EA,$0.00
PASTA CAVATAPPI CELLENTANI,CS,285,2/10 LBS,$25.08,3.00 CS,0.00 CS,$0.00
PASTA CAVATAPPI CELLENTANI,EA,285,2/10 LBS,$12.54,0.00 EA,0.00 EA,$0.00
SAUCE CHILI THAI SWEET/SPICY,CS,286,6/4.85LB,$81.11,1.00 CS,1.00 CS,$81.11
SAUCE CHILI THAI SWEET/SPICY,EA,286,6/4.85LB,$13.52,0.00 EA,0.00 EA,$0.00
SAUCE GREEN PEPPER,CS,287,12/5 OZ,$37.37,1.00 CS,1.00 CS,$37.37
SAUCE GREEN PEPPER,EA,287,12/5 OZ,$3.11,3.00 EA,3.00 EA,$9.34
MUSTARD YELLOW PLS JUG,CS,288,4/105OZ,$18.39,0.00 CS,0.00 CS,$0.00
MUSTARD YELLOW PLS JUG,EA,288,4/105OZ,$4.60,4.00 EA,4.00 EA,$18.39
POLENTA CORN MEAL YELLOW MED,CS,289,4/5LB,$47.71,0.00 CS,0.00 CS,$0.00
POLENTA CORN MEAL YELLOW MED,EA,289,4/5LB,$11.93,0.00 EA,0.00 EA,$0.00
SAUCE PIZZA PREPARED CA,CS,290,6/#10,$39.85,0.00 CS,0.00 CS,$0.00
SAUCE PIZZA PREPARED CA,EA,290,6/#10,$6.64,13.00 EA,13.00 EA,$86.35
JUICE TOMATO CANNED,CS,291,12/46 OZ,$27.50,0.00 CS,0.00 CS,$0.00
JUICE TOMATO CANNED,EA,291,12/46 OZ,$2.29,7.00 EA,7.00 EA,$16.04
MIX CORNBREAD COMPLT,CS,292,6/5.62LB,$63.05,0.00 CS,0.00 CS,$0.00
MIX CORNBREAD COMPLT,EA,292,6/5.62LB,$10.51,17.00 EA,17.00 EA,$178.67
MIX CAKE WHITE COMPLT,CS,293,6/5LB,$93.95,0.00 CS,0.00 CS,$0.00
MIX CAKE WHITE COMPLT,EA,293,6/5LB,$15.66,5.00 EA,5.00 EA,$78.30
HONEY LIGHT EXTRA AMBER,CS,294,6/5 LB,$124.66,4.00 CS,3.00 CS,$373.98
HONEY LIGHT EXTRA AMBER,EA,294,6/5 LB,$20.78,5.00 EA,0.00 EA,$0.00
DRESSING 1000 ISLD,CS,295,60/1.5 OZ,$20.91,1.00 CS,1.00 CS,$20.91
DRESSING 1000 ISLD,EA,295,60/1.5 OZ,$0.35,0.00 EA,0.00 EA,$0.00
DRESSING HONEY MUST,CS,296,60/1.5 OZ,$25.89,1.00 CS,1.00 CS,$25.89
DRESSING HONEY MUST,EA,296,60/1.5 OZ,$0.43,0.00 EA,0.00 EA,$0.00
SEASONING SPICY SRIRACHA,CS,297,6/22OZ,$130.98,0.00 CS,0.00 CS,$0.00
SEASONING SPICY SRIRACHA,EA,297,6/22OZ,$21.83,0.00 EA,0.00 EA,$0.00
FILLING PIE BLUEBERRY,CS,298,6/#10,$136.05,1.00 CS,1.00 CS,$136.05
FILLING PIE BLUEBERRY,EA,298,6/#10,$22.68,0.00 EA,0.00 EA,$0.00
SAUCE PEPPER HARISSA HOT,CS,299,12/10 OZ,$66.38,0.00 CS,0.00 CS,$0.00
SAUCE PEPPER HARISSA HOT,EA,299,12/10 OZ,$5.53,4.00 EA,4.00 EA,$22.13
SAUCE BBQ CUPS,CS,300,100/1 OZ,$20.82,1.00 CS,1.00 CS,$20.82
SAUCE BBQ CUPS,EA,300,100/1 OZ,$0.21,0.00 EA,0.00 EA,$0.00
SALT KOSHER FLAKE,CS,301,12/3 LB,$38.36,1.00 CS,1.00 CS,$38.36
SALT KOSHER FLAKE,EA,301,12/3 LB,$3.20,7.00 EA,2.00 EA,$6.39
ONION CHP DEHY DISPEN,CS,302,1/15LB,$84.12,1.00 CS,1.00 CS,$84.12
ONION CHP DEHY DISPEN,EA,302,1/15LB,$84.12,0.00 EA,0.00 EA,$0.00
DRESSING CAESAR SPECIAL,CS,303,4/1 GAL,$66.59,3.50 CS,3.00 CS,$199.77
DRESSING CAESAR SPECIAL,EA,303,4/1 GAL,$16.65,0.00 EA,1.00 EA,$16.65
PEANUT BUTTER CREAMY,CS,304,6/5 LB,$64.10,1.00 CS,0.00 CS,$0.00
PEANUT BUTTER CREAMY,EA,304,6/5 LB,$10.68,2.00 EA,4.00 EA,$42.72
SAUCE BBQ ORIGINAL,CS,305,1/5GAL,$57.19,0.00 CS,0.00 CS,$0.00
SAUCE BBQ ORIGINAL,EA,305,1/5GAL,$57.19,0.00 EA,0.00 EA,$0.00
HONEY HOT EXTRA HOT,CS,306,4/24 OZ,$72.95,3.00 CS,3.00 CS,$218.85
HONEY HOT EXTRA HOT,EA,306,4/24 OZ,$18.24,0.00 EA,0.00 EA,$0.00
RICE MIX JAMBALAYA RED SOD PCH,CS,307,6/40 OZ,$47.67,3.00 CS,1.00 CS,$47.67
RICE MIX JAMBALAYA RED SOD PCH,EA,307,6/40 OZ,$7.94,0.00 EA,5.00 EA,$39.73
SAUCE MARINADE CRIOLLO MOJO,CS,308,6/1GAL,$52.17,0.00 CS,0.00 CS,$0.00
SAUCE MARINADE CRIOLLO MOJO,EA,308,6/1GAL,$8.70,5.00 EA,5.00 EA,$43.48
PEPPER RED ROASTED STRIP,CS,309,6/2.5 KG,$66.69,2.00 CS,2.00 CS,$133.38
PEPPER RED ROASTED STRIP,EA,309,6/2.5 KG,$11.12,12.00 EA,12.00 EA,$133.44
DRESSING RASPBERRY VGR FRFT,CS,310,4/1 GAL,$58.74,2.00 CS,2.00 CS,$117.48
DRESSING RASPBERRY VGR FRFT,EA,310,4/1 GAL,$14.69,0.00 EA,0.00 EA,$0.00
SUGAR PACKET TURBINADO CANE,CS,311,1/1200BX,$29.00,1.00 CS,0.75 CS,$21.75
SUGAR PACKET TURBINADO CANE,EA,311,1/1200BX,$29.00,0.00 EA,0.00 EA,$0.00
CORN BABY WHL 300/UP,CS,312,6/#10,$70.37,0.00 CS,0.00 CS,$0.00
CORN BABY WHL 300/UP,EA,312,6/#10,$11.73,3.00 EA,2.00 EA,$23.46
SUGAR IN THE RAW,CS,313,12/2 LB,$62.54,1.00 CS,1.00 CS,$62.54
SUGAR IN THE RAW,EA,313,12/2 LB,$5.21,0.00 EA,0.00 EA,$0.00
TOMATO CRUSHED NO SALT ADD CA,CS,314,6/102 OZ,$38.17,1.00 CS,1.00 CS,$38.17
TOMATO CRUSHED NO SALT ADD CA,EA,314,6/102 OZ,$6.36,9.00 EA,9.00 EA,$57.26
HOMINY WHITE,CS,315,6/#10,$37.07,1.00 CS,1.00 CS,$37.07
HOMINY WHITE,EA,315,6/#10,$6.18,0.00 EA,0.00 EA,$0.00
SUGAR BROWN DARK CANE,CS,316,24/1 LB,$34.58,1.00 CS,2.00 CS,$69.16
SUGAR BROWN DARK CANE,EA,316,24/1 LB,$1.44,22.00 EA,19.00 EA,$27.38
PEA BLACKEYE,CS,317,6/#10,$39.26,0.00 CS,0.00 CS,$0.00
PEA BLACKEYE,EA,317,6/#10,$6.54,6.00 EA,6.00 EA,$39.26
SPOON PLASTIC SERVING BLK 10IN,CS,318,1/72PC,$22.78,11.00 CS,11.00 CS,$250.58
SPOON PLASTIC SERVING BLK 10IN,EA,318,1/72PC,$22.78,0.00 EA,0.00 EA,$0.00
SYRUP PANCAKE & WAFFLE,CS,319,4/1 GAL,$42.58,0.00 CS,0.00 CS,$0.00
SYRUP PANCAKE & WAFFLE,EA,319,4/1 GAL,$10.65,5.00 EA,5.00 EA,$53.25
TEA BAG ENGLISH BKFST,CS,320,6/20 CT,$15.73,0.00 CS,0.00 CS,$0.00
TEA BAG ENGLISH BKFST,EA,320,6/20 CT,$2.62,3.00 EA,3.00 EA,$7.87
TEA EARLGREY,CS,321,6/25 CT,$19.49,1.00 CS,1.00 CS,$19.49
TEA EARLGREY,EA,321,6/25 CT,$3.25,5.00 EA,5.00 EA,$16.24
TEA BAG COZY CHAMOMILE,CS,322,6/25CT,$19.49,0.00 CS,0.00 CS,$0.00
TEA BAG COZY CHAMOMILE,EA,322,6/25CT,$3.25,1.00 EA,0.00 EA,$0.00
TEA GREEN DECAF,CS,323,6/20 CT,$15.73,2.00 CS,2.00 CS,$31.46
TEA GREEN DECAF,EA,323,6/20 CT,$2.62,0.00 EA,0.00 EA,$0.00
TEA HOT BAG HERBAL MINT MEDLY,CS,324,6/28 CT,$23.94,0.00 CS,0.00 CS,$0.00
TEA HOT BAG HERBAL MINT MEDLY,EA,324,6/28 CT,$3.99,2.00 EA,0.00 EA,$0.00
SAUCE WING MILD,CS,325,4/1 GAL,$68.35,0.00 CS,0.00 CS,$0.00
SAUCE WING MILD,EA,325,4/1 GAL,$17.09,0.00 EA,0.00 EA,$0.00
TORTILLA CORN WHT 6,CS,326,12/60 CT,$31.43,4.00 CS,4.00 CS,$125.72
TORTILLA CORN WHT 6,EA,326,12/60 CT,$2.62,0.00 EA,0.00 EA,$0.00
FIGS BLACK MISSION DRIED CHOICE,CS,327,1 / 6 LB,$49.30,0.00 CS,0.00 CS,$0.00
FIGS BLACK MISSION DRIED CHOICE,EA,327,1 / 6 LB,$49.30,0.00 EA,0.00 EA,$0.00
SPREAD CHOCOLATE HZLNT BAG,CS,328,6/35.2OZ,$52.94,0.00 CS,0.00 CS,$0.00
SPREAD CHOCOLATE HZLNT BAG,EA,328,6/35.2OZ,$8.82,0.00 EA,0.00 EA,$0.00
BAG PAPR NAT DELI TO GO W/WIN,CS,329,1/500CT,$115.73,2.00 CS,2.00 CS,$231.46
BAG PAPR NAT DELI TO GO W/WIN,EA,329,1/500CT,$115.70,0.00 EA,0.00 EA,$0.00
SAUCE ASST DESSERT DESNR TOPPG,CS,330,12/EA,$53.82,3.00 CS,3.00 CS,$161.46
SAUCE ASST DESSERT DESNR TOPPG,EA,330,12/EA,$4.48,0.00 EA,0.00 EA,$0.00
KNIFE PLAS PS REFILL BLK SRS T,CS,331,24/40 CT,$45.75,13.00 CS,12.00 CS,$549.00
KNIFE PLAS PS REFILL BLK SRS T,EA,331,24/40 CT,$1.91,0.00 EA,0.00 EA,$0.00
CEREAL GRANOLA OAT N HNY BLKPK,CS,332,4/44 OZ,$64.52,0.00 CS,0.00 CS,$0.00
CEREAL GRANOLA OAT N HNY BLKPK,EA,332,4/44 OZ,$16.13,0.00 EA,0.00 EA,$0.00
KNIFE PLAS WHT MED WT WRPD,CS,333,1000/CT,$24.16,1.00 CS,1.00 CS,$24.16
KNIFE PLAS WHT MED WT WRPD,EA,333,1000/CT,$0.02,0.00 EA,0.00 EA,$0.00
MIX PANCAKE GLDN VALLEY COMPLT,CS,334,6/5 LB,$41.68,2.00 CS,1.50 CS,$62.52
MIX PANCAKE GLDN VALLEY COMPLT,EA,334,6/5 LB,$6.95,2.00 EA,0.00 EA,$0.00
SPICE CHILE PWDR ANCHO,CS,335,6/20 OZ,$105.11,0.00 CS,2.00 CS,$210.22
SPICE CHILE PWDR ANCHO,EA,335,6/20 OZ,$17.52,2.00 EA,0.00 EA,$0.00
PAN FOIL STM TBL DEEP 3-5/16,CS,336,200/THIRD,$104.70,0.50 CS,0.50 CS,$52.35
PAN FOIL STM TBL DEEP 3-5/16,EA,336,200/THIRD,$0.52,0.00 EA,0.00 EA,$0.00
RICE BROWN PARBOILED WHLGRN QC,CS,337,1/25 LB,$22.80,3.00 CS,3.00 CS,$68.40
RICE BROWN PARBOILED WHLGRN QC,EA,337,1/25 LB,$22.80,0.00 EA,0.00 EA,$0.00
LINER PAPER PAN QUILON,CS,338,1000/16X24,$56.83,0.00 CS,0.00 CS,$0.00
LINER PAPER PAN QUILON,EA,338,1000/16X24,$0.06,0.00 EA,0.00 EA,$0.00
PEACH DICED YELLOW CLING ELS,CS,339,6/#10,$70.35,1.00 CS,1.00 CS,$70.35
PEACH DICED YELLOW CLING ELS,EA,339,6/#10,$11.73,0.00 EA,0.00 EA,$0.00
PEPPER BANANA RINGS,CS,340,4/1 GAL,$44.56,0.00 CS,0.00 CS,$0.00
PEPPER BANANA RINGS,EA,340,4/1 GAL,$11.14,2.00 EA,2.00 EA,$22.28
MILK CONDENSED SWEETENED,CS,341,24/14 OZ,$54.17,0.00 CS,0.00 CS,$0.00
MILK CONDENSED SWEETENED,EA,341,24/14 OZ,$2.26,22.00 EA,22.00 EA,$49.65
MIX GRAVY BISC W/PEPPER,CS,342,6/24 OZ,$21.65,0.00 CS,0.00 CS,$0.00
MIX GRAVY BISC W/PEPPER,EA,342,6/24 OZ,$3.61,2.00 EA,2.00 EA,$7.22
MIX WAFFLE BELGIAN,CS,343,8/3.75LB,$54.10,10.00 CS,10.00 CS,$541.00
MIX WAFFLE BELGIAN,EA,343,8/3.75LB,$6.76,0.00 EA,0.00 EA,$0.00
OKRA PICKLED,CS,344,6/.5 GAL,$46.45,0.00 CS,0.00 CS,$0.00
OKRA PICKLED,EA,344,6/.5 GAL,$7.74,0.00 EA,0.00 EA,$0.00
RICE JASMINE,CS,345,1/25 LB,$39.71,30.00 CS,18.00 CS,$714.78
RICE JASMINE,EA,345,1/25 LB,$39.71,0.00 EA,0.00 EA,$0.00
SAUCE CHILI GARLIC,CS,346,6/5LB,$90.21,0.00 CS,0.00 CS,$0.00
SAUCE CHILI GARLIC,EA,346,6/5LB,$15.04,9.00 EA,9.00 EA,$135.36
POWDER BAKING,CS,347,6/5LB,$97.67,0.00 CS,0.00 CS,$0.00
POWDER BAKING,EA,347,6/5LB,$16.28,3.00 EA,3.00 EA,$48.84
SYRUP COFFEE CARAMEL US,CS,348,4/1 LTR,$39.60,0.00 CS,0.00 CS,$0.00
SYRUP COFFEE CARAMEL US,EA,348,4/1 LTR,$9.90,3.00 EA,3.00 EA,$29.70
SYRUP COFFEE VANILLA US,CS,349,4/1 LTR,$39.60,1.00 CS,1.00 CS,$39.60
SYRUP COFFEE VANILLA US,EA,349,4/1 LTR,$9.90,0.00 EA,0.00 EA,$0.00
TEA BREW FILTER PACK,CS,350,32/4 OZ,$61.72,3.00 CS,2.75 CS,$169.73
TEA BREW FILTER PACK,EA,350,32/4 OZ,$1.93,0.00 EA,0.00 EA,$0.00
TOPPING RASPBERRY PLATESCAPER,CS,351,12/19.5OZ,$44.09,1.50 CS,1.50 CS,$66.14
TOPPING RASPBERRY PLATESCAPER,EA,351,12/19.5OZ,$3.67,0.00 EA,0.00 EA,$0.00
SAUCE SWEET & SOUR RTU,CS,352,6/.5GAL,$50.56,0.00 CS,0.00 CS,$0.00
SAUCE SWEET & SOUR RTU,EA,352,6/.5GAL,$8.43,15.00 EA,14.00 EA,$117.98
TEA BLK BLEND TRDTNL,CS,353,96/3.5 OZ,$93.76,0.00 CS,0.00 CS,$0.00
TEA BLK BLEND TRDTNL,EA,353,96/3.5 OZ,$0.98,0.00 EA,0.00 EA,$0.00
TOPPING CHOCOLATE PLATESCAPER,CS,354,12/19.5OZ,$43.19,1.00 CS,1.00 CS,$43.19
TOPPING CHOCOLATE PLATESCAPER,EA,354,12/19.5OZ,$3.60,0.00 EA,0.00 EA,$0.00
SEASONING BBQ MESQT,EA,355,1/26OZ,$18.09,0.00 EA,0.00 EA,$0.00
SEASONING BBQ MESQT,EA,355,1/26OZ,$18.09,4.00 EA,3.00 EA,$54.27
SAUCE JAMAICAN JERK RTU,CS,356,4/.5GAL,$69.51,0.00 CS,0.00 CS,$0.00
SAUCE JAMAICAN JERK RTU,EA,356,4/.5GAL,$17.38,5.00 EA,2.00 EA,$34.76
COOKIE CRUMB OREO MED GRIND,CS,357,12/1 LB,$55.96,1.00 CS,1.00 CS,$55.96
COOKIE CRUMB OREO MED GRIND,EA,357,12/1 LB,$4.66,0.00 EA,0.00 EA,$0.00
SUGAR PACKET,CS,358,2000/1/10OZ,$16.38,2.00 CS,1.00 CS,$16.38
SUGAR PACKET,EA,358,2000/1/10OZ,$0.01,0.00 EA,0.00 EA,$0.00
BAG PLAS RECLOSE GAL XX-HEAVY,CS,359,1/250CT,$19.19,1.00 CS,0.75 CS,$14.39
BAG PLAS RECLOSE GAL XX-HEAVY,EA,359,1/250CT,$19.19,0.00 EA,0.00 EA,$0.00
BREADING SEASONED FISH FRI,CS,360,1/25LB,$38.55,2.00 CS,2.00 CS,$77.10
BREADING SEASONED FISH FRI,EA,360,1/25LB,$38.55,0.00 EA,0.00 EA,$0.00
HONEY PURE CUP,CS,361,200/.5 OZ,$41.29,6.00 CS,6.00 CS,$247.74
HONEY PURE CUP,EA,361,200/.5 OZ,$0.21,0.00 EA,0.00 EA,$0.00
SAUCE STEAK GLASS,CS,362,12/10OZ,$62.15,1.00 CS,1.00 CS,$62.15
SAUCE STEAK GLASS,EA,362,12/10OZ,$5.18,0.00 EA,0.00 EA,$0.00
SHELL TACO YEL REG 5 IN,CS,363,8/25 CT,$19.85,10.00 CS,10.00 CS,$198.50
SHELL TACO YEL REG 5 IN,EA,363,8/25 CT,$2.48,0.00 EA,0.00 EA,$0.00
POTATO SCALLOPED CLS CASSROLE,CS,364,6/2.25LB,$68.09,0.00 CS,0.00 CS,$0.00
POTATO SCALLOPED CLS CASSROLE,EA,364,6/2.25LB,$11.35,0.00 EA,0.00 EA,$0.00
SHORTENING FRY LIQ CLR CANOLA,CS,365,1/35 LB,$42.02,6.00 CS,6.00 CS,$252.12
SHORTENING FRY LIQ CLR CANOLA,EA,365,1/35 LB,$42.02,0.00 EA,0.00 EA,$0.00
VINEGAR CIDER APPLE 5% 50 GRN,CS,366,4/1GAL,$41.13,0.00 CS,0.00 CS,$0.00
VINEGAR CIDER APPLE 5% 50 GRN,EA,366,4/1GAL,$10.28,5.00 EA,0.00 EA,$0.00
SPICE GARAM MASALA,CS,367,6/14OZ,$94.96,0.00 CS,0.00 CS,$0.00
SPICE GARAM MASALA,EA,367,6/14OZ,$15.83,8.00 EA,0.00 EA,$0.00
WINE COOKING SAUTERNE,CS,368,4/1GAL,$44.54,0.00 CS,0.00 CS,$0.00
WINE COOKING SAUTERNE,EA,368,4/1GAL,$11.14,4.00 EA,4.00 EA,$44.56
SYRUP MAPLE PURE DARK ROBUST,CS,369,1 / 1 GA,$76.97,0.00 CS,0.00 CS,$0.00
SYRUP MAPLE PURE DARK ROBUST,EA,369,1 / 1 GA,$76.97,0.00 EA,0.00 EA,$0.00
RED PERUVIAN PEARL PEPPERS EA.,CS,370,1 / 6.6 LB,$37.87,0.00 CS,0.00 CS,$0.00
RED PERUVIAN PEARL PEPPERS EA.,EA,370,1 / 6.6 LB,$37.87,1.00 EA,1.00 EA,$37.87
BAG PLAS 5.5X5.5 HI-DEN CLEAR,CS,371,10/200 CT,$27.61,1.00 CS,1.00 CS,$27.61
BAG PLAS 5.5X5.5 HI-DEN CLEAR,EA,371,10/200 CT,$2.76,0.00 EA,0.00 EA,$0.00
NUT PISTACHIO SHELLED RAW,CS,372,3/2LB,$137.22,1.00 CS,1.00 CS,$137.22
NUT PISTACHIO SHELLED RAW,EA,372,3/2LB,$45.74,1.00 EA,1.00 EA,$45.74
PASTA ROTINI TRICOLOR,CS,373,2/10 LB,$30.88,7.00 CS,7.00 CS,$216.16
PASTA ROTINI TRICOLOR,EA,373,2/10 LB,$15.44,0.00 EA,0.00 EA,$0.00
PEANUT GRANULATED D/RST UNSALT,CS,374,3/2LB,$23.35,3.25 CS,3.00 CS,$70.05
PEANUT GRANULATED D/RST UNSALT,EA,374,3/2LB,$7.78,0.00 EA,0.00 EA,$0.00
NUT PECAN MED FNCY PIECE,CS,375,1/5 LB,$56.44,1.00 CS,2.00 CS,$112.88
NUT PECAN MED FNCY PIECE,EA,375,1/5 LB,$56.44,0.00 EA,0.00 EA,$0.00
SEASONING LIQUID SMOKE HICKORY,CS,376,4/1 GAL,$47.47,0.00 CS,0.00 CS,$0.00
SEASONING LIQUID SMOKE HICKORY,EA,376,4/1 GAL,$11.87,2.00 EA,2.00 EA,$23.74
SPICE PAPRIKA XFCY,EA,377,1/5.25LB,$60.98,0.00 EA,0.00 EA,$0.00
SPICE PAPRIKA XFCY,EA,377,1/5.25LB,$60.98,2.00 EA,1.00 EA,$60.98
SPICE LEMON PEPPER,EA,378,1/28OZ,$16.09,0.00 EA,0.00 EA,$0.00
SPICE LEMON PEPPER,EA,378,1/28OZ,$16.09,0.00 EA,0.00 EA,$0.00
SEASONING POULTRY,EA,379,1/12 OZ,$15.97,0.00 EA,0.00 EA,$0.00
SEASONING POULTRY,EA,379,1/12 OZ,$15.97,7.00 EA,7.00 EA,$111.79
SPICE OREGANO GROUND,EA,380,1/13 OZ,$14.31,0.00 EA,15.00 EA,$214.65
SPICE OREGANO GROUND,EA,380,1/13 OZ,$14.31,14.00 EA,0.00 EA,$0.00
SAUCE CHILI SRIRACHA CHA,CS,381,12/18 OZ,$46.24,1.00 CS,1.00 CS,$46.24
SAUCE CHILI SRIRACHA CHA,EA,381,12/18 OZ,$3.85,8.00 EA,8.00 EA,$30.82
SPICE PEPPER RED CRUSHED,EA,382,1/13OZ,$11.30,0.00 EA,0.00 EA,$0.00
SPICE PEPPER RED CRUSHED,EA,382,1/13OZ,$11.30,1.00 EA,1.00 EA,$11.30
SPICE PARSLEY FLAKE,EA,383,1/10OZ,$16.30,0.00 EA,0.00 EA,$0.00
SPICE PARSLEY FLAKE,EA,383,1/10OZ,$16.30,0.00 EA,0.00 EA,$0.00
TEA MINT MEDLEY,CS,384,1/100 CT,$35.44,0.00 CS,0.00 CS,$0.00
TEA MINT MEDLEY,EA,384,1/100 CT,$35.44,0.00 EA,0.00 EA,$0.00
PRETZEL STICK,CS,385,1/7LB,$19.76,1.00 CS,1.00 CS,$19.76
PRETZEL STICK,EA,385,1/7LB,$19.76,0.00 EA,0.00 EA,$0.00
SPICE GARLIC POWDER BLACK,EA,386,1/25 OZ.,$30.59,0.00 EA,1.00 EA,$30.59
SPICE GARLIC POWDER BLACK,EA,386,1/25 OZ.,$30.59,1.00 EA,0.00 EA,$0.00
SUGAR CONFECTIONER 10X CANE,CS,387,12/2LB,$33.24,0.00 CS,1.00 CS,$33.24
SUGAR CONFECTIONER 10X CANE,EA,387,12/2LB,$2.77,0.00 EA,0.00 EA,$0.00
SAUCE BBQ SMOKEY,CS,388,1/5GAL,$57.19,0.00 CS,0.00 CS,$0.00
SAUCE BBQ SMOKEY,EA,388,1/5GAL,$57.19,0.00 EA,0.00 EA,$0.00
ALMOND BLANCHED SLIVERED RAW,CS,389,3/2LB,$59.54,1.00 CS,1.00 CS,$59.54
ALMOND BLANCHED SLIVERED RAW,EA,389,3/2LB,$19.85,0.00 EA,0.00 EA,$0.00
MIX SOUP FRCH ONION,CS,390,6/20.98Z,$104.12,0.00 CS,0.00 CS,$0.00
MIX SOUP FRCH ONION,EA,390,6/20.98Z,$17.35,5.00 EA,4.00 EA,$69.40
NUT WALNUT GLAZED PCS,CS,391,1/5 LB,$49.12,0.00 CS,2.00 CS,$98.24
NUT WALNUT GLAZED PCS,EA,391,1/5 LB,$49.12,0.00 EA,0.00 EA,$0.00
BOWL PLAS BLK MICROWBLE 24OZ,CS,1,1/300 CT,$78.30,6.50 CS,0.00 CS,$0.00
BOWL PLAS BLK MICROWBLE 24OZ,EA,1,1/300 CT,$78.30,0.00 EA,0.00 EA,$0.00
BOWL PULP 27OZ 6.5X9 OVL BURTO,CS,2,2/150 PC,$91.61,5.00 CS,5.00 CS,$458.05
BOWL PULP 27OZ 6.5X9 OVL BURTO,EA,2,2/150 PC,$45.81,0.00 EA,0.00 EA,$0.00
CHIP MULTIGRAIN GRDN SALSA LSS,CS,3,64/1.5OZ,$45.90,0.00 CS,0.00 CS,$0.00
CHIP MULTIGRAIN GRDN SALSA LSS,EA,3,64/1.5OZ,$0.72,0.00 EA,0.00 EA,$0.00
CHIP MULTIGRAIN HRVST CHDR LSS,CS,4,64/1.5 OZ,$45.90,0.00 CS,0.00 CS,$0.00
CHIP MULTIGRAIN HRVST CHDR LSS,EA,4,64/1.5 OZ,$0.72,0.00 EA,0.00 EA,$0.00
CHIP POTATO JALAPENO KETTLE,CS,5,64/1.375Z,$45.90,0.00 CS,0.00 CS,$0.00
CHIP POTATO JALAPENO KETTLE,EA,5,64/1.375Z,$0.72,0.00 EA,0.00 EA,$0.00
CHIP POTATO SALT & VNGR KETTLE,CS,6,64/1.375Z,$45.90,0.00 CS,0.00 CS,$0.00
CHIP POTATO SALT & VNGR KETTLE,EA,6,64/1.375Z,$0.72,0.00 EA,0.00 EA,$0.00
CHIP TORTILLA NACHO CHS LSS,CS,7,64/1.75OZ,$45.90,0.00 CS,0.00 CS,$0.00
CHIP TORTILLA NACHO CHS LSS,EA,7,64/1.75OZ,$0.72,0.00 EA,0.00 EA,$0.00
COFFEE GRND VERONA REG US,CS,8,28/9 OZ,$241.84,1.50 CS,0.00 CS,$0.00
COFFEE GRND VERONA REG US,EA,8,28/9 OZ,$8.64,0.00 EA,0.00 EA,$0.00
GLOVE NITRILE FDSRV PF BLU LRG,CS,9,10/100CT,$75.03,2.00 CS,1.00 CS,$75.03
GLOVE NITRILE FDSRV PF BLU LRG,EA,9,10/100CT,$7.50,9.00 EA,0.00 EA,$0.00
LID PLAS SLOT F/12/16/24Z CUP,CS,10,10/100CT,$32.01,4.00 CS,4.00 CS,$128.04
LID PLAS SLOT F/12/16/24Z CUP,EA,10,10/100CT,$3.20,0.00 EA,0.00 EA,$0.00
GLOVE VINYL PF GENPURP MED,CS,11,10/100 CT,$37.47,10.00 CS,10.00 CS,$374.70
GLOVE VINYL PF GENPURP MED,EA,11,10/100 CT,$3.75,3.00 EA,1.00 EA,$3.75
GLOVE VINYL PF GENPURP LRG,CS,12,10/100 CT,$37.47,2.00 CS,2.00 CS,$74.94
GLOVE VINYL PF GENPURP LRG,EA,12,10/100 CT,$3.75,4.00 EA,3.00 EA,$11.24
GLOVE VINYL PF GENPURP XL,CS,13,10/100 CT,$37.47,3.00 CS,3.00 CS,$112.41
GLOVE VINYL PF GENPURP XL,EA,13,10/100 CT,$3.75,0.00 EA,8.00 EA,$29.98
GLOVE NITRILE FDSRV PF BLU MED,CS,14,10/100CT,$75.03,3.00 CS,2.00 CS,$150.06
GLOVE NITRILE FDSRV PF BLU MED,EA,14,10/100CT,$7.50,4.00 EA,4.00 EA,$30.01
GLOVE NITRILE FDSRV PF BLU XL,CS,15,10/100CT,$75.03,3.00 CS,2.00 CS,$150.06
GLOVE NITRILE FDSRV PF BLU XL,EA,15,10/100CT,$7.50,1.00 EA,0.00 EA,$0.00
CONTAINER PAPER SOUP 8 OZ,CS,16,20/25 CT,$75.22,1.00 CS,1.00 CS,$75.22
CONTAINER PAPER SOUP 8 OZ,EA,16,20/25 CT,$3.76,0.00 EA,0.00 EA,$0.00
CUP PORTION PLAS TRANS 5.5OZ,CS,17,10/250CT,$70.24,1.00 CS,1.00 CS,$70.24
CUP PORTION PLAS TRANS 5.5OZ,EA,17,10/250CT,$7.02,0.00 EA,0.00 EA,$0.00
CHIP TORTILLA RND WLKTCO,CS,18,18/2.5 OZ,$29.45,4.00 CS,4.00 CS,$117.80
CHIP TORTILLA RND WLKTCO,EA,18,18/2.5 OZ,$1.64,0.00 EA,0.00 EA,$0.00
CHIP CORN SCOOP WLKTCO,CS,19,18/3.5OZ,$29.45,3.00 CS,3.00 CS,$88.35
CHIP CORN SCOOP WLKTCO,EA,19,18/3.5OZ,$1.64,0.00 EA,0.00 EA,$0.00
TOWEL WIPE SANITIZING NO R RED,CS,20,6/95CT,$37.29,4.00 CS,4.00 CS,$149.16
TOWEL WIPE SANITIZING NO R RED,EA,20,6/95CT,$6.22,0.00 EA,0.00 EA,$0.00
CONTAINER PLAS HNG 11X8 BLK/CL,CS,21,1/125 CT,$133.90,3.00 CS,3.00 CS,$401.70
CONTAINER PLAS HNG 11X8 BLK/CL,EA,21,1/125 CT,$133.90,0.00 EA,0.00 EA,$0.00
CONTAINER PLAS MICRO BLK W/LID,CS,22,150/38 OZ,$59.37,3.25 CS,2.25 CS,$133.58
CONTAINER PLAS MICRO BLK W/LID,EA,22,150/38 OZ,$0.40,0.00 EA,0.00 EA,$0.00
CONTAINER MINERAL 8.5X8.5 3CPT,CS,23,2/73 CT,$39.18,0.00 CS,0.00 CS,$0.00
CONTAINER MINERAL 8.5X8.5 3CPT,EA,23,2/73 CT,$19.59,0.00 EA,0.00 EA,$0.00
DRINK MIX VARIETY,CS,24,32/21 OZ,$137.16,3.00 CS,1.00 CS,$137.16
DRINK MIX VARIETY,EA,24,32/21 OZ,$4.29,0.00 EA,0.00 EA,$0.00
LID PLAS DOME NO HOLE 9/12/20,CS,25,1000/EA,$73.85,3.20 CS,2.00 CS,$147.70
LID PLAS DOME NO HOLE 9/12/20,EA,25,1000/EA,$0.07,0.00 EA,0.00 EA,$0.00
CUP PAPER HOT 12OZ,CS,26,1/920 CT,$89.93,1.00 CS,0.50 CS,$44.97
CUP PAPER HOT 12OZ,EA,26,1/920 CT,$89.93,0.00 EA,0.00 EA,$0.00
CUP PORTION PLAS TRANS 2OZ,CS,27,10/250 CT,$29.91,4.00 CS,4.00 CS,$119.64
CUP PORTION PLAS TRANS 2OZ,EA,27,10/250 CT,$2.99,0.00 EA,0.00 EA,$0.00
CONTAINER PLAS DELI NATRL BULK,CS,28,480/32 OZ,$97.58,1.50 CS,1.50 CS,$146.37
CONTAINER PLAS DELI NATRL BULK,EA,28,480/32 OZ,$0.20,0.00 EA,0.00 EA,$0.00
CONTAINER PLAS CLR PET 12 OZ,CS,29,1/240CT,$38.64,0.00 CS,0.00 CS,$0.00
CONTAINER PLAS CLR PET 12 OZ,EA,29,1/240CT,$38.64,0.00 EA,0.00 EA,$0.00
WATER DISTILLED,CS,30,6/1 GAL,$11.90,2.00 CS,2.00 CS,$23.80
WATER DISTILLED,EA,30,6/1 GAL,$1.98,0.00 EA,0.00 EA,$0.00
DRINK MIX LEMONADE,CS,31,15/2 GAL,$66.06,1.00 CS,0.00 CS,$0.00
DRINK MIX LEMONADE,EA,31,15/2 GAL,$4.40,0.00 EA,0.00 EA,$0.00
TOWEL PAPER CENTERPULL BLCHD,CS,32,6/320 CT,$49.39,2.66 CS,2.00 CS,$98.78
TOWEL PAPER CENTERPULL BLCHD,EA,32,6/320 CT,$8.23,0.00 EA,1.00 EA,$8.23
JUICE APPLE ORIG PLAS,CS,33,8/64 OZ,$26.04,8.00 CS,7.00 CS,$182.28
JUICE APPLE ORIG PLAS,EA,33,8/64 OZ,$3.26,4.00 EA,6.00 EA,$19.53
CONTAINER PLAS TAMPERPRF 4CMPT,CS,34,1/252 CT,$71.21,0.00 CS,0.00 CS,$0.00
CONTAINER PLAS TAMPERPRF 4CMPT,EA,34,1/252 CT,$71.21,0.00 EA,0.00 EA,$0.00
BOWL PLAS BLK RND MICROWVBL,CS,35,500/8 OZ,$86.43,1.25 CS,1.00 CS,$86.43
BOWL PLAS BLK RND MICROWVBL,EA,35,500/8 OZ,$0.17,0.00 EA,0.00 EA,$0.00
CONTAINER PAPER #3 TK OUT KRFT,CS,36,2/65CT,$47.28,1.00 CS,0.00 CS,$0.00
CONTAINER PAPER #3 TK OUT KRFT,EA,36,2/65CT,$23.64,0.00 EA,0.00 EA,$0.00
PLATE ROUND 1 CMPNT FIBER 9,CS,37,1/500 CT,$85.97,8.00 CS,1.25 CS,$107.46
PLATE ROUND 1 CMPNT FIBER 9,EA,37,1/500 CT,$85.97,0.00 EA,0.00 EA,$0.00
NAPKIN DINNER 16X15 2P 1/8 WHT,CS,38,24/126 CT,$59.86,2.00 CS,0.00 CS,$0.00
NAPKIN DINNER 16X15 2P 1/8 WHT,EA,38,24/126 CT,$2.49,0.00 EA,0.00 EA,$0.00
CHIP CORN REGULAR,CS,39,8/16OZ,$22.95,2.00 CS,2.00 CS,$45.90
CHIP CORN REGULAR,EA,39,8/16OZ,$2.87,0.00 EA,0.00 EA,$0.00
LID BOWL PLAS F/18/24/32,CS,40,1/300 CT,$38.76,3.00 CS,0.00 CS,$0.00
LID BOWL PLAS F/18/24/32,EA,40,1/300 CT,$38.76,0.00 EA,0.00 EA,$0.00
COCOA MIX HOT ABUELITA,CS,41,6/2LB,$91.66,1.50 CS,1.50 CS,$137.49
COCOA MIX HOT ABUELITA,EA,41,6/2LB,$15.28,0.00 EA,0.00 EA,$0.00
COFFEE GRND DECAF PKS PLACE US,CS,42,28/9 OZ,$241.84,2.00 CS,2.00 CS,$483.68
COFFEE GRND DECAF PKS PLACE US,EA,42,28/9 OZ,$8.64,0.00 EA,0.00 EA,$0.00
CUP PAPER HOT 16OZ,CS,43,20/50 CT,$121.92,0.00 CS,0.00 CS,$0.00
CUP PAPER HOT 16OZ,EA,43,20/50 CT,$6.10,0.00 EA,0.00 EA,$0.00
CUP PLAS CLEAR 9 OZ KC9OF,CS,44,20/50CT,$68.98,1.33 CS,0.25 CS,$17.25
CUP PLAS CLEAR 9 OZ KC9OF,EA,44,20/50CT,$3.45,0.00 EA,0.00 EA,$0.00
DRINK MIX FRUIT PUNCH,CS,45,12/24 OZ,$48.38,1.00 CS,1.00 CS,$48.38
DRINK MIX FRUIT PUNCH,EA,45,12/24 OZ,$4.03,0.00 EA,0.00 EA,$0.00
NAPKIN BEV 9.4X9.4 1PLY,CS,46,8/500 CT,$23.00,6.00 CS,6.00 CS,$138.00
NAPKIN BEV 9.4X9.4 1PLY,EA,46,8/500 CT,$2.88,0.00 EA,0.00 EA,$0.00
NAPKIN DISP XPRESSNP NAT,CS,47,12/500 CT,$50.14,1.00 CS,1.00 CS,$50.14
NAPKIN DISP XPRESSNP NAT,EA,47,12/500 CT,$4.18,0.00 EA,0.00 EA,$0.00
BOWL PLAS PLA SALAD WITH LID,CS,48,150/32 OZ,$74.29,2.00 CS,2.00 CS,$148.58
BOWL PLAS PLA SALAD WITH LID,EA,48,150/32 OZ,$0.50,0.00 EA,0.00 EA,$0.00
CHIP POTATO BBQ SMKHSE KETTLE,CS,49,64/1.375Z,$45.90,0.00 CS,0.00 CS,$0.00
CHIP POTATO BBQ SMKHSE KETTLE,EA,49,64/1.375Z,$0.72,0.00 EA,0.00 EA,$0.00
CHIP POTATO REG SEA SALT,CS,50,64/1.375Z,$45.90,0.00 CS,0.00 CS,$0.00
CHIP POTATO REG SEA SALT,EA,50,64/1.375Z,$0.72,0.00 EA,0.00 EA,$0.00
CHIP POTATO CUBE VARIETY,CS,51,2/30 CT,$42.41,2.00 CS,2.00 CS,$84.82
CHIP POTATO CUBE VARIETY,EA,51,2/30 CT,$21.21,1.00 EA,0.00 EA,$0.00
CONTAINER PLAS DELI CMP 8OZ,CS,52,10/50CT,$79.62,3.00 CS,3.00 CS,$238.86
CONTAINER PLAS DELI CMP 8OZ,EA,52,10/50CT,$7.96,0.00 EA,0.00 EA,$0.00
CONTAINER PLAS DELI RND,CS,53,500/16 OZ,$109.38,3.00 CS,3.00 CS,$328.14
CONTAINER PLAS DELI RND,EA,53,500/16 OZ,$0.22,0.00 EA,0.00 EA,$0.00
CUP PORTION PLAS TRANS 4OZ,CS,54,10/250CT,$49.45,2.00 CS,2.00 CS,$98.90
CUP PORTION PLAS TRANS 4OZ,EA,54,10/250CT,$4.94,0.00 EA,0.00 EA,$0.00
LID PLAS GRNWRE FLAT 12/20,CS,55,10/100,$56.14,7.00 CS,7.00 CS,$392.98
LID PLAS GRNWRE FLAT 12/20,EA,55,10/100,$5.61,0.00 EA,0.00 EA,$0.00
LID PLAS MED PORTION 2 OUNCE,CS,56,20/125 CT,$27.49,2.00 CS,2.00 CS,$54.98
LID PLAS MED PORTION 2 OUNCE,EA,56,20/125 CT,$1.38,0.00 EA,0.00 EA,$0.00
LID PLAS F/ 3.25-5.5 OZ PORTN,CS,57,20/125CT,$39.59,7.00 CS,7.00 CS,$277.13
LID PLAS F/ 3.25-5.5 OZ PORTN,EA,57,20/125CT,$1.98,0.00 EA,0.00 EA,$0.00
LID PLAS DOME CLR MCRWVBL,CS,58,500/5 IN,$57.85,6.00 CS,6.00 CS,$347.10
LID PLAS DOME CLR MCRWVBL,EA,58,500/5 IN,$0.12,0.00 EA,0.00 EA,$0.00
LID PLAS CLR X-SLOT 16/24OZ,CS,59,1000/EACH,$47.01,5.00 CS,6.00 CS,$282.06
LID PLAS CLR X-SLOT 16/24OZ,EA,59,1000/EACH,$0.05,0.00 EA,0.00 EA,$0.00
LID PLAS DOME BLK 12/16 HOTCUP,CS,60,10/100 CT,$48.97,3.00 CS,2.00 CS,$97.94
LID PLAS DOME BLK 12/16 HOTCUP,EA,60,10/100 CT,$4.90,0.00 EA,0.00 EA,$0.00
LID PLAS STRAW SLOT 12-24OZ,CS,61,10/100CT,$26.35,4.00 CS,4.00 CS,$105.40
LID PLAS STRAW SLOT 12-24OZ,EA,61,10/100CT,$2.64,0.00 EA,0.00 EA,$0.00
BOWL PLAS BLK RND MICRWVBL,CS,62,500/16 OZ,$114.68,0.00 CS,0.00 CS,$0.00
BOWL PLAS BLK RND MICRWVBL,EA,62,500/16 OZ,$0.23,0.00 EA,0.00 EA,$0.00
WATER DASANI 20 OZ,EA,63,,$0.69,0.00 EA,"6,137.00 EA","$4,234.53"
WATER DASANI 20 OZ,EA,63,,$0.69,"6,216.00 EA",0.00 EA,$0.00
LID PLAS CLR X-SLOT 12&20 GRNW,CS,64,10/100 CT,$46.89,6.00 CS,5.00 CS,$234.45
LID PLAS CLR X-SLOT 12&20 GRNW,EA,64,10/100 CT,$4.69,0.00 EA,0.00 EA,$0.00
WATER PURIFIED .5,CS,65,24/.5 L,$5.20,16.00 CS,1.00 CS,$5.20
WATER PURIFIED .5,EA,65,24/.5 L,$0.22,0.00 EA,23.00 EA,$4.98
CONTAINER MFPP HNG WHT 8.5 3C,CS,66,2/73CT,$37.54,8.00 CS,2.00 CS,$75.08
CONTAINER MFPP HNG WHT 8.5 3C,EA,66,2/73CT,$18.77,0.00 EA,0.00 EA,$0.00
DRINK MIX LEMONADE,CS,67,12/24 OZ,$48.45,0.00 CS,0.00 CS,$0.00
DRINK MIX LEMONADE,EA,67,12/24 OZ,$4.04,0.00 EA,2.00 EA,$8.08
PLATE ROUND 1 CMPNT FIBER 6,CS,68,1/1000CT,$74.03,7.75 CS,7.75 CS,$573.73
PLATE ROUND 1 CMPNT FIBER 6,EA,68,1/1000CT,$74.03,0.00 EA,0.00 EA,$0.00
TRAY FOOD PLAIN 3LB KRAFT,CS,69,2/250 CT,$26.02,0.00 CS,0.00 CS,$0.00
TRAY FOOD PLAIN 3LB KRAFT,EA,69,2/250 CT,$13.01,0.00 EA,0.00 EA,$0.00
BOWL PLASTIC ROUND 24OZ BLK,CS,70,1/352 CT,$73.14,0.00 CS,0.00 CS,$0.00
BOWL PLASTIC ROUND 24OZ BLK,EA,70,1/352 CT,$73.14,0.00 EA,0.00 EA,$0.00
CONTAINER PLAS CLR HNG BARLOCK,CS,71,"250/8X8X3""",$58.86,1.00 CS,1.00 CS,$58.86
CONTAINER PLAS CLR HNG BARLOCK,EA,71,"250/8X8X3""",$0.24,0.00 EA,0.00 EA,$0.00
BOWL PLAS BLK RND MICROWVBL,CS,72,300/24 OZ,$70.69,0.50 CS,0.00 CS,$0.00
BOWL PLAS BLK RND MICROWVBL,EA,72,300/24 OZ,$0.24,0.00 EA,0.00 EA,$0.00
BLACKBERRY DRISCOLL      12 CT,CS,1,12 CT,$34.20,0.00 CS,0.00 CS,$0.00
BLACKBERRY DRISCOLL      12 CT,EA,1,12 CT,$34.20,0.00 EA,0.00 EA,$0.00
CAULIFLOWER FLORETS     4X5 LB,CS,2,4X5 LB,$53.45,0.00 CS,0.00 CS,$0.00
CAULIFLOWER FLORETS     4X5 LB,EA,2,4X5 LB,$53.45,0.00 EA,0.00 EA,$0.00
BASE VEG NO MSG GF,CS,3,6/1 LB,$39.33,5.00 CS,6.00 CS,$235.98
BASE VEG NO MSG GF,EA,3,6/1 LB,$6.56,0.00 EA,0.00 EA,$0.00
LETTUCE SHREDDED          5 LB,EA,4,5 LB,$9.74,0.00 EA,0.00 EA,$0.00
LETTUCE SHREDDED          5 LB,EA,4,5 LB,$9.74,0.00 EA,0.00 EA,$0.00
SALAD POTATO RED-SK DLX,CS,5,2/5LB,$24.65,7.50 CS,7.00 CS,$172.55
SALAD POTATO RED-SK DLX,EA,5,2/5LB,$12.33,0.00 EA,0.00 EA,$0.00
BASE BEEF LSOD NO MSG GF,CS,6,6/1 LB,$60.24,0.00 CS,0.00 CS,$0.00
BASE BEEF LSOD NO MSG GF,EA,6,6/1 LB,$10.04,0.00 EA,0.00 EA,$0.00
LETTUCE GREEN LEAF FILET 10 LB,CS,7,10 LB,$27.61,0.00 CS,0.00 CS,$0.00
LETTUCE GREEN LEAF FILET 10 LB,EA,7,10 LB,$27.61,0.00 EA,0.00 EA,$0.00
POTATO FINGERLING        50 LB,CS,8,50 LB,$61.70,0.00 CS,0.00 CS,$0.00
POTATO FINGERLING        50 LB,EA,8,50 LB,$61.70,0.00 EA,0.00 EA,$0.00
KALE GREEN               24 CT,CS,9,24 CT,$25.27,0.00 CS,0.00 CS,$0.00
KALE GREEN               24 CT,EA,9,24 CT,$25.27,0.00 EA,0.00 EA,$0.00
ONION YELLOW DICED 1/4  4X5 LB,CS,10,4X5 LB,$42.40,0.00 CS,0.00 CS,$0.00
ONION YELLOW DICED 1/4  4X5 LB,EA,10,4X5 LB,$42.40,0.00 EA,0.00 EA,$0.00
EGGPLANT              18-24 CT,CS,11,18-24 CT,$28.20,0.00 CS,0.00 CS,$0.00
EGGPLANT              18-24 CT,EA,11,18-24 CT,$28.20,0.00 EA,0.00 EA,$0.00
TOMATO CHERRY               CS,CS,12,CS,$30.35,0.00 CS,0.00 CS,$0.00
TOMATO CHERRY               CS,EA,12,CS,$30.35,0.00 EA,0.00 EA,$0.00
PEPPER BELL RED DICED 1/2 5 LB,EA,13,5 LB,$20.99,0.00 EA,0.00 EA,$0.00
PEPPER BELL RED DICED 1/2 5 LB,EA,13,5 LB,$20.99,0.00 EA,0.00 EA,$0.00
ONION RED RING 1/8        5 LB,EA,14,5 LB,$19.79,0.00 EA,0.00 EA,$0.00
ONION RED RING 1/8        5 LB,EA,14,5 LB,$19.79,0.00 EA,0.00 EA,$0.00
THYME                     4 OZ,EA,15,4 OZ,$5.61,0.00 EA,0.00 EA,$0.00
THYME                     4 OZ,EA,15,4 OZ,$5.61,0.00 EA,0.00 EA,$0.00
LEMON JUICE             9/64OZ,CS,16,9/64OZ,$53.00,0.00 CS,3.00 CS,$159.00
LEMON JUICE             9/64OZ,EA,16,9/64OZ,$53.00,3.00 EA,0.00 EA,$0.00
PEPPER BELL GREEN DICED 1 5 LB,EA,17,5 LB,$21.90,0.00 EA,0.00 EA,$0.00
PEPPER BELL GREEN DICED 1 5 LB,EA,17,5 LB,$21.90,0.00 EA,0.00 EA,$0.00
TOMATO DICED 1/4        4X5 LB,CS,18,4X5 LB,$63.20,1.25 CS,0.00 CS,$0.00
TOMATO DICED 1/4        4X5 LB,EA,18,4X5 LB,$63.20,0.00 EA,0.00 EA,$0.00
POTATO PEELED           4X5 LB,CS,19,4X5 LB,$43.40,0.00 CS,0.00 CS,$0.00
POTATO PEELED           4X5 LB,EA,19,4X5 LB,$43.40,0.00 EA,0.00 EA,$0.00
ONION GREEN ICELESS       2 LB,EA,20,2 LB,$11.69,0.00 EA,0.00 EA,$0.00
ONION GREEN ICELESS       2 LB,EA,20,2 LB,$11.69,0.00 EA,0.00 EA,$0.00
YAMS                      5 LB,EA,21,5 LB,$6.89,0.00 EA,0.00 EA,$0.00
YAMS                      5 LB,EA,21,5 LB,$6.89,0.00 EA,0.00 EA,$0.00
GINGER ROOT               1 LB,LB,22,1 LB,$5.53,1.00 LB,0.00 LB,$0.00
GINGER ROOT               1 LB,EA,22,1 LB,$5.53,0.00 EA,0.00 EA,$0.00
BANANA                   40 LB,CS,23,40 LB,$28.61,0.00 CS,0.00 CS,$0.00
BANANA                   40 LB,EA,23,40 LB,$28.61,0.00 EA,0.00 EA,$0.00
BASE CHICKEN NO MSG ZTF,CS,24,6/1 LB,$51.81,3.00 CS,1.50 CS,$77.72
BASE CHICKEN NO MSG ZTF,EA,24,6/1 LB,$8.64,0.00 EA,0.00 EA,$0.00
LETTUCE ICEBERG           6 CT,EA,25,6 CT,$11.61,0.00 EA,0.00 EA,$0.00
LETTUCE ICEBERG           6 CT,EA,25,6 CT,$11.61,0.00 EA,0.00 EA,$0.00
POTATO FINGERLING MIXED  20 LB,CS,26,20 LB,$49.20,0.00 CS,0.00 CS,$0.00
POTATO FINGERLING MIXED  20 LB,EA,26,20 LB,$49.20,0.00 EA,0.00 EA,$0.00
PEPPER BELL GREEN LARGE  25 LB,CS,27,25 LB,$26.15,0.00 CS,0.00 CS,$0.00
PEPPER BELL GREEN LARGE  25 LB,EA,27,25 LB,$26.15,0.00 EA,0.00 EA,$0.00
GREEN LEAF BETTER BURGER 10 LB,CS,28,10 LB,$29.20,0.00 CS,0.00 CS,$0.00
GREEN LEAF BETTER BURGER 10 LB,EA,28,10 LB,$29.20,0.00 EA,0.00 EA,$0.00
SPINACH BUNCH            24 CT,CS,29,24 CT,$31.20,0.00 CS,0.00 CS,$0.00
SPINACH BUNCH            24 CT,EA,29,24 CT,$31.20,0.00 EA,0.00 EA,$0.00
PEAS SUGAR SNAP          10 LB,CS,30,10 LB,$27.76,0.00 CS,0.00 CS,$0.00
PEAS SUGAR SNAP          10 LB,EA,30,10 LB,$27.76,0.00 EA,0.00 EA,$0.00
PEPPER BELL RED          11 LB,CS,31,11 LB,$34.20,0.00 CS,0.00 CS,$0.00
PEPPER BELL RED          11 LB,EA,31,11 LB,$34.20,0.00 EA,0.00 EA,$0.00
BANANA #2                40 LB,CS,32,40 LB,$29.20,0.00 CS,0.00 CS,$0.00
BANANA #2                40 LB,EA,32,40 LB,$29.20,0.00 EA,0.00 EA,$0.00
MUSHROOM SHITAKI          5 LB,CS,33,5 LB,$45.20,0.00 CS,0.00 CS,$0.00
MUSHROOM SHITAKI          5 LB,EA,33,5 LB,$45.20,0.00 EA,0.00 EA,$0.00
CUCUMBER PERSIAN         20 LB,CS,34,20 LB,$35.20,0.00 CS,0.00 CS,$0.00
CUCUMBER PERSIAN         20 LB,EA,34,20 LB,$35.20,0.00 EA,0.00 EA,$0.00
CREAMER REAL DAIRY HALF & HALF,CS,35,384/9 ML,$22.65,0.00 CS,0.00 CS,$0.00
CREAMER REAL DAIRY HALF & HALF,EA,35,384/9 ML,$0.06,0.00 EA,0.00 EA,$0.00
ONION YELLOW COLOSSAL    50 LB,CS,36,50 LB,$20.50,0.00 CS,0.00 CS,$0.00
ONION YELLOW COLOSSAL    50 LB,EA,36,50 LB,$20.50,0.00 EA,0.00 EA,$0.00
TOFU EXTRA FIRM WTR PK NON-GMO,CS,37,12/16 OZ,$23.45,0.00 CS,0.00 CS,$0.00
TOFU EXTRA FIRM WTR PK NON-GMO,EA,37,12/16 OZ,$1.95,0.00 EA,0.00 EA,$0.00
LIME JUICE 9 CT CS      9/64OZ,CS,38,9/64OZ,$53.20,2.00 CS,0.00 CS,$0.00
LIME JUICE 9 CT CS      9/64OZ,EA,38,9/64OZ,$53.20,4.00 EA,0.00 EA,$0.00
POTATO B RED #2          50 LB,CS,39,50 LB,$30.20,0.00 CS,0.00 CS,$0.00
POTATO B RED #2          50 LB,EA,39,50 LB,$30.20,0.00 EA,0.00 EA,$0.00
LEMONS 200 FANCY        200 CT,CS,40,200 CT,$40.20,0.00 CS,0.00 CS,$0.00
LEMONS 200 FANCY        200 CT,EA,40,200 CT,$40.20,0.00 EA,0.00 EA,$0.00
BASE CHICKEN LSOD NO MSG GF,CS,41,6/1 LB,$60.29,0.00 CS,0.00 CS,$0.00
BASE CHICKEN LSOD NO MSG GF,EA,41,6/1 LB,$10.05,0.00 EA,0.00 EA,$0.00
PEPPER HOT PASTE GOCHUJANG,CS,42,1/17KG,$53.86,0.00 CS,0.00 CS,$0.00
PEPPER HOT PASTE GOCHUJANG,EA,42,1/17KG,$53.86,0.00 EA,0.00 EA,$0.00
ORANGE                   88 CT,CS,43,88 CT,$35.27,0.00 CS,0.00 CS,$0.00
ORANGE                   88 CT,EA,43,88 CT,$35.27,0.00 EA,0.00 EA,$0.00
DIP HUMMUS FRSH TADITIONAL,CS,44,2/.5 GAL,$31.98,0.00 CS,0.00 CS,$0.00
DIP HUMMUS FRSH TADITIONAL,EA,44,2/.5 GAL,$15.99,0.00 EA,0.00 EA,$0.00
SOUP BASE VGTBLE LO- SODIUM GF,CS,45,6/1LB,$59.64,0.00 CS,0.00 CS,$0.00
SOUP BASE VGTBLE LO- SODIUM GF,EA,45,6/1LB,$9.94,0.00 EA,0.00 EA,$0.00
FLAVOR CONC ANCHO,CS,46,6/14.4Z,$52.46,0.00 CS,1.00 CS,$52.46
FLAVOR CONC ANCHO,EA,46,6/14.4Z,$8.74,0.00 EA,0.00 EA,$0.00
BASE BEEF NO MSG,CS,47,6/1 LB,$36.64,6.00 CS,6.00 CS,$219.84
BASE BEEF NO MSG,EA,47,6/1 LB,$6.11,0.00 EA,0.00 EA,$0.00
SAUCE DEMI GLACE CONCENTRATE,CS,48,6/13.6OZ,$37.47,0.00 CS,0.00 CS,$0.00
SAUCE DEMI GLACE CONCENTRATE,EA,48,6/13.6OZ,$6.24,0.00 EA,0.00 EA,$0.00
JUICE ORANGE PURE PREMIUM,CS,49,8/59 OZ,$58.11,8.50 CS,10.00 CS,$581.10
JUICE ORANGE PURE PREMIUM,EA,49,8/59 OZ,$7.26,0.00 EA,0.00 EA,$0.00
TOMATO 4X5 2L            18 LB,CS,50,18 LB,$39.12,4.00 CS,1.00 CS,$39.12
TOMATO 4X5 2L            18 LB,EA,50,18 LB,$39.12,0.00 EA,0.00 EA,$0.00
WATERMELON SEEDLESS       1 CT,EA,51,1 CT,$13.20,0.00 EA,0.00 EA,$0.00
WATERMELON SEEDLESS       1 CT,EA,51,1 CT,$13.20,0.00 EA,0.00 EA,$0.00
PICKLE SPR KOSHER 275-325,CS,52,1/5 GAL,$65.77,5.00 CS,7.00 CS,$460.39
PICKLE SPR KOSHER 275-325,EA,52,1/5 GAL,$65.77,0.00 EA,0.00 EA,$0.00
POTATO FINGERLING MIXED  50 LB,CS,53,50 LB,$89.20,0.00 CS,0.00 CS,$0.00
POTATO FINGERLING MIXED  50 LB,EA,53,50 LB,$89.20,0.00 EA,0.00 EA,$0.00
HORSERADISH WHITE PRPD,CS,54,6/32 OZ,$38.25,0.50 CS,0.00 CS,$0.00
HORSERADISH WHITE PRPD,EA,54,6/32 OZ,$6.38,0.00 EA,5.00 EA,$31.88
CHEESE BOURSIN HERB FRENCH,CS,55,12/5.2OZ,$47.88,4.00 CS,3.00 CS,$143.64
CHEESE BOURSIN HERB FRENCH,EA,55,12/5.2OZ,$3.99,0.00 EA,0.00 EA,$0.00
PICKLE SLI DILL HAM KK 1/8 PR,CS,56,1/5 GAL,$39.04,5.00 CS,1.00 CS,$39.04
PICKLE SLI DILL HAM KK 1/8 PR,EA,56,1/5 GAL,$39.04,0.00 EA,0.00 EA,$0.00
CHEESE AMER QUESO SGRO LF WHT,CS,57,6/5LB,$85.52,0.00 CS,0.00 CS,$0.00
CHEESE AMER QUESO SGRO LF WHT,EA,57,6/5LB,$14.25,0.00 EA,0.00 EA,$0.00
LETTUCE ROMAINE HEARTS   48 CT,CS,58,48 CT,$32.94,0.00 CS,0.00 CS,$0.00
LETTUCE ROMAINE HEARTS   48 CT,EA,58,48 CT,$32.94,0.00 EA,0.00 EA,$0.00
EGGPLANT (18-24 CT)  HALF CASE,EA,59,HALF CASE,$15.68,0.00 EA,0.00 EA,$0.00
EGGPLANT (18-24 CT)  HALF CASE,EA,59,HALF CASE,$15.68,0.00 EA,0.00 EA,$0.00
SAUCE HARISSA,CS,60,6/13.6 Z,$61.63,0.00 CS,0.00 CS,$0.00
SAUCE HARISSA,EA,60,6/13.6 Z,$10.27,0.00 EA,0.00 EA,$0.00
DOUGH FALAFEL,CS,61,4/3.5 LB,$43.06,1.00 CS,0.00 CS,$0.00
DOUGH FALAFEL,EA,61,4/3.5 LB,$10.77,0.00 EA,0.00 EA,$0.00
BEAN GREEN CUT & CLEAN(1/ 5 LB,EA,62,5 LB,$19.49,0.00 EA,0.00 EA,$0.00
BEAN GREEN CUT & CLEAN(1/ 5 LB,EA,62,5 LB,$19.49,0.00 EA,0.00 EA,$0.00
AVOCADO #2               48 CT,CS,1,48 CT,$35.79,2.00 CS,0.00 CS,$0.00
AVOCADO #2               48 CT,EA,1,48 CT,$35.79,0.00 EA,0.00 EA,$0.00
LIMES                   200 CT,CS,2,200 CT,$81.20,1.50 CS,0.75 CS,$60.90
LIMES                   200 CT,EA,2,200 CT,$81.20,0.00 EA,0.00 EA,$0.00
BLUEBERRY                12 CT,CS,3,12 CT,$31.04,11.00 CS,0.00 CS,$0.00
BLUEBERRY                12 CT,EA,3,12 CT,$31.04,0.00 EA,0.00 EA,$0.00
PINEAPPLE CROWNLESS      10 CT,CS,4,10 CT,$26.00,4.00 CS,0.00 CS,$0.00
PINEAPPLE CROWNLESS      10 CT,EA,4,10 CT,$26.00,0.00 EA,0.00 EA,$0.00
BLACKBERRY               12 CT,CS,5,12 CT,$33.95,9.00 CS,2.50 CS,$84.88
BLACKBERRY               12 CT,EA,5,12 CT,$33.95,0.00 EA,0.00 EA,$0.00
CANTALOUPE                CASE,CS,6,CASE,$31.95,3.00 CS,3.00 CS,$95.85
CANTALOUPE                CASE,EA,6,CASE,$31.95,0.00 EA,0.00 EA,$0.00
GRAPE GREEN SEEDLESS     19 LB,CS,7,19 LB,$35.73,6.50 CS,1.00 CS,$35.73
GRAPE GREEN SEEDLESS     19 LB,EA,7,19 LB,$35.73,0.00 EA,0.00 EA,$0.00
ONION RED SLICED 1/4    4X5 LB,CS,8,4X5 LB,$48.30,0.00 CS,0.00 CS,$0.00
ONION RED SLICED 1/4    4X5 LB,EA,8,4X5 LB,$48.30,0.00 EA,0.00 EA,$0.00
PEPPER BELL MINI SWEET      CS,CS,9,CS,$47.20,1.75 CS,1.00 CS,$47.20
PEPPER BELL MINI SWEET      CS,EA,9,CS,$47.20,0.00 EA,0.00 EA,$0.00
HONEYDEW 6 CT             6 CT,CS,10,6 CT,$20.99,4.50 CS,4.00 CS,$83.96
HONEYDEW 6 CT             6 CT,EA,10,6 CT,$20.99,0.00 EA,0.00 EA,$0.00
PARSLEY ITALIAN          60 CT,CS,11,60 CT,$32.20,2.00 CS,2.00 CS,$64.40
PARSLEY ITALIAN          60 CT,EA,11,60 CT,$32.20,0.00 EA,0.00 EA,$0.00
TARRAGON                  1 LB,CS,12,1 LB,$22.45,0.00 CS,0.00 CS,$0.00
TARRAGON                  1 LB,EA,12,1 LB,$22.45,0.00 EA,0.00 EA,$0.00
SAGE                      1 LB,CS,13,1 LB,$19.95,0.00 CS,0.00 CS,$0.00
SAGE                      1 LB,EA,13,1 LB,$19.95,0.00 EA,0.00 EA,$0.00
GRAPEFRUIT               40 LB,CS,14,40 LB,$41.20,0.00 CS,0.00 CS,$0.00
GRAPEFRUIT               40 LB,EA,14,40 LB,$41.20,0.00 EA,0.00 EA,$0.00
PEPPER ANAHEIM           18 LB,CS,15,18 LB,$45.20,0.00 CS,0.00 CS,$0.00
PEPPER ANAHEIM           18 LB,EA,15,18 LB,$45.20,0.00 EA,0.00 EA,$0.00
ONION WHITE JUMBO        50 LB,CS,16,50 LB,$33.23,1.00 CS,1.00 CS,$33.23
ONION WHITE JUMBO        50 LB,EA,16,50 LB,$33.23,0.00 EA,0.00 EA,$0.00
TOMATO ROMA #1           25 LB,CS,17,25 LB,$31.51,0.00 CS,0.00 CS,$0.00
TOMATO ROMA #1           25 LB,EA,17,25 LB,$31.51,0.00 EA,0.00 EA,$0.00
PEPPER POBLANO           20 LB,CS,18,20 LB,$55.20,0.00 CS,0.00 CS,$0.00
PEPPER POBLANO           20 LB,EA,18,20 LB,$55.20,0.00 EA,0.00 EA,$0.00
OREGANO DRY               1 LB,CS,19,1 LB,$11.35,0.00 CS,0.00 CS,$0.00
OREGANO DRY               1 LB,EA,19,1 LB,$11.35,0.00 EA,0.00 EA,$0.00
BASIL                     1 LB,CS,20,1 LB,$15.70,0.00 CS,0.00 CS,$0.00
BASIL                     1 LB,EA,20,1 LB,$15.70,0.00 EA,0.00 EA,$0.00
CUCUMBER ENGLISH      12-16 CT,CS,21,12-16 CT,$22.52,0.00 CS,1.00 CS,$22.52
CUCUMBER ENGLISH      12-16 CT,EA,21,12-16 CT,$22.52,0.00 EA,0.00 EA,$0.00
TOMATO GRAPE             12 CT,CS,22,12 CT,$26.04,0.00 CS,0.00 CS,$0.00
TOMATO GRAPE             12 CT,EA,22,12 CT,$26.04,0.00 EA,0.00 EA,$0.00
LEMON JUICE             9/64OZ,CS,23,9/64OZ,$53.00,0.00 CS,0.00 CS,$0.00
LEMON JUICE             9/64OZ,EA,23,9/64OZ,$53.00,0.00 EA,0.00 EA,$0.00
BROCCOLINI               18 CT,CS,24,18 CT,$40.03,0.00 CS,3.00 CS,$120.09
BROCCOLINI               18 CT,EA,24,18 CT,$40.03,0.00 EA,0.00 EA,$0.00
PEPPER BELL RED             CS,CS,25,CS,$36.63,2.00 CS,0.75 CS,$27.47
PEPPER BELL RED             CS,EA,25,CS,$36.63,0.00 EA,0.00 EA,$0.00
ONION GREEN ICELESS     4/2 LB,CS,26,4/2 LB,$28.15,5.00 CS,0.00 CS,$0.00
ONION GREEN ICELESS     4/2 LB,EA,26,4/2 LB,$28.15,0.00 EA,0.00 EA,$0.00
SQUASH YELLOW            20 LB,CS,27,20 LB,$29.24,4.00 CS,3.00 CS,$87.72
SQUASH YELLOW            20 LB,EA,27,20 LB,$29.24,0.00 EA,0.00 EA,$0.00
SQUASH ZUCCHINI          20 LB,CS,28,20 LB,$24.24,2.00 CS,0.00 CS,$0.00
SQUASH ZUCCHINI          20 LB,EA,28,20 LB,$24.24,0.00 EA,0.00 EA,$0.00
PEPPER BELL GREEN           CS,CS,29,CS,$40.23,1.50 CS,0.00 CS,$0.00
PEPPER BELL GREEN           CS,EA,29,CS,$40.23,0.00 EA,0.00 EA,$0.00
LIME JUICE 9 CT CS      9/64OZ,CS,30,9/64OZ,$53.20,0.00 CS,0.00 CS,$0.00
LIME JUICE 9 CT CS      9/64OZ,EA,30,9/64OZ,$53.20,0.00 EA,0.00 EA,$0.00
COLESLAW 3-WAY          4X5 LB,CS,31,4X5 LB,$23.17,6.00 CS,0.00 CS,$0.00
COLESLAW 3-WAY          4X5 LB,EA,31,4X5 LB,$23.17,0.00 EA,0.00 EA,$0.00
THYME                     1 LB,CS,32,1 LB,$18.20,0.00 CS,0.00 CS,$0.00
THYME                     1 LB,EA,32,1 LB,$18.20,0.00 EA,0.00 EA,$0.00
WATERMELON SEEDLESS       1 CT,EA,33,1 CT,$13.20,0.00 EA,0.00 EA,$0.00
WATERMELON SEEDLESS       1 CT,EA,33,1 CT,$13.20,9.00 EA,0.00 EA,$0.00
FAJITA MIX              4X5 LB,CS,34,4X5 LB,$75.55,4.00 CS,3.25 CS,$245.54
FAJITA MIX              4X5 LB,EA,34,4X5 LB,$75.55,0.00 EA,0.00 EA,$0.00
SPRING MIX              5/3 LB,CS,35,5/3 LB,$36.20,2.00 CS,1.00 CS,$36.20
SPRING MIX              5/3 LB,EA,35,5/3 LB,$36.20,0.00 EA,0.00 EA,$0.00
STRAWBERRY                8 CT,CS,36,8 CT,$28.98,4.00 CS,4.00 CS,$115.92
STRAWBERRY                8 CT,EA,36,8 CT,$28.98,0.00 EA,0.00 EA,$0.00
RADISH SLICED           4X5 LB,CS,37,4X5 LB,$84.40,0.00 CS,0.00 CS,$0.00
RADISH SLICED           4X5 LB,EA,37,4X5 LB,$84.40,0.00 EA,0.00 EA,$0.00
LETTUCE ICEBERG BABY     40 CT,CS,38,40 CT,$63.20,0.00 CS,0.00 CS,$0.00
LETTUCE ICEBERG BABY     40 CT,EA,38,40 CT,$63.20,0.00 EA,0.00 EA,$0.00
SPINACH BABY              4 LB,CS,39,4 LB,$17.87,0.00 CS,0.00 CS,$0.00
SPINACH BABY              4 LB,EA,39,4 LB,$17.87,0.00 EA,0.00 EA,$0.00
LETTUCE GREEN LEAF       24 CT,CS,40,24 CT,$27.35,0.00 CS,3.00 CS,$82.05
LETTUCE GREEN LEAF       24 CT,EA,40,24 CT,$27.35,0.00 EA,0.00 EA,$0.00
TOMATO SLICED 1/4       4X5 LB,CS,41,4X5 LB,$79.20,0.00 CS,0.00 CS,$0.00
TOMATO SLICED 1/4       4X5 LB,EA,41,4X5 LB,$79.20,0.00 EA,0.00 EA,$0.00
LETTUCE ROMAINE          24 CT,CS,42,24 CT,$29.53,2.00 CS,0.00 CS,$0.00
LETTUCE ROMAINE          24 CT,EA,42,24 CT,$29.53,0.00 EA,0.00 EA,$0.00
YAMS JUMBO               40 LB,CS,43,40 LB,$25.20,0.00 CS,0.00 CS,$0.00
YAMS JUMBO               40 LB,EA,43,40 LB,$25.20,0.00 EA,0.00 EA,$0.00
GARLIC PEELED CS        4X5 LB,CS,44,4X5 LB,$63.70,1.00 CS,0.75 CS,$47.78
GARLIC PEELED CS        4X5 LB,EA,44,4X5 LB,$63.70,0.00 EA,0.00 EA,$0.00
ONION YELLOW JUMBO       50 LB,CS,45,50 LB,$26.48,0.00 CS,0.00 CS,$0.00
ONION YELLOW JUMBO       50 LB,EA,45,50 LB,$26.48,0.00 EA,0.00 EA,$0.00
LETTUCE ROMAINE HEARTS   48 CT,CS,46,48 CT,$32.94,0.00 CS,0.00 CS,$0.00
LETTUCE ROMAINE HEARTS   48 CT,EA,46,48 CT,$32.94,0.00 EA,0.00 EA,$0.00
CELERY STICKS           4X5 LB,CS,47,4X5 LB,$55.52,0.75 CS,0.00 CS,$0.00
CELERY STICKS           4X5 LB,EA,47,4X5 LB,$55.52,0.00 EA,0.00 EA,$0.00
TOMATO SUNDRIED         4/5 LB,CS,48,4/5 LB,$69.20,2.00 CS,2.00 CS,$138.40
TOMATO SUNDRIED         4/5 LB,EA,48,4/5 LB,$69.20,0.00 EA,0.00 EA,$0.00
SPINACH CELLO         4X2.5 LB,CS,49,4X2.5 LB,$23.84,2.00 CS,1.00 CS,$23.84
SPINACH CELLO         4X2.5 LB,EA,49,4X2.5 LB,$23.84,0.00 EA,0.00 EA,$0.00
ONION RED JUMBO          25 LB,CS,50,25 LB,$21.02,1.00 CS,0.50 CS,$10.51
ONION RED JUMBO          25 LB,EA,50,25 LB,$21.02,0.00 EA,0.00 EA,$0.00
CARROT JUMBO             50 LB,CS,51,50 LB,$32.05,0.50 CS,0.50 CS,$16.02
CARROT JUMBO             50 LB,EA,51,50 LB,$32.05,0.00 EA,0.00 EA,$0.00
PEPPER HABANERO ORANGE    1 LB,LB,52,1 LB,$8.89,0.00 LB,0.00 LB,$0.00
PEPPER HABANERO ORANGE    1 LB,EA,52,1 LB,$8.89,0.00 EA,0.00 EA,$0.00
PEPPER BELL YELLOW          CS,CS,53,CS,$48.04,1.00 CS,0.50 CS,$24.02
PEPPER BELL YELLOW          CS,EA,53,CS,$48.04,0.00 EA,0.00 EA,$0.00
POTATO B RED             50 LB,CS,54,50 LB,$33.70,2.00 CS,0.00 CS,$0.00
POTATO B RED             50 LB,EA,54,50 LB,$33.70,0.00 EA,0.00 EA,$0.00
CARROT STICKS           4X5 LB,CS,55,4X5 LB,$35.17,0.00 CS,0.00 CS,$0.00
CARROT STICKS           4X5 LB,EA,55,4X5 LB,$35.17,0.00 EA,0.00 EA,$0.00
CARROT SHREDDED MED 1.5 4X5 LB,CS,56,4X5 LB,$27.17,1.00 CS,0.00 CS,$0.00
CARROT SHREDDED MED 1.5 4X5 LB,EA,56,4X5 LB,$27.17,0.00 EA,0.00 EA,$0.00
GRAPE RED SEEDLESS       19 LB,CS,57,19 LB,$32.73,2.00 CS,0.00 CS,$0.00
GRAPE RED SEEDLESS       19 LB,EA,57,19 LB,$32.73,0.00 EA,0.00 EA,$0.00
PICO DE GALLO           4X5 LB,CS,58,4X5 LB,$62.20,2.00 CS,0.00 CS,$0.00
PICO DE GALLO           4X5 LB,EA,58,4X5 LB,$62.20,0.00 EA,0.00 EA,$0.00
HONEYDEW DICED 1X1      4X5 LB,CS,59,4X5 LB,$67.15,0.00 CS,0.00 CS,$0.00
HONEYDEW DICED 1X1      4X5 LB,EA,59,4X5 LB,$67.15,0.00 EA,0.00 EA,$0.00
PINEAPPLE DICED 1X1     4X5 LB,CS,60,4X5 LB,$64.35,0.00 CS,0.00 CS,$0.00
PINEAPPLE DICED 1X1     4X5 LB,EA,60,4X5 LB,$64.35,0.00 EA,0.00 EA,$0.00
LETTUCE SHREDDED        4X5 LB,CS,61,4X5 LB,$23.27,4.50 CS,1.00 CS,$23.27
LETTUCE SHREDDED        4X5 LB,EA,61,4X5 LB,$23.27,0.00 EA,0.00 EA,$0.00
POTATO IDAHO             50 CT,CS,62,50 CT,$28.09,3.00 CS,0.00 CS,$0.00
POTATO IDAHO             50 CT,EA,62,50 CT,$28.09,0.00 EA,0.00 EA,$0.00
ROSEMARY                  1 LB,CS,63,1 LB,$16.95,1.00 CS,0.00 CS,$0.00
ROSEMARY                  1 LB,EA,63,1 LB,$16.95,0.00 EA,0.00 EA,$0.00
SHALLOTS PEELED         4X5 LB,CS,64,4X5 LB,$64.20,1.00 CS,1.00 CS,$64.20
SHALLOTS PEELED         4X5 LB,EA,64,4X5 LB,$64.20,2.00 EA,0.00 EA,$0.00
CARROT BABY 30/1#         30LB,CS,65,30LB,$34.95,0.00 CS,0.00 CS,$0.00
CARROT BABY 30/1#         30LB,EA,65,30LB,$34.95,0.00 EA,0.00 EA,$0.00
MUSHROOM PORTABELLO 6     5 LB,CS,66,5 LB,$25.65,0.00 CS,0.00 CS,$0.00
MUSHROOM PORTABELLO 6     5 LB,EA,66,5 LB,$25.65,0.00 EA,0.00 EA,$0.00
BEETS RED LARGE          25 LB,CS,67,25 LB,$19.65,0.00 CS,0.00 CS,$0.00
BEETS RED LARGE          25 LB,EA,67,25 LB,$19.65,0.00 EA,0.00 EA,$0.00
BEETS GOLD LARGE         25 LB,CS,68,25 LB,$36.20,0.00 CS,0.00 CS,$0.00
BEETS GOLD LARGE         25 LB,EA,68,25 LB,$36.20,0.00 EA,0.00 EA,$0.00
ASPARAGUS JUMBO          11 LB,CS,69,11 LB,$44.28,4.50 CS,3.50 CS,$154.98
ASPARAGUS JUMBO          11 LB,EA,69,11 LB,$44.28,0.00 EA,0.00 EA,$0.00
BEANS GREEN CUT & CLEAN 2/5 LB,CS,70,2/5 LB,$40.42,6.00 CS,3.00 CS,$121.26
BEANS GREEN CUT & CLEAN 2/5 LB,EA,70,2/5 LB,$40.42,2.00 EA,0.00 EA,$0.00
BROCCOLI FLORETS        4/3 LB,CS,71,4/3 LB,$28.81,1.00 CS,0.00 CS,$0.00
BROCCOLI FLORETS        4/3 LB,EA,71,4/3 LB,$28.81,0.00 EA,0.00 EA,$0.00
BRUSSEL SPROUTS CLEAN & 4X5 LB,CS,72,4X5 LB,$53.40,7.00 CS,4.00 CS,$213.60
BRUSSEL SPROUTS CLEAN & 4X5 LB,EA,72,4X5 LB,$53.40,0.00 EA,0.00 EA,$0.00
CABBAGE GREEN            50 LB,CS,73,50 LB,$25.70,0.25 CS,0.25 CS,$6.42
CABBAGE GREEN            50 LB,EA,73,50 LB,$25.70,0.00 EA,0.00 EA,$0.00
CAULIFLOWER              12 CT,CS,74,12 CT,$34.69,1.75 CS,1.75 CS,$60.71
CAULIFLOWER              12 CT,EA,74,12 CT,$34.69,0.00 EA,0.00 EA,$0.00
CELERY                   36 CT,CS,75,36 CT,$35.23,2.00 CS,2.00 CS,$70.46
CELERY                   36 CT,EA,75,36 CT,$35.23,0.00 EA,0.00 EA,$0.00
CILANTRO                 60 CT,CS,76,60 CT,$27.84,1.00 CS,1.00 CS,$27.84
CILANTRO                 60 CT,EA,76,60 CT,$27.84,0.00 EA,0.00 EA,$0.00
CRANBERRY FRESH          24 CT,CS,77,24 CT,$52.20,1.00 CS,1.00 CS,$52.20
CRANBERRY FRESH          24 CT,EA,77,24 CT,$52.20,0.00 EA,0.00 EA,$0.00
LEMONS CHOICE           200 CT,CS,78,200 CT,$36.77,3.00 CS,2.25 CS,$82.73
LEMONS CHOICE           200 CT,EA,78,200 CT,$36.77,0.00 EA,0.00 EA,$0.00
MUSHROOM SLICED          10 LB,CS,79,10 LB,$30.20,1.00 CS,0.00 CS,$0.00
MUSHROOM SLICED          10 LB,EA,79,10 LB,$30.20,0.00 EA,0.00 EA,$0.00
ORANGE                   88 CT,CS,80,88 CT,$42.50,7.00 CS,5.00 CS,$212.50
ORANGE                   88 CT,EA,80,88 CT,$42.50,0.00 EA,0.00 EA,$0.00
PARSNIP                  20 LB,CS,81,20 LB,$42.20,0.00 CS,0.00 CS,$0.00
PARSNIP                  20 LB,EA,81,20 LB,$42.20,0.00 EA,0.00 EA,$0.00
PEPPER JALAPENO           5 LB,EA,82,5 LB,$12.12,0.00 EA,0.00 EA,$0.00
PEPPER JALAPENO           5 LB,EA,82,5 LB,$12.12,0.00 EA,0.00 EA,$0.00
POTATO YUKON GOLD A  50 LB CTN,CS,83,50 LB CTN,$33.20,3.00 CS,3.00 CS,$99.60
POTATO YUKON GOLD A  50 LB CTN,EA,83,50 LB CTN,$33.20,0.00 EA,0.00 EA,$0.00
RASPBERRY DRISCOLL       12 CT,CS,84,12 CT,$35.20,3.00 CS,3.00 CS,$105.60
RASPBERRY DRISCOLL       12 CT,EA,84,12 CT,$35.20,0.00 EA,0.00 EA,$0.00
TOMATO SLICED 1/8       4X5 LB,CS,85,4X5 LB,$79.20,0.00 CS,0.00 CS,$0.00
TOMATO SLICED 1/8       4X5 LB,EA,85,4X5 LB,$79.20,0.00 EA,0.00 EA,$0.00
LETTUCE ROMAINE BABY GREE 2 LB,CS,86,2 LB,$24.20,1.00 CS,1.00 CS,$24.20
LETTUCE ROMAINE BABY GREE 2 LB,EA,86,2 LB,$24.20,0.00 EA,0.00 EA,$0.00
CANTALOUPE DICED 1X1    4X5 LB,CS,87,4X5 LB,$66.30,0.00 CS,0.00 CS,$0.00
CANTALOUPE DICED 1X1    4X5 LB,EA,87,4X5 LB,$66.30,0.00 EA,0.00 EA,$0.00
LETTUCE ROMAINE BABY RED  2 LB,CS,88,2 LB,$24.20,2.00 CS,2.00 CS,$48.40
LETTUCE ROMAINE BABY RED  2 LB,EA,88,2 LB,$24.20,0.00 EA,0.00 EA,$0.00
LEEKS                    12 CT,CS,89,12 CT,$35.20,2.00 CS,1.00 CS,$35.20
LEEKS                    12 CT,EA,89,12 CT,$35.20,0.00 EA,0.00 EA,$0.00
FIGS BLACK FRESH          CASE,CS,90,CASE,$64.20,0.00 CS,0.00 CS,$0.00
FIGS BLACK FRESH          CASE,EA,90,CASE,$64.20,0.00 EA,0.00 EA,$0.00
PARSLEY CURLY            60 CT,CS,91,60 CT,$32.20,0.00 CS,0.00 CS,$0.00
PARSLEY CURLY            60 CT,EA,91,60 CT,$32.20,0.00 EA,0.00 EA,$0.00
GINGER ROOT               5 LB,EA,92,5 LB,$10.43,0.00 EA,1.00 EA,$10.43
GINGER ROOT               5 LB,EA,92,5 LB,$10.43,0.00 EA,0.00 EA,$0.00
TOMATO ROMA               5 LB,EA,93,5 LB,$12.80,0.00 EA,0.00 EA,$0.00
TOMATO ROMA               5 LB,EA,93,5 LB,$12.80,0.00 EA,0.00 EA,$0.00
ARUGULA BABY B&W          3 LB,CS,94,3 LB,$22.15,1.00 CS,0.00 CS,$0.00
ARUGULA BABY B&W          3 LB,EA,94,3 LB,$22.15,0.00 EA,0.00 EA,$0.00
CHIVES                    1 LB,CS,95,1 LB,$21.70,1.00 CS,0.00 CS,$0.00
CHIVES                    1 LB,EA,95,1 LB,$21.70,0.00 EA,0.00 EA,$0.00
MINT                      1 LB,CS,96,1 LB,$16.95,0.00 CS,0.00 CS,$0.00
MINT                      1 LB,EA,96,1 LB,$16.95,0.00 EA,0.00 EA,$0.00
OREGANO FRESH             1 LB,CS,97,1 LB,$18.95,0.00 CS,0.00 CS,$0.00
OREGANO FRESH             1 LB,EA,97,1 LB,$18.95,0.00 EA,0.00 EA,$0.00
CABBAGE GREEN             5 LB,EA,98,5 LB,$6.43,0.00 EA,0.00 EA,$0.00
CABBAGE GREEN             5 LB,EA,98,5 LB,$6.43,0.00 EA,0.00 EA,$0.00
DILL                      1 LB,CS,99,1 LB,$17.20,1.00 CS,0.00 CS,$0.00
DILL                      1 LB,EA,99,1 LB,$17.20,0.00 EA,0.00 EA,$0.00
CARROT BABY BULK         25 LB,CS,100,25 LB,$30.70,0.00 CS,0.00 CS,$0.00
CARROT BABY BULK         25 LB,EA,100,25 LB,$30.70,0.00 EA,0.00 EA,$0.00
LETTUCE GREEN LEAF FILET 10 LB,CS,101,10 LB,$27.61,5.00 CS,0.00 CS,$0.00
LETTUCE GREEN LEAF FILET 10 LB,EA,101,10 LB,$27.61,0.00 EA,0.00 EA,$0.00
CHEESE SWISS SLI .5 OZ,CS,1,8/1.25LB,$40.15,1.00 CS,0.00 CS,$0.00
CHEESE SWISS SLI .5 OZ,EA,1,8/1.25LB,$5.02,0.00 EA,0.00 EA,$0.00
YOGURT BLUBRY LF PARFAITPRO,CS,2,6/64 OZ,$38.08,2.00 CS,2.00 CS,$76.16
YOGURT BLUBRY LF PARFAITPRO,EA,2,6/64 OZ,$6.35,0.00 EA,0.00 EA,$0.00
CHEESE SPREAD LOAF PAST PROC,CS,3,6/5LB,$106.38,5.50 CS,4.00 CS,$425.52
CHEESE SPREAD LOAF PAST PROC,EA,3,6/5LB,$17.73,0.00 EA,0.00 EA,$0.00
CHEESE RICOTTA WHL MLK CLS,CS,4,4/5 LB,$39.44,0.00 CS,0.00 CS,$0.00
CHEESE RICOTTA WHL MLK CLS,EA,4,4/5 LB,$9.86,8.00 EA,0.00 EA,$0.00
MILK OAT ORIGINAL ESL,CS,5,6/59 OZ,$23.88,1.00 CS,1.00 CS,$23.88
MILK OAT ORIGINAL ESL,EA,5,6/59 OZ,$3.98,0.00 EA,0.00 EA,$0.00
CREAMER HALF & HALF UHT,CS,6,12/1QT,$43.07,1.00 CS,1.00 CS,$43.07
CREAMER HALF & HALF UHT,EA,6,12/1QT,$3.59,7.00 EA,7.00 EA,$25.12
EGG HARDCOOKED & PLD PLLW PK,CS,7,12/12 CT,$46.73,5.00 CS,3.00 CS,$140.19
EGG HARDCOOKED & PLD PLLW PK,EA,7,12/12 CT,$3.89,0.00 EA,0.00 EA,$0.00
CHEESE PROVOLONE SLI 8/20OZ,CS,8,8/1.25LB,$30.83,5.00 CS,4.00 CS,$123.32
CHEESE PROVOLONE SLI 8/20OZ,EA,8,8/1.25LB,$3.85,20.00 EA,28.00 EA,$107.91
CHEESE AMERICAN SWISS SLI 160,CS,9,4/5 LB,$50.34,2.00 CS,2.00 CS,$100.68
CHEESE AMERICAN SWISS SLI 160,EA,9,4/5 LB,$12.59,9.00 EA,9.00 EA,$113.31
BUTTER CUP USDA AA,CS,10,720/5 GM,$32.77,1.00 CS,0.50 CS,$16.39
BUTTER CUP USDA AA,EA,10,720/5 GM,$0.05,0.00 EA,0.00 EA,$0.00
CREAM SOUR PURE GR A,CS,11,4/5LB,$28.48,0.00 CS,0.00 CS,$0.00
CREAM SOUR PURE GR A,EA,11,4/5LB,$7.12,11.00 EA,10.00 EA,$71.20
MILK SOY ORIG ASEPTIC,CS,12,12/32 OZ,$29.70,0.00 CS,0.00 CS,$0.00
MILK SOY ORIG ASEPTIC,EA,12,12/32 OZ,$2.48,0.00 EA,0.00 EA,$0.00
CHEESE SPREAD PIMENTO,CS,13,2/5 LB,$48.68,3.00 CS,3.00 CS,$146.04
CHEESE SPREAD PIMENTO,EA,13,2/5 LB,$24.34,0.00 EA,0.00 EA,$0.00
BUTTER BALL .25 OZ SALTED  BAG,CS,14,3/3 LB,$52.47,6.00 CS,6.00 CS,$314.82
BUTTER BALL .25 OZ SALTED  BAG,EA,14,3/3 LB,$17.49,0.00 EA,0.00 EA,$0.00
CHEESE SWISS LOAF ALPINE RF,CS,15,1/14#AVG,$4.65,0.00 CS,0.00 CS,$0.00
MILK WHL NON HOMOGENIZED,CS,16,4/1 GAL,$27.13,0.00 CS,0.00 CS,$0.00
MILK WHL NON HOMOGENIZED,EA,16,4/1 GAL,$6.78,0.00 EA,0.00 EA,$0.00
CHEESE CREAM ORIG LOAF,CS,17,6/3LB,$80.22,2.00 CS,1.00 CS,$80.22
CHEESE CREAM ORIG LOAF,EA,17,6/3LB,$13.37,2.00 EA,5.00 EA,$66.85
CHEESE CHEDDAR JACK FEAT SHRD,CS,18,4/5 LB,$50.78,2.00 CS,0.00 CS,$0.00
CHEESE CHEDDAR JACK FEAT SHRD,EA,18,4/5 LB,$12.70,0.00 EA,0.00 EA,$0.00
YOGURT VANILLA PARFAIT POUCH,CS,19,6/4 LB,$38.08,4.75 CS,3.00 CS,$114.24
YOGURT VANILLA PARFAIT POUCH,EA,19,6/4 LB,$6.35,0.00 EA,0.00 EA,$0.00
YOGURT STRAWBERRY PARFAIT POUC,CS,20,6/4 LB,$38.08,0.00 CS,1.50 CS,$57.12
YOGURT STRAWBERRY PARFAIT POUC,EA,20,6/4 LB,$6.35,0.00 EA,0.00 EA,$0.00
BUTTER SOLID UNSLTD USDA AA,CS,21,36/1LB,$93.42,0.00 CS,0.00 CS,$0.00
BUTTER SOLID UNSLTD USDA AA,EA,21,36/1LB,$2.60,0.00 EA,0.00 EA,$0.00
CHEESE CREAM STRAWBERRY SPREAD,CS,22,100/1 OZ,$42.01,4.00 CS,3.25 CS,$136.53
CHEESE CREAM STRAWBERRY SPREAD,EA,22,100/1 OZ,$0.42,0.00 EA,0.00 EA,$0.00
EGG SHELL LG PASTREURIZED CF,CS,23,1/15 DZ,$84.50,10.00 CS,9.00 CS,$760.50
EGG SHELL LG PASTREURIZED CF,EA,23,1/15 DZ,$84.50,0.00 EA,0.00 EA,$0.00
CHEESE GOAT LOG-PLAIN,CS,24,12/10.5OZ,$52.06,3.00 CS,3.00 CS,$156.18
CHEESE GOAT LOG-PLAIN,EA,24,12/10.5OZ,$4.34,19.00 EA,19.00 EA,$82.42
CREAMER COFFEE FRCH VAN ND,CS,25,288/13ML,$23.47,1.75 CS,0.00 CS,$0.00
CREAMER COFFEE FRCH VAN ND,EA,25,288/13ML,$0.08,0.00 EA,0.00 EA,$0.00
CHEESE PARM FANCY SHRED,CS,26,6/2 LB,$67.29,0.00 CS,0.00 CS,$0.00
CHEESE PARM FANCY SHRED,EA,26,6/2 LB,$11.22,0.00 EA,0.00 EA,$0.00
CHEESE MOZZ LMPS FEA SHRD,CS,27,4/5 LB,$50.80,1.00 CS,0.50 CS,$25.40
CHEESE MOZZ LMPS FEA SHRD,EA,27,4/5 LB,$12.70,0.00 EA,0.00 EA,$0.00
CHEESE PEPPER JACK SLI .75 OZ,CS,28,6/1.5 LB,$27.62,2.00 CS,0.00 CS,$0.00
CHEESE PEPPER JACK SLI .75 OZ,EA,28,6/1.5 LB,$4.60,0.00 EA,10.00 EA,$46.03
CHEESE FETA CRUMBLE,CS,29,2/5 LB,$31.37,3.00 CS,0.00 CS,$0.00
CHEESE FETA CRUMBLE,EA,29,2/5 LB,$15.69,0.00 EA,0.00 EA,$0.00
CHEESE CREAM ORIG SPREAD CUP,CS,30,100/1OZ,$41.60,2.00 CS,2.25 CS,$93.60
CHEESE CREAM ORIG SPREAD CUP,EA,30,100/1OZ,$0.42,0.00 EA,0.00 EA,$0.00
CREAMER COFFEE HAZLENUT ND,CS,31,288/13 ML,$23.47,1.00 CS,0.00 CS,$0.00
CREAMER COFFEE HAZLENUT ND,EA,31,288/13 ML,$0.08,0.00 EA,0.00 EA,$0.00
CREAM SOUR PURE GRD A SQ PACKT,CS,32,100/1OZ,$13.61,1.00 CS,0.50 CS,$6.80
CREAM SOUR PURE GRD A SQ PACKT,EA,32,100/1OZ,$0.14,0.00 EA,0.00 EA,$0.00
CHEESE PARM GRATED PURE,CS,33,2/5 LB,$57.24,0.00 CS,0.00 CS,$0.00
CHEESE PARM GRATED PURE,EA,33,2/5 LB,$28.62,0.00 EA,0.00 EA,$0.00
EGG LIQ WHL CAGE FREE W/CITRIC,CS,34,2/20 LB,$113.22,6.00 CS,0.00 CS,$0.00
EGG LIQ WHL CAGE FREE W/CITRIC,EA,34,2/20 LB,$56.61,0.00 EA,0.00 EA,$0.00
CHEESE MOZZ/PROV FEA SHRED,CS,35,4/5 LB,$51.82,1.00 CS,0.75 CS,$38.87
CHEESE MOZZ/PROV FEA SHRED,EA,35,4/5 LB,$12.96,0.00 EA,0.00 EA,$0.00
CHEESE CHEDDAR MILD SLI,CS,36,8/1.25LB,$29.57,8.00 CS,4.00 CS,$118.28
CHEESE CHEDDAR MILD SLI,EA,36,8/1.25LB,$3.70,0.00 EA,0.00 EA,$0.00
CHEESE MOZZ FRSH CILIENGINI,CS,37,2/3 LB,$30.85,1.00 CS,0.00 CS,$0.00
CHEESE MOZZ FRSH CILIENGINI,EA,37,2/3 LB,$15.43,0.00 EA,10.00 EA,$154.30
CHEESE CHDR YEL MILD FEA SHRD,CS,38,4/5 LB,$52.87,0.00 CS,0.00 CS,$0.00
CHEESE CHDR YEL MILD FEA SHRD,EA,38,4/5 LB,$13.22,0.00 EA,0.00 EA,$0.00
CHEESE BLEND 5 FEA SHRD,CS,39,4/5 LB,$52.05,0.00 CS,0.00 CS,$0.00
CHEESE BLEND 5 FEA SHRD,EA,39,4/5 LB,$13.01,0.00 EA,0.00 EA,$0.00
CHEESE QUESO BRAVO DIP BAG WHT,CS,40,6/5LB,$93.52,6.00 CS,3.00 CS,$280.56
CHEESE QUESO BRAVO DIP BAG WHT,EA,40,6/5LB,$15.59,0.00 EA,0.00 EA,$0.00
FLAVOR CONC CHIPOTLE GF PPR,CS,41,6/14.4OZ,$55.46,5.00 CS,5.00 CS,$277.30
FLAVOR CONC CHIPOTLE GF PPR,EA,41,6/14.4OZ,$9.24,0.00 EA,0.00 EA,$0.00
BUTTER SOLID UNSLTD,CS,42,36/1LB,$92.35,1.00 CS,3.00 CS,$277.05
BUTTER SOLID UNSLTD,EA,42,36/1LB,$2.56,0.00 EA,0.00 EA,$0.00
CHEESE AMER/SWISS 160 SLI,CS,43,4/5 LB,$66.64,1.00 CS,1.00 CS,$66.64
CHEESE AMER/SWISS 160 SLI,EA,43,4/5 LB,$16.66,0.00 EA,0.00 EA,$0.00
CHEESE BLUE CRUMBLE,CS,44,4/5 LB,$77.66,4.00 CS,4.00 CS,$310.64
CHEESE BLUE CRUMBLE,EA,44,4/5 LB,$19.42,10.00 EA,10.00 EA,$194.15
CHEESE BRIE 60% RND,CS,45,6/8 OZ,$17.34,0.00 CS,0.00 CS,$0.00
CHEESE BRIE 60% RND,EA,45,6/8 OZ,$2.89,0.00 EA,0.00 EA,$0.00
CHEESE PEPPER JACK SLI .5 OZ,CS,46,8/1.25LB,$34.75,0.00 CS,0.00 CS,$0.00
CHEESE PEPPER JACK SLI .5 OZ,EA,46,8/1.25LB,$4.34,0.00 EA,0.00 EA,$0.00
CHEESE FETA CRUMBLE,CS,47,2/5 LB,$39.23,0.00 CS,3.00 CS,$117.69
CHEESE FETA CRUMBLE,EA,47,2/5 LB,$19.62,0.00 EA,0.00 EA,$0.00
CHEESE GOUDA SMK HOLLAND,CS,48,4/6#AVG,$6.79,61.64 CS,0.00 CS,$0.00
CHEESE QUESO FRESCO BARRA,CS,49,4/5 LB,$100.62,0.00 CS,0.00 CS,$0.00
CHEESE QUESO FRESCO BARRA,EA,49,4/5 LB,$25.16,10.00 EA,10.00 EA,$251.60
CREAM HEAVY WHIPPING 36% ESL,CS,50,12/32OZ,$56.04,0.00 CS,0.00 CS,$0.00
CREAM HEAVY WHIPPING 36% ESL,EA,50,12/32OZ,$4.67,0.00 EA,0.00 EA,$0.00
CREAM WHIPPED ARSL XTRA CREAMY,CS,51,12/15 OZ,$44.31,4.00 CS,4.00 CS,$177.24
CREAM WHIPPED ARSL XTRA CREAMY,EA,51,12/15 OZ,$3.69,0.00 EA,0.00 EA,$0.00
CREAMER COFFEE ORIGINAL ND,CS,52,384/9ML,$15.46,1.00 CS,3.00 CS,$46.38
CREAMER COFFEE ORIGINAL ND,EA,52,384/9ML,$0.04,0.00 EA,0.00 EA,$0.00
MILK ALMOND PURE ASEPTIC ORIG,CS,53,6/32 OZ,$14.85,5.00 CS,0.00 CS,$0.00
MILK ALMOND PURE ASEPTIC ORIG,EA,53,6/32 OZ,$2.48,0.00 EA,0.00 EA,$0.00
SAUCE TZATZIKI SOUR CREAM,CS,54,4/3.75LB,$37.21,2.00 CS,1.00 CS,$37.21
SAUCE TZATZIKI SOUR CREAM,EA,54,4/3.75LB,$9.30,0.00 EA,4.00 EA,$37.21
TOPPING WHPD ARSL,CS,55,12/14 OZ,$38.86,0.00 CS,0.00 CS,$0.00
TOPPING WHPD ARSL,EA,55,12/14 OZ,$3.24,0.00 EA,0.00 EA,$0.00
YOGURT PLAIN GREEK NONFAT,CS,56,6/32 OZ,$32.76,3.25 CS,2.00 CS,$65.52
YOGURT PLAIN GREEK NONFAT,EA,56,6/32 OZ,$5.46,0.00 EA,4.00 EA,$21.84
YOGURT STRAWBERRY GREEK,CS,57,12/4 OZ,$9.03,0.00 CS,0.00 CS,$0.00
YOGURT STRAWBERRY GREEK,EA,57,12/4 OZ,$0.75,0.00 EA,0.00 EA,$0.00
YOGURT VANILLA GREEK,CS,58,6/32 OZ,$32.76,0.00 CS,0.00 CS,$0.00
YOGURT VANILLA GREEK,EA,58,6/32 OZ,$5.46,0.00 EA,0.00 EA,$0.00
CHEESE PARM SHAVED S.AMER,CS,59,2/5LB,$50.34,0.00 CS,0.00 CS,$0.00
CHEESE PARM SHAVED S.AMER,EA,59,2/5LB,$25.17,0.00 EA,0.00 EA,$0.00
CHEESE MOZZ FTHR SHRD PART SKM,CS,60,4/5 LB,$65.67,0.00 CS,0.00 CS,$0.00
CHEESE MOZZ FTHR SHRD PART SKM,EA,60,4/5 LB,$16.42,0.00 EA,0.00 EA,$0.00
CHEESE MOZZ FRSH SLI THIN,CS,61,6/16 OZ,$29.55,0.00 CS,0.00 CS,$0.00
CHEESE MOZZ FRSH SLI THIN,EA,61,6/16 OZ,$4.92,0.00 EA,0.00 EA,$0.00
CHEESE CHEDDAR MILD FCY SHRD,CS,62,4/5 LB,$52.69,10.00 CS,5.00 CS,$263.45
CHEESE CHEDDAR MILD FCY SHRD,EA,62,4/5 LB,$13.17,0.00 EA,0.00 EA,$0.00
EGG WHITE CAGE FREE LIQ,CS,63,15/2 LB,$90.39,0.00 CS,0.00 CS,$0.00
EGG WHITE CAGE FREE LIQ,EA,63,15/2 LB,$6.03,0.00 EA,0.00 EA,$0.00
EGG WHL CG F LIQ W/CITRIC ACID,CS,64,15/2 LB,$84.92,0.00 CS,9.00 CS,$764.28
EGG WHL CG F LIQ W/CITRIC ACID,EA,64,15/2 LB,$5.66,0.00 EA,0.00 EA,$0.00
CHICKEN SHREDDED TINGA CAFE H,CS,1,4/5 LB,$88.74,2.00 CS,2.00 CS,$177.48
CHICKEN SHREDDED TINGA CAFE H,EA,1,4/5 LB,$22.19,0.00 EA,0.00 EA,$0.00
PROSCIUTTO ITALIANO SLICED,CS,2,10 / 4 OZ,$61.77,8.00 CS,0.00 CS,$0.00
PROSCIUTTO ITALIANO SLICED,EA,2,10 / 4 OZ,$6.18,0.00 EA,0.00 EA,$0.00
COPPA SLICED ITALIANA,CS,3,10 / 4 OZ,$60.51,4.00 CS,0.00 CS,$0.00
COPPA SLICED ITALIANA,EA,3,10 / 4 OZ,$6.05,0.00 EA,0.00 EA,$0.00
SALAMI SLICED CALABRESE,CS,4,12 / 16 OZ,$119.72,2.00 CS,0.00 CS,$0.00
SALAMI SLICED CALABRESE,EA,4,12 / 16 OZ,$9.98,0.00 EA,0.00 EA,$0.00
HAM SLICED SMK CHERRY NAT FRSH,CS,5,6/2LB,$78.80,0.00 CS,1.00 CS,$78.80
HAM SLICED SMK CHERRY NAT FRSH,EA,5,6/2LB,$13.13,0.00 EA,0.00 EA,$0.00
CHICKEN CVP THIGH BNLS SKLS,CS,6,4/10 LB,$94.27,0.00 CS,0.00 CS,$0.00
CHICKEN CVP THIGH BNLS SKLS,EA,6,4/10 LB,$23.57,0.00 EA,0.00 EA,$0.00
CHICKEN LEG QUARTER IQF MARN,CS,7,48/10.8OZ,$55.04,0.00 CS,0.00 CS,$0.00
CHICKEN LEG QUARTER IQF MARN,EA,7,48/10.8OZ,$1.15,0.00 EA,0.00 EA,$0.00
BACON TOPPING DICED,CS,8,2/5 LB,$69.87,0.00 CS,0.00 CS,$0.00
BACON TOPPING DICED,EA,8,2/5 LB,$34.94,0.00 EA,0.00 EA,$0.00
SAUSAGE CHICKEN LNK BKFST TIME,CS,9,7/1.43LB,$55.02,1.00 CS,1.00 CS,$55.02
SAUSAGE CHICKEN LNK BKFST TIME,EA,9,7/1.43LB,$7.86,0.00 EA,0.00 EA,$0.00
BACON LAYOUT HCK SMK 18/22 GHP,CS,10,1/15 LB,$76.61,0.00 CS,0.00 CS,$0.00
BACON LAYOUT HCK SMK 18/22 GHP,EA,10,1/15 LB,$76.61,0.00 EA,0.00 EA,$0.00
PAD SCOUR COMM GEN PURP 6X9,CS,1,3/20CT,$33.27,1.00 CS,1.00 CS,$33.27
PAD SCOUR COMM GEN PURP 6X9,EA,1,3/20CT,$11.09,2.00 EA,2.00 EA,$22.18
DETERGENT DISHWASH HND SUMA LT,CS,2,4/3.78LT,$89.49,0.00 CS,0.00 CS,$0.00
DETERGENT DISHWASH HND SUMA LT,EA,2,4/3.78LT,$22.37,4.00 EA,4.00 EA,$89.48
DETERGENT POT & PAN SUMA PNCLN,CS,3,2/84.5OZ,$45.51,0.00 CS,0.00 CS,$0.00
DETERGENT POT & PAN SUMA PNCLN,EA,3,2/84.5OZ,$22.76,5.00 EA,3.00 EA,$68.28
PAD POT N PAN HNDLR XHV 3.5X5,CS,4,4/10 CT,$25.42,0.00 CS,0.00 CS,$0.00
PAD POT N PAN HNDLR XHV 3.5X5,EA,4,4/10 CT,$6.36,0.00 EA,0.00 EA,$0.00
CLEANER FLOOR PROMINENCE HD,CS,5,2/2.5 LT,$136.25,0.00 CS,0.00 CS,$0.00
CLEANER FLOOR PROMINENCE HD,EA,5,2/2.5 LT,$68.13,9.00 EA,7.00 EA,$476.91
CLEANER HVY DTY BREAK-UP SC,CS,6,2/2.5LT,$91.27,0.00 CS,0.00 CS,$0.00
CLEANER HVY DTY BREAK-UP SC,EA,6,2/2.5LT,$45.64,1.00 EA,6.00 EA,$273.84
CLEANER GREASE SUMA DRAIN,CS,7,4/1 GAL,$109.78,0.00 CS,0.00 CS,$0.00
CLEANER GREASE SUMA DRAIN,EA,7,4/1 GAL,$27.45,10.00 EA,11.00 EA,$301.95
SANITIZER LIQ J-512 J-FILL,CS,8,2/84.5OZ,$59.42,2.00 CS,0.00 CS,$0.00
SANITIZER LIQ J-512 J-FILL,EA,8,2/84.5OZ,$29.71,8.00 EA,10.00 EA,$297.10
RINSE AID SUMA SELECT,CS,9,4/1 GAL,$325.21,0.00 CS,0.00 CS,$0.00
RINSE AID SUMA SELECT,EA,9,4/1 GAL,$81.30,14.00 EA,13.00 EA,"$1,056.90"
SANITIZER CHLORINE LIQU-A-KLOR,CS,10,4/1 GAL,$41.83,0.00 CS,0.00 CS,$0.00
SANITIZER CHLORINE LIQU-A-KLOR,EA,10,4/1 GAL,$10.46,5.00 EA,1.00 EA,$10.46
CLEANER DESCALER SUMA CAL-X,CS,11,4/3.78LT,$95.22,0.00 CS,0.00 CS,$0.00
CLEANER DESCALER SUMA CAL-X,EA,11,4/3.78LT,$23.81,11.00 EA,7.00 EA,$166.67
DETERGENT MACH SUMA DIVERPAKP6,CS,12,4/9 LB,$204.21,5.00 CS,1.00 CS,$204.21
DETERGENT MACH SUMA DIVERPAKP6,EA,12,4/9 LB,$51.05,1.00 EA,14.00 EA,$714.70
LINER REPRO 40X46 1.5 ML BLK,CS,13,100/40-45G,$43.87,4.00 CS,6.00 CS,$263.22
LINER REPRO 40X46 1.5 ML BLK,EA,13,100/40-45G,$0.44,0.00 EA,0.00 EA,$0.00
CLEANER OVEN & GRL SUMA D9,CS,14,4/1 GAL,$117.69,0.00 CS,0.00 CS,$0.00
CLEANER OVEN & GRL SUMA D9,EA,14,4/1 GAL,$29.42,0.00 EA,0.00 EA,$0.00
WIPER TOWEL REFIL C360 SNTZ SY,CS,15,3/135 CT,$24.48,0.00 CS,0.00 CS,$0.00
WIPER TOWEL REFIL C360 SNTZ SY,EA,15,3/135 CT,$8.16,0.00 EA,0.00 EA,$0.00
BUCKET PLAS COMP360 SNTZ SYSTM,CS,16,1/3 CT,$10.07,0.00 CS,0.00 CS,$0.00
BUCKET PLAS COMP360 SNTZ SYSTM,EA,16,1/3 CT,$10.07,0.00 EA,0.00 EA,$0.00
WASH ANTIMICROBIAL FRT/VEG 4.5,CS,17,2/84.5OZ,$112.18,0.00 CS,0.00 CS,$0.00
WASH ANTIMICROBIAL FRT/VEG 4.5,EA,17,2/84.5OZ,$56.09,2.00 EA,2.00 EA,$112.18
CLEANER FREEZER SUMA,CS,18,4/1 GAL,$149.50,0.00 CS,0.00 CS,$0.00
CLEANER FREEZER SUMA,EA,18,4/1 GAL,$37.38,10.00 EA,10.00 EA,$373.80
SOAP HAND FOAM SOFTCARE DEFEND,CS,19,6/1.2 LT,$104.45,0.00 CS,0.00 CS,$0.00
SOAP HAND FOAM SOFTCARE DEFEND,EA,19,6/1.2 LT,$17.41,37.00 EA,37.00 EA,$644.17
APRON POLY EMBSD WHT 28X46 ECO,EA,20,1/100CT,$15.45,2.00 EA,1.00 EA,$15.45
APRON POLY EMBSD WHT 28X46 ECO,EA,20,1/100CT,$15.45,0.00 EA,0.00 EA,$0.00
PAD GRIDDLE HVY DUTY,CS,21,4/10 CT,$53.08,10.00 CS,9.75 CS,$517.53
PAD GRIDDLE HVY DUTY,EA,21,4/10 CT,$13.27,2.00 EA,0.00 EA,$0.00
PAD GRIDDLE H/D QUICK CLEAN,CS,22,15/EA,$14.41,1.00 CS,1.00 CS,$14.41
PAD GRIDDLE H/D QUICK CLEAN,EA,22,15/EA,$0.96,0.00 EA,0.00 EA,$0.00
POLISH STNLS,CS,23,6/946 ML,$113.68,2.00 CS,1.00 CS,$113.68
POLISH STNLS,EA,23,6/946 ML,$18.95,0.00 EA,2.00 EA,$37.90
CLEANER OVEN GRILL HIGH TEMP,CS,24,12/32 OZ,$200.38,0.00 CS,0.00 CS,$0.00
CLEANER OVEN GRILL HIGH TEMP,EA,24,12/32 OZ,$16.70,0.00 EA,0.00 EA,$0.00
DETERGENT LIQ NOVA L6,CS,25,4/1 GAL,$240.29,0.00 CS,0.00 CS,$0.00
DETERGENT LIQ NOVA L6,EA,25,4/1 GAL,$60.07,2.00 EA,2.00 EA,$120.14
PRESOAK LIQ SUMA GLOSS K8,CS,26,4/3.78LT,$176.19,0.00 CS,0.00 CS,$0.00
PRESOAK LIQ SUMA GLOSS K8,EA,26,4/3.78LT,$44.05,6.00 EA,2.00 EA,$88.10
PRESOAK LIQ SUMA SHINE K-2,CS,27,100/1 OZ,$74.45,4.00 CS,4.00 CS,$297.80
PRESOAK LIQ SUMA SHINE K-2,EA,27,100/1 OZ,$0.74,0.00 EA,0.00 EA,$0.00
SANITIZER QUAT J-512,CS,28,4/1 GAL,$97.21,1.00 CS,0.00 CS,$0.00
SANITIZER QUAT J-512,EA,28,4/1 GAL,$24.30,8.00 EA,12.00 EA,$291.60
CLEANER OVEN LIQ FOAMFREE SUMA,CS,29,12/32 OZ,$84.71,0.00 CS,0.00 CS,$0.00
CLEANER OVEN LIQ FOAMFREE SUMA,EA,29,12/32 OZ,$7.06,27.00 EA,14.00 EA,$98.83
CLEANER GRL QUICKCLEAN PCKT,CS,30,40/3.2 OZ,$41.22,0.00 CS,0.00 CS,$0.00
CLEANER GRL QUICKCLEAN PCKT,EA,30,40/3.2 OZ,$1.03,0.00 EA,0.00 EA,$0.00
CLEANER DEGRSR HGH TMP GRL RTU,CS,31,30/3.6OZ,$42.67,0.00 CS,1.00 CS,$42.67
CLEANER DEGRSR HGH TMP GRL RTU,EA,31,30/3.6OZ,$1.42,0.00 EA,0.00 EA,$0.00
ENTREE LASAGNA MEAT,CS,1,4/6 LB,$87.28,0.00 CS,0.00 CS,$0.00
ENTREE LASAGNA MEAT,EA,1,4/6 LB,$21.82,0.00 EA,0.00 EA,$0.00
DANISH ASST IW,CS,2,24/3.25OZ,$29.16,0.00 CS,0.00 CS,$0.00
DANISH ASST IW,EA,2,24/3.25OZ,$1.22,0.00 EA,0.00 EA,$0.00
PRETZEL SOFT BAKED KINGSIZE,CS,3,50/5 OZ,$27.46,0.25 CS,1.00 CS,$27.46
PRETZEL SOFT BAKED KINGSIZE,EA,3,50/5 OZ,$0.55,0.00 EA,0.00 EA,$0.00
DOUGH DANISH MINI SELECTION,CS,4,120/1.5 OZ,$49.16,0.00 CS,0.00 CS,$0.00
DOUGH DANISH MINI SELECTION,EA,4,120/1.5 OZ,$0.41,0.00 EA,0.00 EA,$0.00
BAGEL PLAIN,CS,5,12/6CT,$28.43,0.00 CS,0.00 CS,$0.00
BAGEL PLAIN,EA,5,12/6CT,$2.37,0.00 EA,0.00 EA,$0.00
MUFFIN BLUEBERRY WG RF IW,CS,6,72/2 OZ,$33.26,0.00 CS,0.00 CS,$0.00
MUFFIN BLUEBERRY WG RF IW,EA,6,72/2 OZ,$0.46,0.00 EA,0.00 EA,$0.00
MUFFIN BANANA IW DEL ESS,CS,7,72/2 OZ,$31.84,0.00 CS,0.00 CS,$0.00
MUFFIN BANANA IW DEL ESS,EA,7,72/2 OZ,$0.44,0.00 EA,0.00 EA,$0.00
MUFFIN ENGLISH PLAIN FKSPLT,CS,8,72/2 OZ,$23.47,3.00 CS,4.00 CS,$93.88
MUFFIN ENGLISH PLAIN FKSPLT,EA,8,72/2 OZ,$0.33,0.00 EA,0.00 EA,$0.00
BREAD FLAT OVAL 12 X 5,CS,9,48/4.8OZ,$50.85,0.00 CS,0.00 CS,$0.00
BREAD FLAT OVAL 12 X 5,EA,9,48/4.8OZ,$1.06,0.00 EA,0.00 EA,$0.00
POTATO FRY STR 3/8 XL,CS,10,6/5 LB,$52.33,1.00 CS,1.00 CS,$52.33
POTATO FRY STR 3/8 XL,EA,10,6/5 LB,$8.72,0.00 EA,0.00 EA,$0.00
ROLL DINNER ASST PBKD,CS,11,96/1.5 OZ,$43.72,0.00 CS,0.00 CS,$0.00
ROLL DINNER ASST PBKD,EA,11,96/1.5 OZ,$0.46,0.00 EA,0.00 EA,$0.00
POTATO FRY WDG SKON 8CUT SPCY,CS,12,6/5 LB,$40.36,0.00 CS,0.00 CS,$0.00
POTATO FRY WDG SKON 8CUT SPCY,EA,12,6/5 LB,$6.73,0.00 EA,0.00 EA,$0.00
CROISSANT BUTTER CRVD LG BKD,CS,13,48/3 OZ,$63.06,12.50 CS,12.00 CS,$756.72
CROISSANT BUTTER CRVD LG BKD,EA,13,48/3 OZ,$1.31,0.00 EA,0.00 EA,$0.00
BREAD REGSLICE WHOLE WHEAT T&S,CS,14,16/23.8OZ,$56.62,2.00 CS,2.00 CS,$113.24
BREAD REGSLICE WHOLE WHEAT T&S,EA,14,16/23.8OZ,$3.54,0.00 EA,0.00 EA,$0.00
BUN HMBRGR CHALLAH 4IN,CS,15,1/60 CT,$31.75,13.00 CS,4.50 CS,$142.88
BUN HMBRGR CHALLAH 4IN,EA,15,1/60 CT,$31.75,0.00 EA,0.00 EA,$0.00
BUN HAMBURGER MINI YEL SLMR3IN,CS,16,8/24 CT,$50.55,0.00 CS,1.00 CS,$50.55
BUN HAMBURGER MINI YEL SLMR3IN,EA,16,8/24 CT,$6.32,0.00 EA,0.00 EA,$0.00
BREAD SANDWICH WHT,CS,17,16/675 GR,$58.26,3.00 CS,2.50 CS,$145.65
BREAD SANDWICH WHT,EA,17,16/675 GR,$3.64,0.00 EA,0.00 EA,$0.00
BISCUIT BTRMLK GOLDN E-Z SPLIT,CS,18,75/2.85OZ,$35.36,0.00 CS,0.00 CS,$0.00
BISCUIT BTRMLK GOLDN E-Z SPLIT,EA,18,75/2.85OZ,$0.47,0.00 EA,0.00 EA,$0.00
BREAD TOAST TEXAS 3/4 SLI,CS,19,10/25.6OZ,$39.75,0.00 CS,1.00 CS,$39.75
BREAD TOAST TEXAS 3/4 SLI,EA,19,10/25.6OZ,$3.98,0.00 EA,0.00 EA,$0.00
BREAD GARLIC TOAST SLI BULK,CS,20,120/1.4 OZ,$46.76,6.00 CS,6.00 CS,$280.56
BREAD GARLIC TOAST SLI BULK,EA,20,120/1.4 OZ,$0.39,0.00 EA,0.00 EA,$0.00
BUN HOT DOG,CS,21,8/12 CT,$26.03,4.00 CS,2.00 CS,$52.06
BUN HOT DOG,EA,21,8/12 CT,$3.25,0.00 EA,0.00 EA,$0.00
BREAD BAGUETTE FRCH,CS,22,14/16 OZ,$36.73,0.00 CS,0.00 CS,$0.00
BREAD BAGUETTE FRCH,EA,22,14/16 OZ,$2.62,0.00 EA,0.00 EA,$0.00
BREAD PITA FLAT 7,CS,23,12/10 CT,$43.41,0.00 CS,0.00 CS,$0.00
BREAD PITA FLAT 7,EA,23,12/10 CT,$3.62,0.00 EA,0.00 EA,$0.00
BREAD CIABATTA SNDWCH 4X6,CS,24,8/8CT,$58.07,0.00 CS,0.00 CS,$0.00
BREAD CIABATTA SNDWCH 4X6,EA,24,8/8CT,$7.26,0.00 EA,0.00 EA,$0.00
POTATO FRY CHIP ORIG,CS,25,6/4LB,$46.51,0.00 CS,0.00 CS,$0.00
POTATO FRY CHIP ORIG,EA,25,6/4LB,$7.75,0.00 EA,0.00 EA,$0.00
BEEF BRISKET BNLS WHL UNTRIM,CS,26,4/10#UP,$4.91,0.00 CS,0.00 CS,$0.00
CHILI CON CARNE FRZN,CS,27,6/5LB,$67.68,0.00 CS,0.00 CS,$0.00
CHILI CON CARNE FRZN,EA,27,6/5LB,$11.28,0.00 EA,0.00 EA,$0.00
POTATO MASHED SWEET,CS,28,4/6 LB,$37.15,0.00 CS,0.00 CS,$0.00
POTATO MASHED SWEET,EA,28,4/6 LB,$9.29,0.00 EA,0.00 EA,$0.00
POTATO FRY SWEET 5/16,CS,29,6/2.5 LB,$33.34,0.00 CS,0.00 CS,$0.00
POTATO FRY SWEET 5/16,EA,29,6/2.5 LB,$5.56,0.00 EA,0.00 EA,$0.00
POTATO H/BRN IQF LOOSE SHRED,CS,30,6/3LB,$24.21,5.50 CS,5.50 CS,$133.16
POTATO H/BRN IQF LOOSE SHRED,EA,30,6/3LB,$4.04,0.00 EA,0.00 EA,$0.00
POTATO WEDGE SEASONED 8CUT,CS,31,6/5 LB,$47.29,5.00 CS,4.00 CS,$189.16
POTATO WEDGE SEASONED 8CUT,EA,31,6/5 LB,$7.88,0.00 EA,0.00 EA,$0.00
POTATO HASHBROWN SKIN ON DICE,CS,32,6/6LB,$63.61,4.00 CS,3.25 CS,$206.73
POTATO HASHBROWN SKIN ON DICE,EA,32,6/6LB,$10.60,0.00 EA,0.00 EA,$0.00
POTATO HASH BRN TRIANG 2OZ,CS,33,6/5LB,$47.88,6.50 CS,6.00 CS,$287.28
POTATO HASH BRN TRIANG 2OZ,EA,33,6/5LB,$7.98,0.00 EA,0.00 EA,$0.00
BACON LAYFLAT APL GHP 14/17 GF,CS,34,1/15 LB,$83.96,0.00 CS,0.00 CS,$0.00
BACON LAYFLAT APL GHP 14/17 GF,EA,34,1/15 LB,$83.96,0.00 EA,0.00 EA,$0.00
POTATO TATER TOT VERSITOT,CS,35,6/5LB,$47.54,7.00 CS,6.25 CS,$297.12
POTATO TATER TOT VERSITOT,EA,35,6/5LB,$7.92,0.00 EA,0.00 EA,$0.00
POTATO SWEET TATER PUFF,CS,36,6/2.5 LB,$40.01,12.00 CS,12.00 CS,$480.12
POTATO SWEET TATER PUFF,EA,36,6/2.5 LB,$6.67,0.00 EA,0.00 EA,$0.00
BREAD FLAT OVAL 13 X 5,CS,37,36/3.7 OZ,$28.03,0.00 CS,0.00 CS,$0.00
BREAD FLAT OVAL 13 X 5,EA,37,36/3.7 OZ,$0.78,0.00 EA,0.00 EA,$0.00
BAGEL PLAIN 3 OZ,CS,38,12/6 CT,$25.55,0.00 CS,0.00 CS,$0.00
BAGEL PLAIN 3 OZ,EA,38,12/6 CT,$2.13,0.00 EA,0.00 EA,$0.00
TOAST FRENCH STICK WG 108PCS,CS,39,2/5LB,$26.73,0.00 CS,0.00 CS,$0.00
TOAST FRENCH STICK WG 108PCS,EA,39,2/5LB,$13.37,0.00 EA,0.00 EA,$0.00
CORNBREAD BKD CUT 12X16,CS,40,4/64 OZ,$56.09,9.00 CS,7.25 CS,$406.65
CORNBREAD BKD CUT 12X16,EA,40,4/64 OZ,$14.02,0.00 EA,0.00 EA,$0.00
MUFFIN ENGLISH PLAIN FRKSPLT,CS,41,48/3 OZ,$24.91,0.00 CS,0.00 CS,$0.00
MUFFIN ENGLISH PLAIN FRKSPLT,EA,41,48/3 OZ,$0.52,0.00 EA,0.00 EA,$0.00
BREAD PANINI SLI 1\2 IN,CS,42,6/38.89Z,$45.61,8.00 CS,8.00 CS,$364.88
BREAD PANINI SLI 1\2 IN,EA,42,6/38.89Z,$7.60,0.00 EA,0.00 EA,$0.00
BUN HOAGIE SUB ROLL,CS,43,10/6 CT,$29.45,2.00 CS,0.00 CS,$0.00
BUN HOAGIE SUB ROLL,EA,43,10/6 CT,$2.94,0.00 EA,0.00 EA,$0.00
POTATO FRY SPICY SPIRAL,CS,44,6/4 LB,$44.87,7.00 CS,7.00 CS,$314.09
POTATO FRY SPICY SPIRAL,EA,44,6/4 LB,$7.48,0.00 EA,0.00 EA,$0.00
BUN SANDWICH ONION WHT 4,CS,45,96/4 OZ,$64.16,0.00 CS,0.00 CS,$0.00
BUN SANDWICH ONION WHT 4,EA,45,96/4 OZ,$0.67,0.00 EA,0.00 EA,$0.00
DOUGH CROISSANT MINI STR BTR,CS,46,200/1 OZ,$71.06,0.00 CS,0.00 CS,$0.00
DOUGH CROISSANT MINI STR BTR,EA,46,200/1 OZ,$0.36,0.00 EA,0.00 EA,$0.00
PANCAKE BUTTERMILK 4,CS,47,12/12 CT,$30.06,5.00 CS,8.00 CS,$240.48
PANCAKE BUTTERMILK 4,EA,47,12/12 CT,$2.50,0.00 EA,0.00 EA,$0.00
BACON LAYFLAT PRCK,CS,48,2/150SLI,$38.25,26.00 CS,15.00 CS,$573.75
BACON LAYFLAT PRCK,EA,48,2/150SLI,$19.13,0.00 EA,0.00 EA,$0.00
BACON PRECOOKED BACON1 18/22,CS,49,1/288 CT,$114.95,0.00 CS,0.00 CS,$0.00
BACON PRECOOKED BACON1 18/22,EA,49,1/288 CT,$115.00,0.00 EA,0.00 EA,$0.00
BACON TURKEY LAYFLT,CS,50,2/6 LB,$43.61,4.00 CS,4.00 CS,$174.44
BACON TURKEY LAYFLT,EA,50,2/6 LB,$21.81,1.00 EA,1.00 EA,$21.81
BAGEL ASSORTED PARBK,CS,51,12/6CT,$35.96,0.00 CS,0.00 CS,$0.00
BAGEL ASSORTED PARBK,EA,51,12/6CT,$3.00,0.00 EA,0.00 EA,$0.00
BREAD BUN FOLDED BAO,CS,52,20/10CT,$71.79,1.00 CS,1.00 CS,$71.79
BREAD BUN FOLDED BAO,EA,52,20/10CT,$3.59,0.00 EA,0.00 EA,$0.00
FRANK ALL BEEF 6X1 6 IN,CS,53,1/10 LB,$49.82,17.00 CS,17.00 CS,$846.94
FRANK ALL BEEF 6X1 6 IN,EA,53,1/10 LB,$49.82,0.00 EA,0.00 EA,$0.00
KOLACHE SAUSAGE CHEESE ROLL,CS,54,60/4 OZ,$84.92,4.00 CS,2.50 CS,$212.30
KOLACHE SAUSAGE CHEESE ROLL,EA,54,60/4 OZ,$1.42,0.00 EA,0.00 EA,$0.00
KOLACHE SAUSAGE ROLL,CS,55,60/4 OZ,$84.92,4.00 CS,2.00 CS,$169.84
KOLACHE SAUSAGE ROLL,EA,55,60/4 OZ,$1.42,0.00 EA,0.00 EA,$0.00
SAUSAGE CHICKEN LNK BKFST TIME,CS,56,7/1.43LB,$55.02,7.00 CS,6.00 CS,$330.12
SAUSAGE CHICKEN LNK BKFST TIME,EA,56,7/1.43LB,$7.86,0.00 EA,0.00 EA,$0.00
SAUSAGE PORK PATTY,CS,57,96/2OZ,$47.74,0.00 CS,0.00 CS,$0.00
SAUSAGE PORK PATTY,EA,57,96/2OZ,$0.50,0.00 EA,0.00 EA,$0.00
TURKEY SAUSAGE LINK RAW,CS,58,160/1 OZ,$39.95,0.00 CS,0.00 CS,$0.00
TURKEY SAUSAGE LINK RAW,EA,58,160/1 OZ,$0.25,0.00 EA,0.00 EA,$0.00
TURKEY SAUSAGE PTY RAW,CS,59,128/1.5 OZ,$47.26,6.00 CS,10.00 CS,$472.60
TURKEY SAUSAGE PTY RAW,EA,59,128/1.5 OZ,$0.37,0.00 EA,0.00 EA,$0.00
BACON LAYOUT HCK SMK 18/22 GHP,CS,60,1/15 LB,$76.61,24.00 CS,20.00 CS,"$1,532.20"
BACON LAYOUT HCK SMK 18/22 GHP,EA,60,1/15 LB,$76.61,0.00 EA,0.00 EA,$0.00
BACON TOPPING FULLY CKD,CS,61,2/5 LB,$59.28,4.00 CS,5.00 CS,$296.40
BACON TOPPING FULLY CKD,EA,61,2/5 LB,$29.64,0.00 EA,0.00 EA,$0.00
POTATO CHIP NAT FRY 1/10 IN,CS,62,6/5 LB,$56.43,12.00 CS,8.00 CS,$451.44
POTATO CHIP NAT FRY 1/10 IN,EA,62,6/5 LB,$9.40,0.00 EA,0.00 EA,$0.00
SAUSAGE PORK PTY W/H,CS,63,96/2 OZ,$55.95,9.00 CS,7.00 CS,$391.65
SAUSAGE PORK PTY W/H,EA,63,96/2 OZ,$0.58,0.00 EA,0.00 EA,$0.00
TOAST FRENCH STK WHL GRAIN,CS,64,12/2LB,$59.34,2.00 CS,2.00 CS,$118.68
TOAST FRENCH STK WHL GRAIN,EA,64,12/2LB,$4.94,0.00 EA,0.00 EA,$0.00
BRATWURST 4X1 ORIGINAL NC RAW,CS,65,6/2.5 LB,$64.98,9.00 CS,9.00 CS,$584.82
BRATWURST 4X1 ORIGINAL NC RAW,EA,65,6/2.5 LB,$10.83,0.00 EA,0.00 EA,$0.00
WAFFLE BELGIAN,CS,66,72/2.4 OZ,$44.22,2.00 CS,1.00 CS,$44.22
WAFFLE BELGIAN,EA,66,72/2.4 OZ,$0.61,0.00 EA,0.00 EA,$0.00
POTATO HASH BRN GLDN PTY,CS,67,120/63 G,$30.39,0.00 CS,0.00 CS,$0.00
POTATO HASH BRN GLDN PTY,EA,67,120/63 G,$0.25,0.00 EA,0.00 EA,$0.00
SAUSAGE SMKD MPLE BIAS CUT Z,CS,68,2/5 LB,$53.01,2.00 CS,2.00 CS,$106.02
SAUSAGE SMKD MPLE BIAS CUT Z,EA,68,2/5 LB,$26.51,0.00 EA,0.00 EA,$0.00
BISCUIT BKD SOUTHERN STYLE,CS,69,120/2 OZ,$44.12,0.00 CS,0.00 CS,$0.00
BISCUIT BKD SOUTHERN STYLE,EA,69,120/2 OZ,$0.37,0.00 EA,0.00 EA,$0.00
BREAD BAGUETTE FRCH PARBAK,CS,70,22/10.7OZ,$41.52,0.00 CS,0.00 CS,$0.00
BREAD BAGUETTE FRCH PARBAK,EA,70,22/10.7OZ,$1.89,0.00 EA,0.00 EA,$0.00
BREAD PITA GYRO PRE-OILED 7,CS,71,12/10 CT,$32.33,2.00 CS,1.00 CS,$32.33
BREAD PITA GYRO PRE-OILED 7,EA,71,12/10 CT,$2.69,0.00 EA,0.00 EA,$0.00
BREAD RYE SWIRLED,CS,72,6/32 OZ,$33.63,2.50 CS,2.50 CS,$84.08
BREAD RYE SWIRLED,EA,72,6/32 OZ,$5.60,0.00 EA,0.00 EA,$0.00
POTATO SWEET RSTD W/MAPLE SEAS,CS,73,6/2.5 LB,$44.04,4.00 CS,4.00 CS,$176.16
POTATO SWEET RSTD W/MAPLE SEAS,EA,73,6/2.5 LB,$7.34,0.00 EA,0.00 EA,$0.00
DOUGH BISCUIT SOTHRN E-Z SPLIT,CS,74,168/3.17OZ,$66.85,16.00 CS,11.00 CS,$735.35
DOUGH BISCUIT SOTHRN E-Z SPLIT,EA,74,168/3.17OZ,$0.40,0.00 EA,0.00 EA,$0.00
DOUGH SCONE ASST CHOC/CINN/BB,CS,75,96/3.75OZ,$99.28,9.00 CS,7.00 CS,$694.96
DOUGH SCONE ASST CHOC/CINN/BB,EA,75,96/3.75OZ,$1.03,0.00 EA,0.00 EA,$0.00
HAM DICED .25 IN CUBE,CS,76,2/5 LB,$32.49,5.00 CS,3.00 CS,$97.47
HAM DICED .25 IN CUBE,EA,76,2/5 LB,$16.25,0.00 EA,0.00 EA,$0.00
SAUSAGE CHICKEN APL SMKD CKD,CS,77,1/12.3LB,$75.02,3.00 CS,2.00 CS,$150.04
SAUSAGE CHICKEN APL SMKD CKD,EA,77,1/12.3LB,$75.02,0.00 EA,0.00 EA,$0.00
DOUGH BISCUIT SOUTHERN STYLE,CS,78,120/4.5 OZ,$65.85,4.00 CS,4.00 CS,$263.40
DOUGH BISCUIT SOUTHERN STYLE,EA,78,120/4.5 OZ,$0.55,0.00 EA,0.00 EA,$0.00
BREAD BRIOCHE SLICED LOAF,CS,79,12/1 EA,$66.79,2.00 CS,2.00 CS,$133.58
BREAD BRIOCHE SLICED LOAF,EA,79,12/1 EA,$5.57,0.00 EA,0.00 EA,$0.00
ROLL GARLIC KNOTS BAKED,CS,80,192/1.3 OZ,$84.23,2.00 CS,3.00 CS,$252.69
ROLL GARLIC KNOTS BAKED,EA,80,192/1.3 OZ,$0.44,0.00 EA,0.00 EA,$0.00
BREAD BUN BRIOCHE SLI 4 IN,CS,81,90/2.57OZ,$57.63,0.00 CS,0.00 CS,$0.00
BREAD BUN BRIOCHE SLI 4 IN,EA,81,90/2.57OZ,$0.64,0.00 EA,0.00 EA,$0.00
ROLL DINNER FRCH,CS,82,96/1.5 OZ,$38.21,0.00 CS,2.00 CS,$76.42
ROLL DINNER FRCH,EA,82,96/1.5 OZ,$0.40,0.00 EA,0.00 EA,$0.00
BREAD LOAF SORDGH COUNTRY WHT,CS,83,5/46.4OZ,$33.70,2.00 CS,2.00 CS,$67.40
BREAD LOAF SORDGH COUNTRY WHT,EA,83,5/46.4OZ,$6.74,0.00 EA,0.00 EA,$0.00
BAGEL ASST PL/SS/O/BL/CR,CS,84,72/4 OZ,$39.83,0.00 CS,1.50 CS,$59.74
BAGEL ASST PL/SS/O/BL/CR,EA,84,72/4 OZ,$0.55,0.00 EA,0.00 EA,$0.00
BREAKFAST FRENCH TOAST MINICHO,CS,85,72/3.03OZ,$47.53,0.00 CS,3.00 CS,$142.59
BREAKFAST FRENCH TOAST MINICHO,EA,85,72/3.03OZ,$0.66,0.00 EA,0.00 EA,$0.00
TOAST FRENCH MINI TRIX,CS,86,72/2.64OZ,$50.58,0.00 CS,1.00 CS,$50.58
TOAST FRENCH MINI TRIX,EA,86,72/2.64OZ,$0.70,0.00 EA,0.00 EA,$0.00
KETCHUP FANCY POUCH DISPENSER,CS,1,2/1.5GAL,$40.36,0.00 CS,0.00 CS,$0.00
KETCHUP FANCY POUCH DISPENSER,EA,1,2/1.5GAL,$20.18,0.00 EA,0.00 EA,$0.00
MUSTARD YELLOW POUCH DISP,CS,2,2/1.5 GA,$33.85,0.00 CS,0.00 CS,$0.00
MUSTARD YELLOW POUCH DISP,EA,2,2/1.5 GA,$16.93,0.00 EA,0.00 EA,$0.00
SAUCE WING BUFFALO RTU,CS,3,4/1 GAL,$56.06,0.00 CS,0.00 CS,$0.00
SAUCE WING BUFFALO RTU,EA,3,4/1 GAL,$14.02,0.00 EA,0.00 EA,$0.00
PECAN HALF MED FCY RAW,CS,4,1/5 LB,$61.78,0.00 CS,0.00 CS,$0.00
PECAN HALF MED FCY RAW,EA,4,1/5 LB,$61.78,0.00 EA,0.00 EA,$0.00
CONTAINER MINERAL 8.5X8.5 3CPT,CS,5,2/73 CT,$39.18,0.00 CS,0.00 CS,$0.00
CONTAINER MINERAL 8.5X8.5 3CPT,EA,5,2/73 CT,$19.59,0.00 EA,0.00 EA,$0.00
LINER REPRO 40X46 1.5 ML BLK,CS,6,100/40-45G,$43.87,0.00 CS,0.00 CS,$0.00
LINER REPRO 40X46 1.5 ML BLK,EA,6,100/40-45G,$0.44,0.00 EA,0.00 EA,$0.00
PLATE ROUND 1 CMPNT FIBER 9,CS,7,1/500 CT,$85.97,0.00 CS,0.00 CS,$0.00
PLATE ROUND 1 CMPNT FIBER 9,EA,7,1/500 CT,$85.97,0.00 EA,0.00 EA,$0.00
PLATE ROUND 1 CMPNT FIBER 6,CS,8,1/1000CT,$74.03,0.00 CS,0.00 CS,$0.00
PLATE ROUND 1 CMPNT FIBER 6,EA,8,1/1000CT,$74.03,0.00 EA,0.00 EA,$0.00
SPOON PLAS SERV BLK,CS,9,144/CT,$33.60,0.00 CS,0.00 CS,$0.00
SPOON PLAS SERV BLK,EA,9,144/CT,$0.23,0.00 EA,0.00 EA,$0.00
TONG PLAS 9 BLK SNAP N SERVE,CS,10,1/36 CT,$42.71,0.00 CS,0.00 CS,$0.00
TONG PLAS 9 BLK SNAP N SERVE,EA,10,1/36 CT,$42.71,0.00 EA,0.00 EA,$0.00
STRAWBERRY WHL IQF,CS,1,2/5LB,$29.41,0.00 CS,0.00 CS,$0.00
STRAWBERRY WHL IQF,EA,1,2/5LB,$14.71,0.00 EA,0.00 EA,$0.00
PINEAPPLE CHUNK IQF FRZN,CS,2,2/5,$28.92,0.00 CS,0.00 CS,$0.00
PINEAPPLE CHUNK IQF FRZN,EA,2,2/5,$14.46,0.00 EA,0.00 EA,$0.00
MANGO CHUNK IQF,CS,3,1/20LB,$67.03,0.00 CS,0.00 CS,$0.00
MANGO CHUNK IQF,EA,3,1/20LB,$67.03,0.00 EA,0.00 EA,$0.00
BLUEBERRY IQF,CS,4,2/5 LB,$38.19,0.00 CS,0.00 CS,$0.00
BLUEBERRY IQF,EA,4,2/5 LB,$19.10,0.00 EA,0.00 EA,$0.00
BANANA SLICE IQF CHEF RDY CUT,CS,5,2/5 LB,$20.63,0.00 CS,0.00 CS,$0.00
BANANA SLICE IQF CHEF RDY CUT,EA,5,2/5 LB,$10.32,0.00 EA,0.00 EA,$0.00
PORK RIB ST. LOUIS 2.75# DN,CS,6,1/30#AVG,$3.15,0.00 CS,0.00 CS,$0.00
SAUCE ALFREDO,CS,7,4/5LB,$55.94,0.00 CS,0.00 CS,$0.00
SAUCE ALFREDO,EA,7,4/5LB,$13.99,0.00 EA,0.00 EA,$0.00
ROLL CINNAMON T&S,CS,8,24/6 OZ,$33.99,0.00 CS,0.00 CS,$0.00
ROLL CINNAMON T&S,EA,8,24/6 OZ,$1.42,0.00 EA,0.00 EA,$0.00
SAUSAGE POLISH ROPE KIELB,CS,9,1/20 LB,$97.83,0.00 CS,0.00 CS,$0.00
SAUSAGE POLISH ROPE KIELB,EA,9,1/20 LB,$97.83,0.00 EA,0.00 EA,$0.00
GUACAMOLE WESTERN,CS,10,6/3 LB,$72.85,0.00 CS,0.00 CS,$0.00
GUACAMOLE WESTERN,EA,10,6/3 LB,$12.14,0.00 EA,0.00 EA,$0.00
BACON LAYOUT HCK SMK 18/22 GHP,CS,11,1/15 LB,$76.61,0.00 CS,0.00 CS,$0.00
BACON LAYOUT HCK SMK 18/22 GHP,EA,11,1/15 LB,$76.61,0.00 EA,0.00 EA,$0.00
SHRIMP WHT RAW 16-20CT,CS,12,5/2 LB,$82.54,0.00 CS,0.00 CS,$0.00
SHRIMP WHT RAW 16-20CT,EA,12,5/2 LB,$16.51,0.00 EA,0.00 EA,$0.00
NOODLE YAKISOBA,CS,13,6/5 LB,$61.65,0.00 CS,0.00 CS,$0.00
NOODLE YAKISOBA,EA,13,6/5 LB,$10.28,0.00 EA,0.00 EA,$0.00
MEATBALL ITAL BF PK FC 1 OZ,CS,14,2/5 LB,$62.80,0.00 CS,0.00 CS,$0.00
MEATBALL ITAL BF PK FC 1 OZ,EA,14,2/5 LB,$31.40,0.00 EA,0.00 EA,$0.00
SAUSAGE CHICKEN APL SMKD CKD,CS,15,1/12.3LB,$75.02,0.00 CS,0.00 CS,$0.00
SAUSAGE CHICKEN APL SMKD CKD,EA,15,1/12.3LB,$75.02,0.00 EA,0.00 EA,$0.00
BREAD PANINI MULTIGRN SUNFLOWR,CS,16,6/35.3OZ,$50.05,0.00 CS,0.00 CS,$0.00
BREAD PANINI MULTIGRN SUNFLOWR,EA,16,6/35.3OZ,$8.34,0.00 EA,0.00 EA,$0.00
PORK CHOP B/I C/C 4 OZ SEAS,CS,17,40/4 OZ,$46.34,0.00 CS,0.00 CS,$0.00
PORK CHOP B/I C/C 4 OZ SEAS,EA,17,40/4 OZ,$1.16,0.00 EA,0.00 EA,$0.00
SOUP BROCCOLI CHEESE,CS,18,4/8 LB,$78.07,0.00 CS,0.00 CS,$0.00
SOUP BROCCOLI CHEESE,EA,18,4/8 LB,$19.52,0.00 EA,0.00 EA,$0.00
MUFFIN ENGLISH PLAIN FKSPLT,CS,19,72/2 OZ,$23.47,0.00 CS,0.00 CS,$0.00
MUFFIN ENGLISH PLAIN FKSPLT,EA,19,72/2 OZ,$0.33,0.00 EA,0.00 EA,$0.00
POTATO CHIP NAT FRY 1/10 IN,CS,20,6/5 LB,$56.43,0.00 CS,0.00 CS,$0.00
POTATO CHIP NAT FRY 1/10 IN,EA,20,6/5 LB,$9.40,0.00 EA,0.00 EA,$0.00
CHICKEN WING STINGER PRCKD 1&2,CS,21,3/5 LB,$59.75,0.00 CS,0.00 CS,$0.00
CHICKEN WING STINGER PRCKD 1&2,EA,21,3/5 LB,$19.92,0.00 EA,0.00 EA,$0.00
BACON LAYFLAT PRCK,CS,22,2/150SLI,$38.25,0.00 CS,0.00 CS,$0.00
BACON LAYFLAT PRCK,EA,22,2/150SLI,$19.13,0.00 EA,0.00 EA,$0.00
OKRA CUT GR A IQF,CS,23,1/30 LB,$50.99,0.00 CS,0.00 CS,$0.00
OKRA CUT GR A IQF,EA,23,1/30 LB,$50.99,0.00 EA,0.00 EA,$0.00
CHICKEN THIGH BNLS/SKLS RAW,CS,24,4/10 LB,$137.28,0.00 CS,0.00 CS,$0.00
CHICKEN THIGH BNLS/SKLS RAW,EA,24,4/10 LB,$34.32,0.00 EA,0.00 EA,$0.00
TURKEY BRST SMK SLICE,CS,25,12/1LBS,$70.89,0.00 CS,0.00 CS,$0.00
TURKEY BRST SMK SLICE,EA,25,12/1LBS,$5.91,0.00 EA,0.00 EA,$0.00
POTATO FRY SPICY SPIRAL,CS,26,6/4 LB,$44.87,0.00 CS,0.00 CS,$0.00
POTATO FRY SPICY SPIRAL,EA,26,6/4 LB,$7.48,0.00 EA,0.00 EA,$0.00
BUN HAMBURGER MINI YEL SLMR3IN,CS,27,8/24 CT,$50.55,0.00 CS,0.00 CS,$0.00
BUN HAMBURGER MINI YEL SLMR3IN,EA,27,8/24 CT,$6.32,0.00 EA,0.00 EA,$0.00
TURKEY DICED WHITE IQF 3/8,CS,28,2/5 LB,$33.53,0.00 CS,0.00 CS,$0.00
TURKEY DICED WHITE IQF 3/8,EA,28,2/5 LB,$16.77,0.00 EA,0.00 EA,$0.00
TURKEY BURGER WHT MEAT,CS,29,30/5.3 OZ,$35.33,0.00 CS,0.00 CS,$0.00
TURKEY BURGER WHT MEAT,EA,29,30/5.3 OZ,$1.18,0.00 EA,0.00 EA,$0.00
POTATO TATER TOT VERSITOT,CS,30,6/5LB,$47.54,0.00 CS,0.00 CS,$0.00
POTATO TATER TOT VERSITOT,EA,30,6/5LB,$7.92,0.00 EA,0.00 EA,$0.00
CORN WHL KERNEL,CS,31,1/30LB,$40.91,0.00 CS,0.00 CS,$0.00
CORN WHL KERNEL,EA,31,1/30LB,$40.91,0.00 EA,0.00 EA,$0.00
CHICKEN BREADED PATTY WG SPICY,CS,32,156/3.05OZ,$110.72,0.00 CS,0.00 CS,$0.00
CHICKEN BREADED PATTY WG SPICY,EA,32,156/3.05OZ,$0.71,0.00 EA,0.00 EA,$0.00
CHICKEN LEG QUARTER IQF MARN,CS,33,48/10.8OZ,$55.04,0.00 CS,0.00 CS,$0.00
CHICKEN LEG QUARTER IQF MARN,EA,33,48/10.8OZ,$1.15,0.00 EA,0.00 EA,$0.00
CHICKEN DICED 1/2IN FC DRK/WHT,CS,34,2/5 LB,$47.26,0.00 CS,0.00 CS,$0.00
CHICKEN DICED 1/2IN FC DRK/WHT,EA,34,2/5 LB,$23.63,0.00 EA,0.00 EA,$0.00
CHICKEN DICED 1/2IN FC WHT,CS,35,2/5 LB,$50.52,0.00 CS,0.00 CS,$0.00
CHICKEN DICED 1/2IN FC WHT,EA,35,2/5 LB,$25.26,0.00 EA,0.00 EA,$0.00
HAM SLICED SMK H\W .5OZ FRESH,CS,36,6/2 LB,$64.71,0.00 CS,0.00 CS,$0.00
HAM SLICED SMK H\W .5OZ FRESH,EA,36,6/2 LB,$10.79,0.00 EA,0.00 EA,$0.00
DIP HUMMUS TRDTNL,CS,37,2/3.75LB,$35.08,0.00 CS,0.00 CS,$0.00
DIP HUMMUS TRDTNL,EA,37,2/3.75LB,$17.54,0.00 EA,0.00 EA,$0.00
SAUCE PESTO BASIL,CS,38,6/30 OZ,$82.59,0.00 CS,0.00 CS,$0.00
SAUCE PESTO BASIL,EA,38,6/30 OZ,$13.77,0.00 EA,0.00 EA,$0.00
CHICKEN BRST FIL ITAL BRD PRCK,CS,39,34/4.7 OZ,$55.81,0.00 CS,0.00 CS,$0.00
CHICKEN BRST FIL ITAL BRD PRCK,EA,39,34/4.7 OZ,$1.64,0.00 EA,0.00 EA,$0.00
CHICKEN TENDER HOMESTYL BRD FC,CS,40,1/20 LB,$67.28,0.00 CS,0.00 CS,$0.00
CHICKEN TENDER HOMESTYL BRD FC,EA,40,1/20 LB,$67.28,0.00 EA,0.00 EA,$0.00
EGGROLL PORK & VEG 3 OZ BULK,CS,41,1/72CT,$51.97,0.00 CS,0.00 CS,$0.00
EGGROLL PORK & VEG 3 OZ BULK,EA,41,1/72CT,$51.97,0.00 EA,0.00 EA,$0.00
BUN HOT DOG,CS,42,8/12 CT,$26.03,0.00 CS,0.00 CS,$0.00
BUN HOT DOG,EA,42,8/12 CT,$3.25,0.00 EA,0.00 EA,$0.00
POTATO H/BRN TRIANGLE 2 OZ,CS,43,6/5 LB,$56.32,0.00 CS,0.00 CS,$0.00
POTATO H/BRN TRIANGLE 2 OZ,EA,43,6/5 LB,$9.39,0.00 EA,0.00 EA,$0.00
BRATWURST 4X1 ORIGINAL NC RAW,CS,44,6/2.5 LB,$64.98,0.00 CS,0.00 CS,$0.00
BRATWURST 4X1 ORIGINAL NC RAW,EA,44,6/2.5 LB,$10.83,0.00 EA,0.00 EA,$0.00
SALSA PICANTE MEDIUM,CS,1,4/1 GAL,$65.64,0.00 CS,0.00 CS,$0.00
SALSA PICANTE MEDIUM,EA,1,4/1 GAL,$16.41,0.00 EA,0.00 EA,$0.00
BUTTER CUP USDA AA,CS,2,720/5 GM,$32.77,0.00 CS,0.00 CS,$0.00
BUTTER CUP USDA AA,EA,2,720/5 GM,$0.05,0.00 EA,0.00 EA,$0.00
JUICE ORANGE PURE PREMIUM,CS,3,8/59 OZ,$58.11,0.00 CS,0.00 CS,$0.00
JUICE ORANGE PURE PREMIUM,EA,3,8/59 OZ,$7.26,0.00 EA,0.00 EA,$0.00
SYRUP PANCAKE & WAFFLE,CS,4,4/1 GAL,$45.87,0.00 CS,0.00 CS,$0.00
SYRUP PANCAKE & WAFFLE,EA,4,4/1 GAL,$11.47,0.00 EA,0.00 EA,$0.00
MILK ALMOND PURE ASEPTIC ORIG,CS,5,6/32 OZ,$14.85,0.00 CS,0.00 CS,$0.00
MILK ALMOND PURE ASEPTIC ORIG,EA,5,6/32 OZ,$2.48,0.00 EA,0.00 EA,$0.00
SPINACH CELLO         4X2.5 LB,CS,6,4X2.5 LB,$23.84,0.00 CS,0.00 CS,$0.00
SPINACH CELLO         4X2.5 LB,EA,6,4X2.5 LB,$23.84,0.00 EA,0.00 EA,$0.00
CHEESE SPREAD LOAF PAST PROC,CS,7,6/5LB,$106.38,0.00 CS,0.00 CS,$0.00
CHEESE SPREAD LOAF PAST PROC,EA,7,6/5LB,$17.73,0.00 EA,0.00 EA,$0.00
CHEESE PROVOLONE SLI 8/20OZ,CS,8,8/1.25LB,$30.83,0.00 CS,0.00 CS,$0.00
CHEESE PROVOLONE SLI 8/20OZ,EA,8,8/1.25LB,$3.85,0.00 EA,0.00 EA,$0.00
CHEESE PEPPER JACK SLI .75 OZ,CS,9,6/1.5 LB,$27.62,0.00 CS,0.00 CS,$0.00
CHEESE PEPPER JACK SLI .75 OZ,EA,9,6/1.5 LB,$4.60,0.00 EA,0.00 EA,$0.00
CHEESE CHEDDAR JACK FEAT SHRD,CS,10,4/5 LB,$50.78,0.00 CS,0.00 CS,$0.00
CHEESE CHEDDAR JACK FEAT SHRD,EA,10,4/5 LB,$12.70,0.00 EA,0.00 EA,$0.00
BASE CHICKEN NO MSG ZTF,CS,11,6/1 LB,$51.81,0.00 CS,0.00 CS,$0.00
BASE CHICKEN NO MSG ZTF,EA,11,6/1 LB,$8.64,0.00 EA,0.00 EA,$0.00
BASE BEEF NO MSG 6/1 LB,CS,12,6/1 LB,$58.89,0.00 CS,0.00 CS,$0.00
BASE BEEF NO MSG 6/1 LB,EA,12,6/1 LB,$9.82,0.00 EA,0.00 EA,$0.00
CHEESE SWISS SLI .5 OZ,CS,13,8/1.25LB,$40.15,0.00 CS,0.00 CS,$0.00
CHEESE SWISS SLI .5 OZ,EA,13,8/1.25LB,$5.02,0.00 EA,0.00 EA,$0.00
CHEESE SPREAD PIMENTO,CS,14,2/5 LB,$48.68,0.00 CS,0.00 CS,$0.00
CHEESE SPREAD PIMENTO,EA,14,2/5 LB,$24.34,0.00 EA,0.00 EA,$0.00
CHEESE AMERICAN SLI 160 PM,CS,15,4/5 LB,$54.83,0.00 CS,0.00 CS,$0.00
CHEESE AMERICAN SLI 160 PM,EA,15,4/5 LB,$13.71,0.00 EA,0.00 EA,$0.00
CHEESE BLEND 5 FEA SHRD,CS,16,4/5 LB,$52.05,0.00 CS,0.00 CS,$0.00
CHEESE BLEND 5 FEA SHRD,EA,16,4/5 LB,$13.01,0.00 EA,0.00 EA,$0.00
BASE VEG NO MSG GF,CS,17,6/1 LB,$39.33,0.00 CS,0.00 CS,$0.00
BASE VEG NO MSG GF,EA,17,6/1 LB,$6.56,0.00 EA,0.00 EA,$0.00
MILK SOY VAN SILK ASP PRISMA,CS,18,18/8 OZ,$20.38,0.00 CS,0.00 CS,$0.00
MILK SOY VAN SILK ASP PRISMA,EA,18,18/8 OZ,$1.13,0.00 EA,0.00 EA,$0.00
MILK SOY VAN BAG,CS,19,1/2.5GAL,$22.45,0.00 CS,0.00 CS,$0.00
MILK SOY VAN BAG,EA,19,1/2.5GAL,$22.45,0.00 EA,0.00 EA,$0.00
MILK SOY ORIG ASEPTIC,CS,20,12/32 OZ,$29.70,0.00 CS,0.00 CS,$0.00
MILK SOY ORIG ASEPTIC,EA,20,12/32 OZ,$2.48,0.00 EA,0.00 EA,$0.00
YOGURT BLUBRY LF PARFAITPRO,CS,21,6/64 OZ,$38.08,0.00 CS,0.00 CS,$0.00
YOGURT BLUBRY LF PARFAITPRO,EA,21,6/64 OZ,$6.35,0.00 EA,0.00 EA,$0.00
YOGURT STRAWBERRY PARFAIT POUC,CS,22,6/4 LB,$38.08,0.00 CS,0.00 CS,$0.00
YOGURT STRAWBERRY PARFAIT POUC,EA,22,6/4 LB,$6.35,0.00 EA,0.00 EA,$0.00
YOGURT VANILLA PARFAIT POUCH,CS,23,6/4 LB,$38.08,0.00 CS,0.00 CS,$0.00
YOGURT VANILLA PARFAIT POUCH,EA,23,6/4 LB,$6.35,0.00 EA,0.00 EA,$0.00
MAYONNAISE REAL PACKET,CS,1,200/7/16OZ,$27.27,0.00 CS,0.00 CS,$0.00
MAYONNAISE REAL PACKET,EA,1,200/7/16OZ,$0.14,0.00 EA,0.00 EA,$0.00
KETCHUP PACKET FCY,CS,2,1000/9GM,$32.93,0.00 CS,0.00 CS,$0.00
KETCHUP PACKET FCY,EA,2,1000/9GM,$0.03,0.00 EA,0.00 EA,$0.00
SAUCE PICANTE PACKET MEDIUM,CS,3,200/.5OZ,$17.83,0.00 CS,0.00 CS,$0.00
SAUCE PICANTE PACKET MEDIUM,EA,3,200/.5OZ,$0.09,0.00 EA,0.00 EA,$0.00
LID PLAS STRAW SLOT 12-24OZ,CS,4,10/100CT,$26.35,0.00 CS,0.00 CS,$0.00
LID PLAS STRAW SLOT 12-24OZ,EA,4,10/100CT,$2.64,0.00 EA,0.00 EA,$0.00
SAUCE HOT,CS,5,24/5FOZ,$62.93,0.00 CS,0.00 CS,$0.00
SAUCE HOT,EA,5,24/5FOZ,$2.62,0.00 EA,0.00 EA,$0.00
JUICE APPLE ORIG PLAS,CS,6,8/64 OZ,$26.04,0.00 CS,0.00 CS,$0.00
JUICE APPLE ORIG PLAS,EA,6,8/64 OZ,$3.26,0.00 EA,0.00 EA,$0.00
CRANBERRY DRIED CRAISINS,CS,7,2/48 OZ,$17.74,0.00 CS,0.00 CS,$0.00
CRANBERRY DRIED CRAISINS,EA,7,2/48 OZ,$8.87,0.00 EA,0.00 EA,$0.00
ALMOND BLANCHED SLICED,CS,8,3/2LB,$60.59,0.00 CS,0.00 CS,$0.00
ALMOND BLANCHED SLICED,EA,8,3/2LB,$20.20,0.00 EA,0.00 EA,$0.00
HONEY PURE CLOVER GR A TSC JUG,CS,9,6/5 LB,$132.11,0.00 CS,0.00 CS,$0.00
HONEY PURE CLOVER GR A TSC JUG,EA,9,6/5 LB,$22.02,0.00 EA,0.00 EA,$0.00
SPREAD CHOC HZNUT NUTELLA,CS,10,2/6.6LB,$52.94,0.00 CS,0.00 CS,$0.00
SPREAD CHOC HZNUT NUTELLA,EA,10,2/6.6LB,$26.47,0.00 EA,0.00 EA,$0.00
PEANUT BUTTER CREAMY,CS,11,6/5 LB,$78.09,0.00 CS,0.00 CS,$0.00
PEANUT BUTTER CREAMY,EA,11,6/5 LB,$13.02,0.00 EA,0.00 EA,$0.00
OIL OLIVE EXTRA VIRGIN,CS,12,6/1 GAL,$256.01,0.00 CS,0.00 CS,$0.00
OIL OLIVE EXTRA VIRGIN,EA,12,6/1 GAL,$42.67,0.00 EA,0.00 EA,$0.00
SALT SEA GRINDER,CS,13,6/6 CT,$92.75,0.00 CS,0.00 CS,$0.00
SALT SEA GRINDER,EA,13,6/6 CT,$15.46,0.00 EA,0.00 EA,$0.00
NAPKIN DISP XPRESSNP NAT,CS,14,12/500 CT,$50.14,0.00 CS,0.00 CS,$0.00
NAPKIN DISP XPRESSNP NAT,EA,14,12/500 CT,$4.18,0.00 EA,0.00 EA,$0.00
FUEL CANNED CHAFING STEM WICK,CS,15,24/6HR,$50.85,0.00 CS,0.00 CS,$0.00
FUEL CANNED CHAFING STEM WICK,EA,15,24/6HR,$2.12,0.00 EA,0.00 EA,$0.00
WALNUT HALF & PIECES,CS,16,3/2LB,$55.60,0.00 CS,0.00 CS,$0.00
WALNUT HALF & PIECES,EA,16,3/2LB,$18.53,0.00 EA,0.00 EA,$0.00
LID PLAS CLR X-SLOT 16/24OZ,CS,17,1000/EACH,$47.01,0.00 CS,0.00 CS,$0.00
LID PLAS CLR X-SLOT 16/24OZ,EA,17,1000/EACH,$0.05,0.00 EA,0.00 EA,$0.00
CUP PAPER HOT 16OZ,CS,18,20/50 CT,$121.92,0.00 CS,0.00 CS,$0.00
CUP PAPER HOT 16OZ,EA,18,20/50 CT,$6.10,0.00 EA,0.00 EA,$0.00
CUP PLAS PET 16 OZ,CS,19,20/50 CT,$97.22,0.00 CS,0.00 CS,$0.00
CUP PLAS PET 16 OZ,EA,19,20/50 CT,$4.86,0.00 EA,0.00 EA,$0.00
CUP PLAS CLEAR 9 OZ KC9OF,CS,20,20/50CT,$68.98,0.00 CS,0.00 CS,$0.00
CUP PLAS CLEAR 9 OZ KC9OF,EA,20,20/50CT,$3.45,0.00 EA,0.00 EA,$0.00
PAN FOIL STM TBL FULL DP 3-3/8,CS,21,40/FULL,$53.47,0.00 CS,0.00 CS,$0.00
PAN FOIL STM TBL FULL DP 3-3/8,EA,21,40/FULL,$1.34,0.00 EA,0.00 EA,$0.00
LID FOIL F/FULL STM TBL PAN,CS,22,80/1EA,$58.71,0.00 CS,0.00 CS,$0.00
LID FOIL F/FULL STM TBL PAN,EA,22,80/1EA,$0.73,0.00 EA,0.00 EA,$0.00
KNIFE PLAS PP REFILL BLK SRS T,CS,23,24/40 CT,$38.05,0.00 CS,0.00 CS,$0.00
KNIFE PLAS PP REFILL BLK SRS T,EA,23,24/40 CT,$1.58,0.00 EA,0.00 EA,$0.00
FORK PLAS PS REFILL BLK SRS T,CS,24,24/40 CT,$45.75,1.00 CS,0.00 CS,$0.00
FORK PLAS PS REFILL BLK SRS T,EA,24,24/40 CT,$1.91,0.00 EA,0.00 EA,$0.00
SPOON PLAS SOUP PP REFILL BLK,CS,25,24/40 CT,$38.05,0.00 CS,0.00 CS,$0.00
SPOON PLAS SOUP PP REFILL BLK,EA,25,24/40 CT,$1.58,0.00 EA,0.00 EA,$0.00
SPICE PEPPERCORN BLK GRINDER,CS,26,6/6CT,$92.75,0.00 CS,0.00 CS,$0.00
SPICE PEPPERCORN BLK GRINDER,EA,26,6/6CT,$15.46,0.00 EA,0.00 EA,$0.00
GLOVE VINYL PF GENPURP MED,CS,27,10/100 CT,$37.47,0.00 CS,0.00 CS,$0.00
GLOVE VINYL PF GENPURP MED,EA,27,10/100 CT,$3.75,4.00 EA,0.00 EA,$0.00
GLOVE VINYL PF GENPURP LRG,CS,28,10/100 CT,$37.47,0.00 CS,0.00 CS,$0.00
GLOVE VINYL PF GENPURP LRG,EA,28,10/100 CT,$3.75,0.00 EA,0.00 EA,$0.00
SAUCE TABASCO PACKET,CS,29,200/3 GM,$15.96,0.00 CS,0.00 CS,$0.00
SAUCE TABASCO PACKET,EA,29,200/3 GM,$0.08,0.00 EA,0.00 EA,$0.00
BOWL PLAS BLK RND MICRWVBL,CS,30,500/16 OZ,$114.68,0.00 CS,0.00 CS,$0.00
BOWL PLAS BLK RND MICRWVBL,EA,30,500/16 OZ,$0.23,0.00 EA,0.00 EA,$0.00
GLOVE VINYL PF GENPURP XL,CS,31,10/100 CT,$37.47,0.00 CS,0.00 CS,$0.00
GLOVE VINYL PF GENPURP XL,EA,31,10/100 CT,$3.75,5.00 EA,0.00 EA,$0.00
SAUCE TARTAR CREAMY,CS,32,4/1 GAL,$76.71,0.00 CS,0.00 CS,$0.00
SAUCE TARTAR CREAMY,EA,32,4/1 GAL,$19.18,0.00 EA,0.00 EA,$0.00
SAUCE BBQ SWEET MEMPHIS,CS,33,4/1 GAL,$51.73,0.00 CS,0.00 CS,$0.00
SAUCE BBQ SWEET MEMPHIS,EA,33,4/1 GAL,$12.93,0.00 EA,0.00 EA,$0.00
SAUCE STEAK,CS,34,24/5 OZ,$77.45,0.00 CS,0.00 CS,$0.00
SAUCE STEAK,EA,34,24/5 OZ,$3.23,0.00 EA,0.00 EA,$0.00
DRINK MIX VARIETY,CS,35,32/21 OZ,$137.16,0.00 CS,0.00 CS,$0.00
DRINK MIX VARIETY,EA,35,32/21 OZ,$4.29,0.00 EA,0.00 EA,$0.00
FILM PVC ROLL 2000  W/SLI CUTR,CS,36,1/24 IN,$36.15,0.00 CS,0.00 CS,$0.00
FILM PVC ROLL 2000  W/SLI CUTR,EA,36,1/24 IN,$36.15,0.00 EA,0.00 EA,$0.00
Jelly Assorted Individual,case,37,,$14.63,0.00 case,0.00 case,$0.00
Jelly Assorted Individual,EA,37,,$14.63,0.00 EA,0.00 EA,$0.00
CEREAL ASSORTED FAV CUP PAK,CS,38,60/EA,$72.50,0.00 CS,0.00 CS,$0.00
CEREAL ASSORTED FAV CUP PAK,EA,38,60/EA,$1.21,0.00 EA,0.00 EA,$0.00
CEREAL HOT GRITS QUICK,CS,39,8/5LB,$39.85,0.00 CS,0.00 CS,$0.00
CEREAL HOT GRITS QUICK,EA,39,8/5LB,$4.98,0.00 EA,0.00 EA,$0.00
CEREAL HOT OAT QUICK,CS,40,12/42OZ,$63.34,0.00 CS,0.00 CS,$0.00
CEREAL HOT OAT QUICK,EA,40,12/42OZ,$5.28,0.00 EA,0.00 EA,$0.00
CEREAL ASSORTED ADULT CUP,CS,41,1/60 EA,$74.20,0.00 CS,0.00 CS,$0.00
CEREAL ASSORTED ADULT CUP,EA,41,1/60 EA,$74.20,0.00 EA,0.00 EA,$0.00
RICE PARBOILED PERFECT,CS,42,1/25 LB,$22.80,0.00 CS,0.00 CS,$0.00
RICE PARBOILED PERFECT,EA,42,1/25 LB,$22.80,0.00 EA,0.00 EA,$0.00
RICE PILAF BENS ORIG 6/36OZ,CS,43,6/36 OZ,$34.62,0.00 CS,0.00 CS,$0.00
RICE PILAF BENS ORIG 6/36OZ,EA,43,6/36 OZ,$5.77,0.00 EA,0.00 EA,$0.00
NAPKIN DINNER 16X15 2P 1/8 WHT,CS,44,24/126 CT,$59.86,0.00 CS,0.00 CS,$0.00
NAPKIN DINNER 16X15 2P 1/8 WHT,EA,44,24/126 CT,$2.49,0.00 EA,0.00 EA,$0.00
SAUCE WING GRLC PARMESAN,CS,45,4/64 OZ,$41.85,0.00 CS,0.00 CS,$0.00
SAUCE WING GRLC PARMESAN,EA,45,4/64 OZ,$10.46,0.00 EA,0.00 EA,$0.00
PAN COATING ARSL GRL CANOLA,CS,46,6/17 OZ,$40.09,0.00 CS,0.00 CS,$0.00
PAN COATING ARSL GRL CANOLA,EA,46,6/17 OZ,$6.68,0.00 EA,0.00 EA,$0.00
SAUCE TOMATO FANCY CA,CS,47,6/#10,$36.31,0.00 CS,0.00 CS,$0.00
SAUCE TOMATO FANCY CA,EA,47,6/#10,$6.05,0.00 EA,0.00 EA,$0.00
SAUCE MARINARA CA,CS,48,6/#10,$44.89,0.00 CS,0.00 CS,$0.00
SAUCE MARINARA CA,EA,48,6/#10,$7.48,0.00 EA,0.00 EA,$0.00
BEAN KIDNEY DK RED LOW SODIUM,CS,49,6/#10,$38.78,0.00 CS,0.00 CS,$0.00
BEAN KIDNEY DK RED LOW SODIUM,EA,49,6/#10,$6.46,0.00 EA,0.00 EA,$0.00
BEAN GARBANZO LOW SODIUM,CS,50,6/#10,$38.78,0.00 CS,0.00 CS,$0.00
BEAN GARBANZO LOW SODIUM,EA,50,6/#10,$6.46,0.00 EA,0.00 EA,$0.00
SOUP CREAM OF MUSHROOM COND,CS,51,12/50 OZ,$62.78,0.00 CS,0.00 CS,$0.00
SOUP CREAM OF MUSHROOM COND,EA,51,12/50 OZ,$5.23,0.00 EA,0.00 EA,$0.00
SUGAR BROWN DARK CANE,CS,52,24/1 LB,$34.58,0.00 CS,0.00 CS,$0.00
SUGAR BROWN DARK CANE,EA,52,24/1 LB,$1.44,0.00 EA,0.00 EA,$0.00
SEASONING FRUIT TAJIN,CS,53,12/5OZ,$28.77,0.00 CS,0.00 CS,$0.00
SEASONING FRUIT TAJIN,EA,53,12/5OZ,$2.40,0.00 EA,0.00 EA,$0.00
SAUCE PEPPER CHIPOTLE SALSA,CS,54,6/#10,$51.32,0.00 CS,0.00 CS,$0.00
SAUCE PEPPER CHIPOTLE SALSA,EA,54,6/#10,$8.55,0.00 EA,0.00 EA,$0.00
BAMBOO SHOOT SLI,CS,55,24/8 OZ,$37.04,0.00 CS,0.00 CS,$0.00
BAMBOO SHOOT SLI,EA,55,24/8 OZ,$1.54,0.00 EA,0.00 EA,$0.00
PEPPER JALAPENO SLI NACHO,CS,56,6/#10,$61.98,0.00 CS,0.00 CS,$0.00
PEPPER JALAPENO SLI NACHO,EA,56,6/#10,$10.33,0.00 EA,0.00 EA,$0.00
DRESSING HONEY DIJON,CS,57,4/1 GAL,$69.40,0.00 CS,0.00 CS,$0.00
DRESSING HONEY DIJON,EA,57,4/1 GAL,$17.35,0.00 EA,0.00 EA,$0.00
PEPPER RED ROASTED WHOLE,CS,58,12/28 OZ,$43.21,0.00 CS,0.00 CS,$0.00
PEPPER RED ROASTED WHOLE,EA,58,12/28 OZ,$3.60,0.00 EA,0.00 EA,$0.00
CEREAL APPLE JACKS,CS,59,4/31 OZ,$51.84,0.00 CS,0.00 CS,$0.00
CEREAL APPLE JACKS,EA,59,4/31 OZ,$12.96,0.00 EA,0.00 EA,$0.00
TOMATO CRUSHED NO SALT ADD CA,CS,60,6/102 OZ,$38.17,0.00 CS,0.00 CS,$0.00
TOMATO CRUSHED NO SALT ADD CA,EA,60,6/102 OZ,$6.36,0.00 EA,0.00 EA,$0.00
SAUCE HOLLANDAISE RTU,CS,61,6/34.32Z,$66.10,0.00 CS,0.00 CS,$0.00
SAUCE HOLLANDAISE RTU,EA,61,6/34.32Z,$11.02,0.00 EA,0.00 EA,$0.00
HONEY LIGHT EXTRA AMBER,CS,62,6/5 LB,$124.66,0.00 CS,0.00 CS,$0.00
HONEY LIGHT EXTRA AMBER,EA,62,6/5 LB,$20.78,0.00 EA,0.00 EA,$0.00
OIL CANOLA,CS,63,4/1 GAL,$46.47,0.00 CS,0.00 CS,$0.00
OIL CANOLA,EA,63,4/1 GAL,$11.62,0.00 EA,0.00 EA,$0.00
PEPPER CHIPOTLE IN ADOBO SAUCE,CS,64,12/7 OZ,$21.83,0.00 CS,0.00 CS,$0.00
PEPPER CHIPOTLE IN ADOBO SAUCE,EA,64,12/7 OZ,$1.82,0.00 EA,0.00 EA,$0.00
OLIVE QUEEN STFD 100/110 CT,CS,65,4/1 GAL,$156.34,0.00 CS,0.00 CS,$0.00
OLIVE QUEEN STFD 100/110 CT,EA,65,4/1 GAL,$39.09,0.00 EA,0.00 EA,$0.00
JUICE LEMON,CS,66,4/1GAL,$45.60,0.00 CS,0.00 CS,$0.00
JUICE LEMON,EA,66,4/1GAL,$11.40,0.00 EA,0.00 EA,$0.00
JUICE LIME,CS,67,4/1GAL,$55.11,0.00 CS,0.00 CS,$0.00
JUICE LIME,EA,67,4/1GAL,$13.78,0.00 EA,0.00 EA,$0.00
GLAZE BALSAMIC,CS,68,6/12.9OZ,$20.00,0.00 CS,0.00 CS,$0.00
GLAZE BALSAMIC,EA,68,6/12.9OZ,$3.33,0.00 EA,0.00 EA,$0.00
SAUCE SOY GLTN FREE LS SOD 4/1,CS,69,4/1 GAL,$81.66,0.00 CS,0.00 CS,$0.00
SAUCE SOY GLTN FREE LS SOD 4/1,EA,69,4/1 GAL,$20.42,0.00 EA,0.00 EA,$0.00
CEREAL FROSTED FLAKE BWLPK,CS,70,96/1 OZ,$48.40,0.00 CS,0.00 CS,$0.00
CEREAL FROSTED FLAKE BWLPK,EA,70,96/1 OZ,$0.50,0.00 EA,0.00 EA,$0.00
CEREAL COCOA PUFFS BWLPK 25%LS,CS,71,60/2 OZ,$70.69,0.00 CS,0.00 CS,$0.00
CEREAL COCOA PUFFS BWLPK 25%LS,EA,71,60/2 OZ,$1.18,0.00 EA,0.00 EA,$0.00
MAYONNAISE HEAVY DELUXE CG FR,CS,72,4/1 GAL,$91.20,0.00 CS,0.00 CS,$0.00
MAYONNAISE HEAVY DELUXE CG FR,EA,72,4/1 GAL,$22.80,0.00 EA,0.00 EA,$0.00
SAUCE HOT LOCO LOWCOUNTRY,CS,73,4/1 GAL,$82.63,0.00 CS,0.00 CS,$0.00
SAUCE HOT LOCO LOWCOUNTRY,EA,73,4/1 GAL,$20.66,0.00 EA,0.00 EA,$0.00
SYRUP PANCAKE & WAFFLE CUP,CS,74,100/1.4 OZ,$18.38,0.00 CS,0.00 CS,$0.00
SYRUP PANCAKE & WAFFLE CUP,EA,74,100/1.4 OZ,$0.18,0.00 EA,0.00 EA,$0.00
BREAKFAST BAR CINN TST CRNCH,CS,75,96/1.42OZ,$40.09,0.00 CS,0.00 CS,$0.00
BREAKFAST BAR CINN TST CRNCH,EA,75,96/1.42OZ,$0.42,0.00 EA,0.00 EA,$0.00
SEASONING CARIBBEAN JERK,EA,76,1/18 OZ,$16.01,0.00 EA,0.00 EA,$0.00
SEASONING CARIBBEAN JERK,EA,76,1/18 OZ,$16.01,0.00 EA,0.00 EA,$0.00
CROUTON GARLIC BUTR FRCH CUT,CS,77,4/2.5LB,$27.22,0.00 CS,0.00 CS,$0.00
CROUTON GARLIC BUTR FRCH CUT,EA,77,4/2.5LB,$6.80,0.00 EA,0.00 EA,$0.00
SAUCE BBQ MUSTARD FNGR LEEKEN,CS,78,4/1 GAL,$83.81,0.00 CS,0.00 CS,$0.00
SAUCE BBQ MUSTARD FNGR LEEKEN,EA,78,4/1 GAL,$20.95,0.00 EA,0.00 EA,$0.00
SPICE PEPPER BLK COARSE GRND,EA,79,1/1 LB,$17.78,0.00 EA,0.00 EA,$0.00
SPICE PEPPER BLK COARSE GRND,EA,79,1/1 LB,$17.78,0.00 EA,0.00 EA,$0.00
CHIP CORN REGULAR,CS,80,8/16OZ,$22.95,0.00 CS,0.00 CS,$0.00
CHIP CORN REGULAR,EA,80,8/16OZ,$2.87,0.00 EA,0.00 EA,$0.00
DRESSING MIX RANCH,CS,81,20/3.35OZ,$43.63,0.00 CS,0.00 CS,$0.00
DRESSING MIX RANCH,EA,81,20/3.35OZ,$2.18,0.00 EA,0.00 EA,$0.00
COCOA MIX HOT ABUELITA,CS,82,6/2LB,$91.66,0.00 CS,0.00 CS,$0.00
COCOA MIX HOT ABUELITA,EA,82,6/2LB,$15.28,0.00 EA,0.00 EA,$0.00
SALSA VERDE RSTD,CS,83,6/68OZ,$72.89,0.00 CS,0.00 CS,$0.00
SALSA VERDE RSTD,EA,83,6/68OZ,$12.15,0.00 EA,0.00 EA,$0.00
VINEGAR WHITE DSTD 5%,CS,84,6/1GAL,$26.46,0.00 CS,0.00 CS,$0.00
VINEGAR WHITE DSTD 5%,EA,84,6/1GAL,$4.41,0.00 EA,0.00 EA,$0.00
BUN HMBRGR CHALLAH 4IN,CS,85,1/60 CT,$31.75,0.00 CS,0.00 CS,$0.00
BUN HMBRGR CHALLAH 4IN,EA,85,1/60 CT,$31.75,0.00 EA,0.00 EA,$0.00
PASTA SPAGHETTI,CS,86,2/10 LB,$25.08,0.00 CS,0.00 CS,$0.00
PASTA SPAGHETTI,EA,86,2/10 LB,$12.54,0.00 EA,0.00 EA,$0.00
TORTILLA FLOUR PRESSED 6 IN,CS,87,12/24CT,$24.67,0.00 CS,0.00 CS,$0.00
TORTILLA FLOUR PRESSED 6 IN,EA,87,12/24CT,$2.06,0.00 EA,0.00 EA,$0.00
SEASONING OLD BAY,CS,88,6/24OZ,$79.34,0.00 CS,0.00 CS,$0.00
SEASONING OLD BAY,EA,88,6/24OZ,$13.22,0.00 EA,0.00 EA,$0.00
SALSA PICANTE MEDIUM,CS,89,4/1 GAL,$65.64,0.00 CS,0.00 CS,$0.00
SALSA PICANTE MEDIUM,EA,89,4/1 GAL,$16.41,0.00 EA,0.00 EA,$0.00
SEASONING CAJUN,CS,90,6/18OZ,$107.18,0.00 CS,0.00 CS,$0.00
SEASONING CAJUN,EA,90,6/18OZ,$17.86,0.00 EA,0.00 EA,$0.00
POTATO AU GRATIN CLASSIC CASS,CS,91,6/2.25LB,$68.09,0.00 CS,0.00 CS,$0.00
POTATO AU GRATIN CLASSIC CASS,EA,91,6/2.25LB,$11.35,0.00 EA,0.00 EA,$0.00
WRAP TORTILLA FLOUR 12,CS,92,8/12CT,$24.10,0.00 CS,0.00 CS,$0.00
WRAP TORTILLA FLOUR 12,EA,92,8/12CT,$3.01,0.00 EA,0.00 EA,$0.00
SYRUP PANCAKE & WAFFLE,CS,93,4/1 GAL,$45.87,0.00 CS,0.00 CS,$0.00
SYRUP PANCAKE & WAFFLE,EA,93,4/1 GAL,$11.47,0.00 EA,0.00 EA,$0.00
SPICE SESAME SEED BLK,EA,94,1/18OZ,$14.78,0.00 EA,0.00 EA,$0.00
SPICE SESAME SEED BLK,EA,94,1/18OZ,$14.78,0.00 EA,0.00 EA,$0.00
SPICE SESAME SEED WHL WHITE,EA,95,1/16OZ,$8.55,0.00 EA,0.00 EA,$0.00
SPICE SESAME SEED WHL WHITE,EA,95,1/16OZ,$8.55,0.00 EA,0.00 EA,$0.00
PASTA PENNE RIGATE,CS,96,2/10 LB,$25.08,0.00 CS,0.00 CS,$0.00
PASTA PENNE RIGATE,EA,96,2/10 LB,$12.54,0.00 EA,0.00 EA,$0.00
FOIL ALMN ROLL STD WGT 1000 FT,CS,97,1/18IN,$58.02,0.00 CS,0.00 CS,$0.00
FOIL ALMN ROLL STD WGT 1000 FT,EA,97,1/18IN,$58.02,0.00 EA,0.00 EA,$0.00
SEASONING STEAK MONTREAL,EA,98,1/29OZ,$14.79,0.00 EA,0.00 EA,$0.00
SEASONING STEAK MONTREAL,EA,98,1/29OZ,$14.79,0.00 EA,0.00 EA,$0.00
SPICE MUSTARD GROUND DRY,EA,99,1/1 LB,$9.63,0.00 EA,0.00 EA,$0.00
SPICE MUSTARD GROUND DRY,EA,99,1/1 LB,$9.63,0.00 EA,0.00 EA,$0.00
SEASONING BBQ MESQT,EA,100,1/26OZ,$18.09,0.00 EA,0.00 EA,$0.00
SEASONING BBQ MESQT,EA,100,1/26OZ,$18.09,0.00 EA,0.00 EA,$0.00
SAUCE MARINADE CRIOLLO MOJO,CS,101,6/1GAL,$52.17,0.00 CS,0.00 CS,$0.00
SAUCE MARINADE CRIOLLO MOJO,EA,101,6/1GAL,$8.70,0.00 EA,0.00 EA,$0.00
PASTA LASAGNA OVEN RDY GF,CS,102,12/10 OZ,$31.19,0.00 CS,0.00 CS,$0.00
PASTA LASAGNA OVEN RDY GF,EA,102,12/10 OZ,$2.60,0.00 EA,0.00 EA,$0.00
CEREAL GRANOLA OATSN HNY BLKPK,CS,103,4/50OZ,$68.25,0.00 CS,0.00 CS,$0.00
CEREAL GRANOLA OATSN HNY BLKPK,EA,103,4/50OZ,$17.06,0.00 EA,0.00 EA,$0.00
SAUCE JAMAICAN JERK RTU,CS,104,4/.5GAL,$69.51,0.00 CS,0.00 CS,$0.00
SAUCE JAMAICAN JERK RTU,EA,104,4/.5GAL,$17.38,0.00 EA,0.00 EA,$0.00
MIX SEASONING TACO,CS,105,6/22 OZ,$61.83,0.00 CS,0.00 CS,$0.00
MIX SEASONING TACO,EA,105,6/22 OZ,$10.31,0.00 EA,0.00 EA,$0.00
SEASONING BLACKENED REDFISH,EA,106,1/23OZ,$12.43,0.00 EA,0.00 EA,$0.00
SEASONING BLACKENED REDFISH,EA,106,1/23OZ,$12.43,0.00 EA,0.00 EA,$0.00
SPICE TURMERIC GROUND,EA,107,1/1LB,$14.42,0.00 EA,0.00 EA,$0.00
SPICE TURMERIC GROUND,EA,107,1/1LB,$14.42,0.00 EA,0.00 EA,$0.00
SPICE OREGANO GROUND,EA,108,1/13 OZ,$14.31,0.00 EA,0.00 EA,$0.00
SPICE OREGANO GROUND,EA,108,1/13 OZ,$14.31,0.00 EA,0.00 EA,$0.00
SPICE PAPRIKA HOT SMK,CS,109,1/20 OZ,$29.98,0.00 CS,0.00 CS,$0.00
SPICE PAPRIKA HOT SMK,EA,109,1/20 OZ,$29.98,0.00 EA,0.00 EA,$0.00
ONION PIECES FRENCH FRIED,CS,110,6/24OZ,$49.08,0.00 CS,0.00 CS,$0.00
ONION PIECES FRENCH FRIED,EA,110,6/24OZ,$8.18,0.00 EA,0.00 EA,$0.00
MARSHMALLOW MINI WHITE,CS,111,12/1 LB,$26.25,0.00 CS,0.00 CS,$0.00
MARSHMALLOW MINI WHITE,EA,111,12/1 LB,$2.19,0.00 EA,0.00 EA,$0.00
PEPPER CHIPOTLE MORITA PWDR IR,CS,112,1/20 OZ,$42.52,0.00 CS,0.00 CS,$0.00
PEPPER CHIPOTLE MORITA PWDR IR,EA,112,1/20 OZ,$42.52,0.00 EA,0.00 EA,$0.00
TORTILLA CORN WHITE 6 IN FRY,CS,113,6/160CT,$24.72,0.00 CS,0.00 CS,$0.00
TORTILLA CORN WHITE 6 IN FRY,EA,113,6/160CT,$4.12,0.00 EA,0.00 EA,$0.00
CEREAL FROOT LOOPS,CS,114,4/31 OZ,$49.25,0.00 CS,0.00 CS,$0.00
CEREAL FROOT LOOPS,EA,114,4/31 OZ,$12.31,0.00 EA,0.00 EA,$0.00
CEREAL FROSTED FLAKES,CS,115,4/40 OZ,$49.68,0.00 CS,0.00 CS,$0.00
CEREAL FROSTED FLAKES,EA,115,4/40 OZ,$12.42,0.00 EA,0.00 EA,$0.00
CEREAL CINNAMON TST CRUN CUP,CS,116,60/2 OZ,$70.69,0.00 CS,0.00 CS,$0.00
CEREAL CINNAMON TST CRUN CUP,EA,116,60/2 OZ,$1.18,0.00 EA,0.00 EA,$0.00
TOPPING MARSHMALLOW,CS,117,6/5#,$47.13,0.00 CS,0.00 CS,$0.00
TOPPING MARSHMALLOW,EA,117,6/5#,$7.86,0.00 EA,0.00 EA,$0.00
CEREAL CHEERIOS HNY NUT GLTN F,CS,118,4/39 OZ,$63.41,0.00 CS,0.00 CS,$0.00
CEREAL CHEERIOS HNY NUT GLTN F,EA,118,4/39 OZ,$15.85,0.00 EA,0.00 EA,$0.00
BEAN BLACK LOW SODIUM,CS,119,6/#10,$38.78,0.00 CS,0.00 CS,$0.00
BEAN BLACK LOW SODIUM,EA,119,6/#10,$6.46,0.00 EA,0.00 EA,$0.00
MAYONNAISE REAL,CS,1,4/1GAL,$95.92,0.00 CS,0.00 CS,$0.00
MAYONNAISE REAL,EA,1,4/1GAL,$23.98,0.00 EA,0.00 EA,$0.00
BEET PKLD SLI MED FCY,CS,2,6/#10,$46.98,0.00 CS,0.00 CS,$0.00
BEET PKLD SLI MED FCY,EA,2,6/#10,$7.83,0.00 EA,0.00 EA,$0.00
SAUCE HOISIN,CS,3,6/5 LB,$66.87,0.00 CS,0.00 CS,$0.00
SAUCE HOISIN,EA,3,6/5 LB,$11.15,0.00 EA,0.00 EA,$0.00
SPICE PICKLING WHL,EA,4,1/13 OZ,$13.45,0.00 EA,0.00 EA,$0.00
SPICE PICKLING WHL,EA,4,1/13 OZ,$13.45,0.00 EA,0.00 EA,$0.00
SPICE PEPPER RED CRUSHED,EA,5,1/3.25LB,$43.01,0.00 EA,0.00 EA,$0.00
SPICE PEPPER RED CRUSHED,EA,5,1/3.25LB,$43.01,0.00 EA,0.00 EA,$0.00
LINER PAN ARTISAN UNBLCH NATRL,CS,6,1000/16X24,$58.95,0.00 CS,0.00 CS,$0.00
LINER PAN ARTISAN UNBLCH NATRL,EA,6,1000/16X24,$0.06,0.00 EA,0.00 EA,$0.00
PASTA FARFALLE BOWTIE,CS,7,2/10 LB,$25.08,0.00 CS,0.00 CS,$0.00
PASTA FARFALLE BOWTIE,EA,7,2/10 LB,$12.54,0.00 EA,0.00 EA,$0.00
BREAD CRUMB JAP PANKO TOASTED,CS,8,1/25LB,$26.68,0.00 CS,0.00 CS,$0.00
BREAD CRUMB JAP PANKO TOASTED,EA,8,1/25LB,$26.68,0.00 EA,0.00 EA,$0.00
MIX PANCAKE BTRMLK COMPLT,CS,9,6/5 LB,$41.32,0.00 CS,0.00 CS,$0.00
MIX PANCAKE BTRMLK COMPLT,EA,9,6/5 LB,$6.89,0.00 EA,0.00 EA,$0.00
CHERRIES AMARENA,CS,10,2 / 6.6 LB,$149.83,0.00 CS,0.00 CS,$0.00
CHERRIES AMARENA,EA,10,2 / 6.6 LB,$74.92,0.00 EA,0.00 EA,$0.00
MIX GRAVY POULTRY LO SODIUM,CS,11,8/22.6 Z,$49.57,0.00 CS,0.00 CS,$0.00
MIX GRAVY POULTRY LO SODIUM,EA,11,8/22.6 Z,$6.20,0.00 EA,0.00 EA,$0.00
CHICKEN BRST STRIP TEMPURA RAW,CS,12,2/5 LB,$46.30,0.00 CS,0.00 CS,$0.00
CHICKEN BRST STRIP TEMPURA RAW,EA,12,2/5 LB,$23.15,0.00 EA,0.00 EA,$0.00
MOLASSES UNSULFURD,CS,13,4/1 GAL,$52.44,0.00 CS,0.00 CS,$0.00
MOLASSES UNSULFURD,EA,13,4/1 GAL,$13.11,0.00 EA,0.00 EA,$0.00
MILK COCONUT 13.66 OZ,CS,14,1/24 CT,$54.72,0.00 CS,0.00 CS,$0.00
MILK COCONUT 13.66 OZ,EA,14,1/24 CT,$54.72,0.00 EA,0.00 EA,$0.00
MIX GRAVY BROWN LOW SODIUM,CS,15,8/16 OZ,$38.50,0.00 CS,0.00 CS,$0.00
MIX GRAVY BROWN LOW SODIUM,EA,15,8/16 OZ,$4.81,0.00 EA,0.00 EA,$0.00
TORTILLA FLOUR 15IN BURRITO,CS,16,5/12 CT,$33.52,0.00 CS,0.00 CS,$0.00
TORTILLA FLOUR 15IN BURRITO,EA,16,5/12 CT,$6.70,0.00 EA,0.00 EA,$0.00
CHICKEN BRST NUG TEMPURA RAW,CS,17,2/5 LB,$39.55,0.00 CS,0.00 CS,$0.00
CHICKEN BRST NUG TEMPURA RAW,EA,17,2/5 LB,$19.78,0.00 EA,0.00 EA,$0.00
PAPER BUTCHER PINK 40#,CS,18,1/24 IN,$33.71,0.00 CS,0.00 CS,$0.00
PAPER BUTCHER PINK 40#,EA,18,1/24 IN,$33.71,0.00 EA,0.00 EA,$0.00
LAMB LEG BNLS RLD NET HALAL FZ,CS,19,6/3.5#AV,$8.71,0.00 CS,0.00 CS,$0.00
CACTUS STRIP TENDER IN BRNE,CS,20,6/#10,$33.06,0.00 CS,0.00 CS,$0.00
CACTUS STRIP TENDER IN BRNE,EA,20,6/#10,$5.51,0.00 EA,0.00 EA,$0.00
DOUGH COOKIE OATMEAL RSN EVRYD,CS,21,210/1.5 OZ,$74.41,0.00 CS,0.00 CS,$0.00
DOUGH COOKIE OATMEAL RSN EVRYD,EA,21,210/1.5 OZ,$0.35,0.00 EA,0.00 EA,$0.00
KOLACHE SAUSAGE EGG CHEESE,CS,22,72/2 OZ,$84.92,0.00 CS,0.00 CS,$0.00
KOLACHE SAUSAGE EGG CHEESE,EA,22,72/2 OZ,$1.18,0.00 EA,0.00 EA,$0.00
SAUCE PICANTE PKTS,CS,23,200/.5OZ,$25.90,0.00 CS,0.00 CS,$0.00
SAUCE PICANTE PKTS,EA,23,200/.5OZ,$0.13,0.00 EA,0.00 EA,$0.00
RICE BROWN WHLE GRN BENS 25LB,CS,24,1/25 LB,$29.74,0.00 CS,0.00 CS,$0.00
RICE BROWN WHLE GRN BENS 25LB,EA,24,1/25 LB,$29.74,0.00 EA,0.00 EA,$0.00
CHICKEN TENDER INCOGMEATO,CS,25,1/10LB,$74.09,0.00 CS,0.00 CS,$0.00
CHICKEN TENDER INCOGMEATO,EA,25,1/10LB,$74.09,0.00 EA,0.00 EA,$0.00
SAUCE HOT LOUISIANA,CS,26,24/6OZ,$25.99,0.00 CS,0.00 CS,$0.00
SAUCE HOT LOUISIANA,EA,26,24/6OZ,$1.08,0.00 EA,0.00 EA,$0.00
MUSTARD DIJON PLS JUG,CS,27,2/105 OZ,$48.26,0.00 CS,0.00 CS,$0.00
MUSTARD DIJON PLS JUG,EA,27,2/105 OZ,$24.13,0.00 EA,0.00 EA,$0.00
SAUCE ENCHILADA,CS,28,6/#10,$54.80,0.00 CS,0.00 CS,$0.00
SAUCE ENCHILADA,EA,28,6/#10,$9.13,0.00 EA,0.00 EA,$0.00
CORN MEAL YELLOW,CS,29,1/25 LB,$18.78,0.00 CS,0.00 CS,$0.00
CORN MEAL YELLOW,EA,29,1/25 LB,$18.78,0.00 EA,0.00 EA,$0.00
SAUCE STEAK 57,CS,30,24/5 OZ,$70.19,0.00 CS,0.00 CS,$0.00
SAUCE STEAK 57,EA,30,24/5 OZ,$2.92,0.00 EA,0.00 EA,$0.00
MIX WAFFLE BELGIAN,CS,31,12/2 LB,$56.77,0.00 CS,0.00 CS,$0.00
MIX WAFFLE BELGIAN,EA,31,12/2 LB,$4.73,0.00 EA,0.00 EA,$0.00
KETCHUP PACKET,CS,32,1000/9GM,$32.93,0.00 CS,0.00 CS,$0.00
KETCHUP PACKET,EA,32,1000/9GM,$0.03,0.00 EA,0.00 EA,$0.00
FUEL GAS BUTANE CANISTER,CS,33,12/8OZ,$28.56,0.00 CS,0.00 CS,$0.00
FUEL GAS BUTANE CANISTER,EA,33,12/8OZ,$2.38,0.00 EA,0.00 EA,$0.00
PIE PECAN SOUTHERN 10 IN,CS,34,6/36 OZ,$54.88,0.00 CS,0.00 CS,$0.00
PIE PECAN SOUTHERN 10 IN,EA,34,6/36 OZ,$9.15,0.00 EA,0.00 EA,$0.00
CRACKER SALTINE ZESTA,CS,35,500/2 PK,$25.41,0.00 CS,0.00 CS,$0.00
CRACKER SALTINE ZESTA,EA,35,500/2 PK,$0.05,0.00 EA,0.00 EA,$0.00
ORANGE MANDARIN WH SEG IN JCE,CS,36,6/#10,$86.46,0.00 CS,0.00 CS,$0.00
ORANGE MANDARIN WH SEG IN JCE,EA,36,6/#10,$14.41,0.00 EA,0.00 EA,$0.00
COFFEE GRND PIKES PLACE US,CS,37,28/9 OZ,$241.84,0.00 CS,0.00 CS,$0.00
COFFEE GRND PIKES PLACE US,EA,37,28/9 OZ,$8.64,0.00 EA,0.00 EA,$0.00
SODA CLUB,CS,38,24/10OZ,$23.71,0.00 CS,0.00 CS,$0.00
SODA CLUB,EA,38,24/10OZ,$0.99,0.00 EA,0.00 EA,$0.00
SAUCE BBQ GOLD SWEET & TANGY,CS,39,2/1GAL,$29.21,0.00 CS,0.00 CS,$0.00
SAUCE BBQ GOLD SWEET & TANGY,EA,39,2/1GAL,$14.61,0.00 EA,0.00 EA,$0.00
KOLACHE HAM BACON CHS,CS,40,72/2 OZ,$84.92,0.00 CS,0.00 CS,$0.00
KOLACHE HAM BACON CHS,EA,40,72/2 OZ,$1.18,0.00 EA,0.00 EA,$0.00
SPICE PEPPER BLK TABLE GRND,CS,41,1/25 LB,$363.02,0.00 CS,0.00 CS,$0.00
SPICE PEPPER BLK TABLE GRND,EA,41,1/25 LB,$363.00,0.00 EA,0.00 EA,$0.00
PAN COATING ARSL FOOD RELEASE,CS,42,6/17 OZ,$25.76,0.00 CS,0.00 CS,$0.00
PAN COATING ARSL FOOD RELEASE,EA,42,6/17 OZ,$4.29,0.00 EA,0.00 EA,$0.00
CUP SOUFFLE PAPR 4 OZ BX PLT,CS,43,10/250 CT,$63.06,0.00 CS,0.00 CS,$0.00
CUP SOUFFLE PAPR 4 OZ BX PLT,EA,43,10/250 CT,$6.31,0.00 EA,0.00 EA,$0.00
SAUCE TABASCO HOT BOTTLE MINI,CS,44,144/1/8OZ,$60.96,0.00 CS,0.00 CS,$0.00
SAUCE TABASCO HOT BOTTLE MINI,EA,44,144/1/8OZ,$0.42,0.00 EA,0.00 EA,$0.00
MIX CORNBREAD SOTHRN STY CMPLT,CS,45,6/5LB,$51.87,0.00 CS,0.00 CS,$0.00
MIX CORNBREAD SOTHRN STY CMPLT,EA,45,6/5LB,$8.64,0.00 EA,0.00 EA,$0.00
CANDY M&M PEANUT BX,CS,46,12/3.1 OZ,$15.26,0.00 CS,0.00 CS,$0.00
CANDY M&M PEANUT BX,EA,46,12/3.1 OZ,$1.27,0.00 EA,0.00 EA,$0.00
CANDY M&M PLAIN BOX,CS,47,12/3.1 OZ,$16.42,0.00 CS,0.00 CS,$0.00
CANDY M&M PLAIN BOX,EA,47,12/3.1 OZ,$1.37,0.00 EA,0.00 EA,$0.00
CANDY SOUR PATCH KID SFT&CHEWY,CS,48,12/3.5OZ,$10.81,0.00 CS,0.00 CS,$0.00
CANDY SOUR PATCH KID SFT&CHEWY,EA,48,12/3.5OZ,$0.90,0.00 EA,0.00 EA,$0.00
FRANK ALL-BEEF 8X1 6 IN,CS,49,1/10 LB,$51.98,0.00 CS,0.00 CS,$0.00
FRANK ALL-BEEF 8X1 6 IN,EA,49,1/10 LB,$51.98,0.00 EA,0.00 EA,$0.00
DOUGH PIZZA SELF RISE 7IN FTO,CS,50,72/6.6 OZ,$62.88,0.00 CS,0.00 CS,$0.00
DOUGH PIZZA SELF RISE 7IN FTO,EA,50,72/6.6 OZ,$0.87,0.00 EA,0.00 EA,$0.00
POPCORN KERNEL YELLOW,CS,51,1/20 LB,$17.37,0.00 CS,0.00 CS,$0.00
POPCORN KERNEL YELLOW,EA,51,1/20 LB,$17.37,0.00 EA,0.00 EA,$0.00
CHICKEN TNDR BRD ORIG FLAT,CS,52,2/5 LB,$34.54,0.00 CS,0.00 CS,$0.00
CHICKEN TNDR BRD ORIG FLAT,EA,52,2/5 LB,$17.27,0.00 EA,0.00 EA,$0.00
DRESSING CAESAR CRMY,CS,53,4/1 GAL,$62.96,0.00 CS,0.00 CS,$0.00
DRESSING CAESAR CRMY,EA,53,4/1 GAL,$15.74,0.00 EA,0.00 EA,$0.00
SALT KOSHER FLAKE COARSE,CS,54,12/3LB,$55.86,0.00 CS,0.00 CS,$0.00
SALT KOSHER FLAKE COARSE,EA,54,12/3LB,$4.66,0.00 EA,0.00 EA,$0.00
DRINK MIX STRAWBERRY FRZN,CS,55,12/32 OZ,$84.39,0.00 CS,0.00 CS,$0.00
DRINK MIX STRAWBERRY FRZN,EA,55,12/32 OZ,$7.03,0.00 EA,0.00 EA,$0.00
SANDWICH PEANUT BTR&STW WHEAT,CS,56,72/2.6OZ,$63.53,0.00 CS,0.00 CS,$0.00
SANDWICH PEANUT BTR&STW WHEAT,EA,56,72/2.6OZ,$0.88,0.00 EA,0.00 EA,$0.00
DRAGON FRUIT              9 CT,CS,57,9 CT,$39.20,0.00 CS,0.00 CS,$0.00
DRAGON FRUIT              9 CT,EA,57,9 CT,$39.20,0.00 EA,0.00 EA,$0.00
CHIP POTATO REG SNG SRV,CS,58,104/1OZ,$47.40,0.00 CS,0.00 CS,$0.00
CHIP POTATO REG SNG SRV,EA,58,104/1OZ,$0.46,0.00 EA,0.00 EA,$0.00
CHICKEN CVP BRST B/S RDM JUMBO,CS,59,4/10 LB,$80.06,0.00 CS,0.00 CS,$0.00
CHICKEN CVP BRST B/S RDM JUMBO,EA,59,4/10 LB,$20.02,0.00 EA,0.00 EA,$0.00
PASTA LINGUINI FINI,CS,60,2/10 LB,$25.08,0.00 CS,0.00 CS,$0.00
PASTA LINGUINI FINI,EA,60,2/10 LB,$12.54,0.00 EA,0.00 EA,$0.00
ONION RED SLICED 1/4      5 LB,EA,61,5 LB,$15.26,0.00 EA,0.00 EA,$0.00
ONION RED SLICED 1/4      5 LB,EA,61,5 LB,$15.26,0.00 EA,0.00 EA,$0.00
CABBAGE GREEN             1 CT,EA,62,1 CT,$6.07,0.00 EA,0.00 EA,$0.00
CABBAGE GREEN             1 CT,EA,62,1 CT,$6.07,0.00 EA,0.00 EA,$0.00
CAKE RED VELVET BSTRO,CS,63,24/2.5OZ,$41.51,0.00 CS,0.00 CS,$0.00
CAKE RED VELVET BSTRO,EA,63,24/2.5OZ,$1.73,0.00 EA,0.00 EA,$0.00
BASIL                     4 OZ,EA,64,4 OZ,$5.24,0.00 EA,0.00 EA,$0.00
BASIL                     4 OZ,EA,64,4 OZ,$5.24,0.00 EA,0.00 EA,$0.00
PASTA PENNE PROTEIN PLUS,CS,65,12/14.5OZ,$31.19,0.00 CS,0.00 CS,$0.00
PASTA PENNE PROTEIN PLUS,EA,65,12/14.5OZ,$2.60,0.00 EA,0.00 EA,$0.00
PINEAPPLE GOLDEN            CS,CS,66,CS,$25.91,0.00 CS,0.00 CS,$0.00
PINEAPPLE GOLDEN            CS,EA,66,CS,$25.91,0.00 EA,0.00 EA,$0.00
CREAMER NON-DAIRY IRISH CREME,CS,67,288/13 ML,$23.99,0.00 CS,0.00 CS,$0.00
CREAMER NON-DAIRY IRISH CREME,EA,67,288/13 ML,$0.08,0.00 EA,0.00 EA,$0.00
CHIP TORTILLA CORN WHT RND,CS,68,6/2LB,$31.19,0.00 CS,0.00 CS,$0.00
CHIP TORTILLA CORN WHT RND,EA,68,6/2LB,$5.20,0.00 EA,0.00 EA,$0.00
CUTLERY KIT SPORK/NAP/STRAW,CS,69,1/1000CT,$35.81,0.00 CS,0.00 CS,$0.00
CUTLERY KIT SPORK/NAP/STRAW,EA,69,1/1000CT,$35.81,0.00 EA,0.00 EA,$0.00
SNACK BAR GRANOLA VARIETY PAK,CS,70,120/.89 OZ,$49.35,0.00 CS,0.00 CS,$0.00
SNACK BAR GRANOLA VARIETY PAK,EA,70,120/.89 OZ,$0.41,0.00 EA,0.00 EA,$0.00
SUGAR BROWN LIGHT CANE,CS,71,12/2LB,$33.24,0.00 CS,0.00 CS,$0.00
SUGAR BROWN LIGHT CANE,EA,71,12/2LB,$2.77,0.00 EA,0.00 EA,$0.00
SAUCE GENERAL TSO,CS,72,4/.5GAL,$71.32,0.00 CS,0.00 CS,$0.00
SAUCE GENERAL TSO,EA,72,4/.5GAL,$17.83,0.00 EA,0.00 EA,$0.00
CEREAL RICE KRISPIES,CS,73,4/27OZ,$33.00,0.00 CS,0.00 CS,$0.00
CEREAL RICE KRISPIES,EA,73,4/27OZ,$8.25,0.00 EA,0.00 EA,$0.00
DOUGH BISCUIT ZT SOTHRN STYL,CS,74,216/2.2 OZ,$63.76,0.00 CS,0.00 CS,$0.00
DOUGH BISCUIT ZT SOTHRN STYL,EA,74,216/2.2 OZ,$0.30,0.00 EA,0.00 EA,$0.00
CEREAL LUCKY CHARM GLTN FR BLK,CS,75,4/35OZ,$59.20,0.00 CS,0.00 CS,$0.00
CEREAL LUCKY CHARM GLTN FR BLK,EA,75,4/35OZ,$14.80,0.00 EA,0.00 EA,$0.00
BEGGARS PURSE FIG & MASCARPONE K753,CS,76,100 / 0.72 OZ,$121.82,0.00 CS,0.00 CS,$0.00
BEGGARS PURSE FIG & MASCARPONE K753,EA,76,100 / 0.72 OZ,$1.22,0.00 EA,0.00 EA,$0.00
CHEDDAR WINDSOR RED,CS,77,2 / 2.5 LB,$11.65,0.00 CS,0.00 CS,$0.00
DRAGON SLAYER ALE & MUSTARD CHEDDAR EW,CS,78,10 / 7 OZ,$88.28,0.00 CS,0.00 CS,$0.00
DRAGON SLAYER ALE & MUSTARD CHEDDAR EW,EA,78,10 / 7 OZ,$8.83,0.00 EA,0.00 EA,$0.00
OLIVE SALAD MIXED PITTED,CS,79,6 / 2.4 LB,$85.40,0.00 CS,0.00 CS,$0.00
OLIVE SALAD MIXED PITTED,EA,79,6 / 2.4 LB,$14.23,0.00 EA,0.00 EA,$0.00
DATES PITTED IMPORTED 7 LB,CS,80,1 / 7 LB,$30.85,0.00 CS,0.00 CS,$0.00
DATES PITTED IMPORTED 7 LB,EA,80,1 / 7 LB,$30.85,0.00 EA,0.00 EA,$0.00
BLUE CHEESE WEDGE,CS,81,16 / 4 OZ,$42.63,0.00 CS,0.00 CS,$0.00
BLUE CHEESE WEDGE,EA,81,16 / 4 OZ,$2.66,0.00 EA,0.00 EA,$0.00
GOUDA REYPENAER VSOP 2 YEAR EW,CS,82,12 / 4.7 OZ,$115.02,0.00 CS,0.00 CS,$0.00
GOUDA REYPENAER VSOP 2 YEAR EW,EA,82,12 / 4.7 OZ,$9.58,0.00 EA,0.00 EA,$0.00
CHEESECAKE LOLLIPOPS ASSORTED,CS,83,1 / 50 CT,$55.26,0.00 CS,0.00 CS,$0.00
CHEESECAKE LOLLIPOPS ASSORTED,EA,83,1 / 50 CT,$55.26,0.00 EA,0.00 EA,$0.00
SOBA NOODLE JAPANESE STYLE,CS,84,12 / 32 OZ,$134.29,0.00 CS,0.00 CS,$0.00
SOBA NOODLE JAPANESE STYLE,EA,84,12 / 32 OZ,$11.19,0.00 EA,0.00 EA,$0.00
CALZONE PEPPERONI K885,CS,85,100 / 1 OZ,$136.92,0.00 CS,0.00 CS,$0.00
CALZONE PEPPERONI K885,EA,85,100 / 1 OZ,$1.37,0.00 EA,0.00 EA,$0.00
MUSHROOMS MARINATED W/GARLIC & HERBS,CS,86,2 / 6.25 LB,$105.49,0.00 CS,0.00 CS,$0.00
MUSHROOMS MARINATED W/GARLIC & HERBS,EA,86,2 / 6.25 LB,$52.75,0.00 EA,0.00 EA,$0.00
ANDOUILLE EN CROUTE K706,CS,87,200 / 1.1 OZ,$238.42,0.00 CS,0.00 CS,$0.00
ANDOUILLE EN CROUTE K706,EA,87,200 / 1.1 OZ,$1.19,0.00 EA,0.00 EA,$0.00
Pringles Original Grb   Go,CS,88,12/2.36 oz,$15.25,0.00 CS,0.00 CS,$0.00
Pringles Original Grb   Go,EA,88,12/2.36 oz,$1.27,0.00 EA,0.00 EA,$0.00
Crckrs ChzIt Grvs Shrp WtChddr,CS,89,6/3.25 oz,$10.09,0.00 CS,0.00 CS,$0.00
Crckrs ChzIt Grvs Shrp WtChddr,EA,89,6/3.25 oz,$1.68,0.00 EA,0.00 EA,$0.00
Crackers Duoz Sharp Cheddar,CS,90,6/4.3 oz,$10.09,0.00 CS,0.00 CS,$0.00
Crackers Duoz Sharp Cheddar,EA,90,6/4.3 oz,$1.68,0.00 EA,0.00 EA,$0.00
Trail Mix Crnbry Almond Cashew,CS,91,14/1.85 oz,$20.16,0.00 CS,0.00 CS,$0.00
Trail Mix Crnbry Almond Cashew,EA,91,14/1.85 oz,$1.44,0.00 EA,0.00 EA,$0.00
Almond Dark Choc Coated,CS,92,14/2 oz,$32.02,0.00 CS,0.00 CS,$0.00
Almond Dark Choc Coated,EA,92,14/2 oz,$2.29,0.00 EA,0.00 EA,$0.00
Cheez It Double Cheese Snapd,CS,93,6/2.2 oz,$10.09,0.00 CS,0.00 CS,$0.00
Cheez It Double Cheese Snapd,EA,93,6/2.2 oz,$1.68,0.00 EA,0.00 EA,$0.00
Cheez It Cheddar Sour Cream,CS,94,6/2.2 oz,$10.09,0.00 CS,0.00 CS,$0.00
Cheez It Cheddar Sour Cream,EA,94,6/2.2 oz,$1.68,0.00 EA,0.00 EA,$0.00
Omega 3 Mix,CS,95,14/2 oz,$22.19,0.00 CS,0.00 CS,$0.00
Omega 3 Mix,EA,95,14/2 oz,$1.58,0.00 EA,0.00 EA,$0.00
CHORIZO IBERICO MILD,CS,96,10 / 7 OZ,$123.90,0.00 CS,0.00 CS,$0.00
CHORIZO IBERICO MILD,EA,96,10 / 7 OZ,$12.39,0.00 EA,0.00 EA,$0.00
MOBAY SHEEP AND GOATS MILK,CS,97,1 / 10 LB,$19.46,0.00 CS,0.00 CS,$0.00
GELATIN SHEETS SILVER,CS,98,1 / 500 CT,$63.83,0.00 CS,0.00 CS,$0.00
GELATIN SHEETS SILVER,EA,98,1 / 500 CT,$63.83,0.00 EA,0.00 EA,$0.00
BAKLAVA TRIANGLE CLASSIC,CS,99,1 / 48 CT,$54.67,0.00 CS,0.00 CS,$0.00
BAKLAVA TRIANGLE CLASSIC,EA,99,1 / 48 CT,$54.67,0.00 EA,0.00 EA,$0.00
PEACH CLEMENTINE,CS,100,6 / 8.75 OZ,$51.35,0.00 CS,0.00 CS,$0.00
PEACH CLEMENTINE,EA,100,6 / 8.75 OZ,$8.56,0.00 EA,0.00 EA,$0.00
JAM JALAPENO RASPBERRY,CS,101,12 / 10 OZ,$88.75,0.00 CS,0.00 CS,$0.00
JAM JALAPENO RASPBERRY,EA,101,12 / 10 OZ,$7.40,0.00 EA,0.00 EA,$0.00
OLIVES GORDAL PITTED,CS,102,4 / 1 GA,$260.46,0.00 CS,0.00 CS,$0.00
OLIVES GORDAL PITTED,EA,102,4 / 1 GA,$65.12,0.00 EA,0.00 EA,$0.00
ST ANDRE MINI,CS,103,6 / 7 OZ,$52.85,0.00 CS,0.00 CS,$0.00
ST ANDRE MINI,EA,103,6 / 7 OZ,$8.81,0.00 EA,0.00 EA,$0.00
SOPRESSATA W/MOLD,CS,104,1 / 6 LB,$13.67,0.00 CS,0.00 CS,$0.00
DUCK PASTRAMI,CS,105,2 / 0.75 LB,$51.25,0.00 CS,0.00 CS,$0.00
PROSCIUTTO DI PARMA 400 DAYS,CS,106,1 / 17 LB,$15.69,0.00 CS,0.00 CS,$0.00
BLEU AUVERGNE AOC FRENCH,CS,107,1 / 3 LB,$16.93,0.00 CS,0.00 CS,$0.00
ALMONDS MARCONA FRIED/SALTED 14/16,CS,108,1 / 11 LB,$200.77,0.00 CS,0.00 CS,$0.00
ALMONDS MARCONA FRIED/SALTED 14/16,EA,108,1 / 11 LB,$200.80,0.00 EA,0.00 EA,$0.00
CORNICHONS IN VINEGAR 4 KG TIN,CS,109,1 / 9 LB,$35.80,0.00 CS,0.00 CS,$0.00
CORNICHONS IN VINEGAR 4 KG TIN,EA,109,1 / 9 LB,$35.80,0.00 EA,0.00 EA,$0.00
Pop Tarts Strawberry Bites,CS,110,6/3.5 oz,$11.98,0.00 CS,0.00 CS,$0.00
Pop Tarts Strawberry Bites,EA,110,6/3.5 oz,$2.00,0.00 EA,0.00 EA,$0.00
Rice Krispies Trts BgBr Orig,BX,111,12/2.2 oz,$15.25,0.00 BX,0.00 BX,$0.00
Rice Krispies Trts BgBr Orig,EA,111,12/2.2 oz,$1.27,0.00 EA,0.00 EA,$0.00
Cereal Bar Strwbry Tff,BX,112,16/1.3 oz,$12.00,0.00 BX,0.00 BX,$0.00
Cereal Bar Strwbry Tff,EA,112,16/1.3 oz,$0.75,0.00 EA,0.00 EA,$0.00
Crackers Ritz Bits Cheese,CS,113,12/3 oz,$18.01,0.00 CS,0.00 CS,$0.00
Crackers Ritz Bits Cheese,EA,113,12/3 oz,$1.50,0.00 EA,0.00 EA,$0.00
Crackers Cheez It Orig,BX,114,8/1.5 oz,$5.52,0.00 BX,0.00 BX,$0.00
Crackers Cheez It Orig,EA,114,8/1.5 oz,$0.69,0.00 EA,0.00 EA,$0.00
Pringles Sour Crm   On Grb Go,CS,115,12/2.5 oz,$15.25,0.00 CS,0.00 CS,$0.00
Pringles Sour Crm   On Grb Go,EA,115,12/2.5 oz,$1.27,0.00 EA,0.00 EA,$0.00
Pop Tart Frosted Strawberry,BX,116,6/3.3 oz,$5.23,0.00 BX,0.00 BX,$0.00
Pop Tart Frosted Strawberry,EA,116,6/3.3 oz,$0.87,0.00 EA,0.00 EA,$0.00
Bar Blueberry,BX,117,16/1.3 oz,$12.00,0.00 BX,0.00 BX,$0.00
Bar Blueberry,EA,117,16/1.3 oz,$0.75,0.00 EA,0.00 EA,$0.00
Rice Krispie Trt Choc Chip WG,BX,118,20/1.59 oz,$12.83,0.00 BX,0.00 BX,$0.00
Rice Krispie Trt Choc Chip WG,EA,118,20/1.59 oz,$0.64,0.00 EA,0.00 EA,$0.00
Bar Honey Cinnamon Peanut,BX,119,12/1.94 oz,$23.09,0.00 BX,0.00 BX,$0.00
Bar Honey Cinnamon Peanut,EA,119,12/1.94 oz,$1.92,0.00 EA,0.00 EA,$0.00
Cookie Choc Chip Big 2 Pack Iw,CS,120,60/2.5 oz,$39.24,0.00 CS,0.00 CS,$0.00
Cookie Choc Chip Big 2 Pack Iw,EA,120,60/2.5 oz,$0.65,0.00 EA,0.00 EA,$0.00
Cheez It Douz Bacon   Cheddar,CS,121,6/4.3 oz,$10.09,0.00 CS,0.00 CS,$0.00
Cheez It Douz Bacon   Cheddar,EA,121,6/4.3 oz,$1.68,0.00 EA,0.00 EA,$0.00
Pringles Pizza Grab NGo,CS,122,12/2.5 oz,$15.25,0.00 CS,0.00 CS,$0.00
Pringles Pizza Grab NGo,EA,122,12/2.5 oz,$1.27,0.00 EA,0.00 EA,$0.00
Awake Chocolate Dark Mint,BX,123,50/.48 oz,$31.05,0.00 BX,0.00 BX,$0.00
Awake Chocolate Dark Mint,EA,123,50/.48 oz,$0.62,0.00 EA,0.00 EA,$0.00
Almonds Dark Chocolate,CS,124,30/2 oz,$65.70,0.00 CS,0.00 CS,$0.00
Almonds Dark Chocolate,EA,124,30/2 oz,$2.19,0.00 EA,0.00 EA,$0.00
Pringles Barbecue,CS,125,12/1.4 oz,$9.58,0.00 CS,0.00 CS,$0.00
Pringles Barbecue,EA,125,12/1.4 oz,$0.80,0.00 EA,0.00 EA,$0.00
Bar Chocolate Caramel,BX,126,12/1.55 oz,$17.25,0.00 BX,0.00 BX,$0.00
Bar Chocolate Caramel,EA,126,12/1.55 oz,$1.44,0.00 EA,0.00 EA,$0.00
Pringles Salt Vinegar Grab Go,CS,127,12/2.5 oz,$15.25,0.00 CS,0.00 CS,$0.00
Pringles Salt Vinegar Grab Go,EA,127,12/2.5 oz,$1.27,0.00 EA,0.00 EA,$0.00
CheezIt Puffd White Cheddar,CS,128,6/3 oz,$10.09,0.00 CS,0.00 CS,$0.00
CheezIt Puffd White Cheddar,EA,128,6/3 oz,$1.68,0.00 EA,0.00 EA,$0.00
Chocolate Bites Milk,BX,129,50/.53 oz,$31.05,0.00 BX,0.00 BX,$0.00
Chocolate Bites Milk,EA,129,50/.53 oz,$0.62,0.00 EA,0.00 EA,$0.00
Bar Cran Alm   Antioxdnts,BX,130,12/1.4 oz,$18.73,0.00 BX,0.00 BX,$0.00
Bar Cran Alm   Antioxdnts,EA,130,12/1.4 oz,$1.56,0.00 EA,0.00 EA,$0.00
Bar Dk Choc Cherry Csh A,BX,131,12/1.4 oz,$18.73,0.00 BX,0.00 BX,$0.00
Bar Dk Choc Cherry Csh A,EA,131,12/1.4 oz,$1.56,0.00 EA,0.00 EA,$0.00
Bites Singles Changemaker PB,BX,132,50/0.58 oz,$31.05,0.00 BX,0.00 BX,$0.00
Bites Singles Changemaker PB,EA,132,50/0.58 oz,$0.62,0.00 EA,0.00 EA,$0.00
Bar Protein Caramel Cashew,BX,133,12/1.94 oz,$26.72,0.00 BX,0.00 BX,$0.00
Bar Protein Caramel Cashew,EA,133,12/1.94 oz,$2.23,0.00 EA,0.00 EA,$0.00
PAD SCOUR XHV NYLON 3.5X6 BLUE,CS,134,1/20 CT,$10.51,0.00 CS,0.00 CS,$0.00
PAD SCOUR XHV NYLON 3.5X6 BLUE,EA,134,1/20 CT,$10.51,0.00 EA,0.00 EA,$0.00
EGG SHELL LARGE GR AA USDA WHT,CS,135,1/15 DZ,$30.67,0.00 CS,0.00 CS,$0.00
EGG SHELL LARGE GR AA USDA WHT,EA,135,1/15 DZ,$30.67,0.00 EA,0.00 EA,$0.00
CARROT MIXED COLOR       25 LB,CS,136,25 LB,$35.20,0.00 CS,0.00 CS,$0.00
CARROT MIXED COLOR       25 LB,EA,136,25 LB,$35.20,0.00 EA,0.00 EA,$0.00
DRESSING RASPBERRY VINGRT F/F,CS,137,60/1.5 OZ,$20.31,0.00 CS,0.00 CS,$0.00
DRESSING RASPBERRY VINGRT F/F,EA,137,60/1.5 OZ,$0.34,0.00 EA,0.00 EA,$0.00
DRESSING RANCH FAT FREE,CS,138,60/1.5 OZ,$25.78,0.00 CS,0.00 CS,$0.00
DRESSING RANCH FAT FREE,EA,138,60/1.5 OZ,$0.43,0.00 EA,0.00 EA,$0.00
DRESSING ITALIAN FAT FREE,CS,139,60/1.5 OZ,$21.25,0.00 CS,0.00 CS,$0.00
DRESSING ITALIAN FAT FREE,EA,139,60/1.5 OZ,$0.35,0.00 EA,0.00 EA,$0.00
CHIP POTATO BBQ LSS,CS,140,64/1.5 OZ,$45.90,0.00 CS,0.00 CS,$0.00
CHIP POTATO BBQ LSS,EA,140,64/1.5 OZ,$0.72,0.00 EA,0.00 EA,$0.00
CHIP TORTILLA COOL RANCH LSS,CS,141,64/1.75OZ,$45.90,0.00 CS,0.00 CS,$0.00
CHIP TORTILLA COOL RANCH LSS,EA,141,64/1.75OZ,$0.72,0.00 EA,0.00 EA,$0.00
CHIP MULTIGRAIN ORIG BIG GRAB,CS,142,64/1.5OZ,$45.90,0.00 CS,0.00 CS,$0.00
CHIP MULTIGRAIN ORIG BIG GRAB,EA,142,64/1.5OZ,$0.72,0.00 EA,0.00 EA,$0.00
CONTAINER PLAS HNG BL/CL 1COMP,CS,143,112/9X9IN,$45.10,0.00 CS,0.00 CS,$0.00
CONTAINER PLAS HNG BL/CL 1COMP,EA,143,112/9X9IN,$0.40,0.00 EA,0.00 EA,$0.00
COFFEE GRND PIKES PLACE US,CS,144,32/5 OZ,$153.55,0.00 CS,0.00 CS,$0.00
COFFEE GRND PIKES PLACE US,EA,144,32/5 OZ,$4.80,0.00 EA,0.00 EA,$0.00
PORK CHOP SEASONED 1412 CUT,CS,145,32/5 OZ,$42.64,0.00 CS,0.00 CS,$0.00
PORK CHOP SEASONED 1412 CUT,EA,145,32/5 OZ,$1.33,0.00 EA,0.00 EA,$0.00
COBBLER PEACH HMSTY 96 OZ,CS,146,4/96 OZ,$55.37,0.00 CS,0.00 CS,$0.00
COBBLER PEACH HMSTY 96 OZ,EA,146,4/96 OZ,$13.84,0.00 EA,0.00 EA,$0.00
KETCHUP BTLD ORGANIC,CS,147,6/14 OZ,$16.32,0.00 CS,0.00 CS,$0.00
KETCHUP BTLD ORGANIC,EA,147,6/14 OZ,$2.72,0.00 EA,0.00 EA,$0.00
JUICE ORANGE PURE PREM CRTN,CS,148,48/6 OZ,$33.73,0.00 CS,0.00 CS,$0.00
JUICE ORANGE PURE PREM CRTN,EA,148,48/6 OZ,$0.70,0.00 EA,0.00 EA,$0.00
MUFFIN ENGLISH WHL GRAIN SLI,CS,149,72/2 OZ,$25.67,0.00 CS,0.00 CS,$0.00
MUFFIN ENGLISH WHL GRAIN SLI,EA,149,72/2 OZ,$0.36,0.00 EA,0.00 EA,$0.00
WATER SPARKLING BLD ORGE SLEEK,CS,150,24/330 ML,$24.90,0.00 CS,0.00 CS,$0.00
WATER SPARKLING BLD ORGE SLEEK,EA,150,24/330 ML,$1.04,0.00 EA,0.00 EA,$0.00
SEASONING VEGETABLE GRL MATE,EA,151,1/20 OZ,$14.85,0.00 EA,0.00 EA,$0.00
SEASONING VEGETABLE GRL MATE,EA,151,1/20 OZ,$14.85,0.00 EA,0.00 EA,$0.00
BEEF ROAST TOP RND C\O CH NAT,CS,152,2/7#AVG,$10.82,0.00 CS,0.00 CS,$0.00
STIR FRY MIX            4X5 LB,CS,153,4X5 LB,$70.10,0.00 CS,0.00 CS,$0.00
STIR FRY MIX            4X5 LB,EA,153,4X5 LB,$70.10,0.00 EA,0.00 EA,$0.00
PIZZA FOUR CHS 8,CS,154,24/8 IN,$65.42,0.00 CS,0.00 CS,$0.00
PIZZA FOUR CHS 8,EA,154,24/8 IN,$2.73,0.00 EA,0.00 EA,$0.00
MAYONNAISE LITE,CS,155,4/1 GAL,$81.53,0.00 CS,0.00 CS,$0.00
MAYONNAISE LITE,EA,155,4/1 GAL,$20.38,0.00 EA,0.00 EA,$0.00
KETCHUP SQUEEZE UPSIDE DOWN,CS,156,30/20OZ,$63.83,0.00 CS,0.00 CS,$0.00
KETCHUP SQUEEZE UPSIDE DOWN,EA,156,30/20OZ,$2.13,0.00 EA,0.00 EA,$0.00
CHIP TORTILLA YEL 4 IN CUT,CS,157,1/30 LB,$26.57,0.00 CS,0.00 CS,$0.00
CHIP TORTILLA YEL 4 IN CUT,EA,157,1/30 LB,$26.57,0.00 EA,0.00 EA,$0.00
POTATO B RED              5 LB,EA,158,5 LB,$7.81,0.00 EA,0.00 EA,$0.00
POTATO B RED              5 LB,EA,158,5 LB,$7.81,0.00 EA,0.00 EA,$0.00
PEAS BLACKEYE            50 LB,CS,159,50 LB,$67.70,0.00 CS,0.00 CS,$0.00
PEAS BLACKEYE            50 LB,EA,159,50 LB,$67.70,0.00 EA,0.00 EA,$0.00
BROCCOLI CROWNS          20 LB,CS,160,20 LB,$32.15,0.00 CS,0.00 CS,$0.00
BROCCOLI CROWNS          20 LB,EA,160,20 LB,$32.15,0.00 EA,0.00 EA,$0.00
PEPPER BELL GREEN         5 LB,EA,161,5 LB,$13.40,0.00 EA,0.00 EA,$0.00
PEPPER BELL GREEN         5 LB,EA,161,5 LB,$13.40,0.00 EA,0.00 EA,$0.00
PEPPER BELL RED           5 LB,EA,162,5 LB,$12.55,0.00 EA,0.00 EA,$0.00
PEPPER BELL RED           5 LB,EA,162,5 LB,$12.55,0.00 EA,0.00 EA,$0.00
PEPPER BELL YELLOW        5 LB,EA,163,5 LB,$11.05,0.00 EA,0.00 EA,$0.00
PEPPER BELL YELLOW        5 LB,EA,163,5 LB,$11.05,0.00 EA,0.00 EA,$0.00
CELERY                   24 CT,CS,164,24 CT,$43.25,0.00 CS,0.00 CS,$0.00
CELERY                   24 CT,EA,164,24 CT,$43.25,0.00 EA,0.00 EA,$0.00
CHEESE BRIE PLAIN 60% DOMSTC,CS,165,2/2LB,$24.21,0.00 CS,0.00 CS,$0.00
CHEESE BRIE PLAIN 60% DOMSTC,EA,165,2/2LB,$12.11,0.00 EA,0.00 EA,$0.00
CHEESE MOZZ FEATHER SHRD,CS,166,4/5 LB,$51.73,0.00 CS,0.00 CS,$0.00
CHEESE MOZZ FEATHER SHRD,EA,166,4/5 LB,$12.93,0.00 EA,0.00 EA,$0.00
BEEF GRND LOAF 80/20 FRSH,CS,167,4/5 LB,$106.70,0.00 CS,0.00 CS,$0.00
BEEF GRND LOAF 80/20 FRSH,EA,167,4/5 LB,$26.68,0.00 EA,0.00 EA,$0.00
CARROT BABY BULK          5 LB,EA,168,5 LB,$9.55,0.00 EA,0.00 EA,$0.00
CARROT BABY BULK          5 LB,EA,168,5 LB,$9.55,0.00 EA,0.00 EA,$0.00
FOIL ALMN SHEET 12X10.75 POP,CS,169,6/500 CT,$119.27,0.00 CS,0.00 CS,$0.00
FOIL ALMN SHEET 12X10.75 POP,EA,169,6/500 CT,$19.88,0.00 EA,0.00 EA,$0.00
SALMON ATL PRTN BLSL 6 OZ NOR,CS,170,1/10LB,$154.55,0.00 CS,0.00 CS,$0.00
SALMON ATL PRTN BLSL 6 OZ NOR,EA,170,1/10LB,$154.60,0.00 EA,0.00 EA,$0.00
PEP BELL TRI-COLOR JULI 4X5 LB,CS,171,4X5 LB,$93.65,0.00 CS,0.00 CS,$0.00
PEP BELL TRI-COLOR JULI 4X5 LB,EA,171,4X5 LB,$93.65,0.00 EA,0.00 EA,$0.00
ONION YELLOW SLICED     4X5 LB,CS,172,4X5 LB,$53.35,0.00 CS,0.00 CS,$0.00
ONION YELLOW SLICED     4X5 LB,EA,172,4X5 LB,$53.35,0.00 EA,0.00 EA,$0.00
LETTUCE GREEN LEAF ( HALF CASE,EA,173,HALF CASE,$15.80,0.00 EA,0.00 EA,$0.00
LETTUCE GREEN LEAF ( HALF CASE,EA,173,HALF CASE,$15.80,0.00 EA,0.00 EA,$0.00
CAULIFLOWER BATTER DIPPED,CS,174,6/2 LB,$39.17,0.00 CS,0.00 CS,$0.00
CAULIFLOWER BATTER DIPPED,EA,174,6/2 LB,$6.53,0.00 EA,0.00 EA,$0.00
BLUEBERRY CULT IQF GR A P,CS,175,2/5 LB,$33.29,0.00 CS,0.00 CS,$0.00
BLUEBERRY CULT IQF GR A P,EA,175,2/5 LB,$16.65,0.00 EA,0.00 EA,$0.00
PEPPER BELL YELLOW        1 LB,LB,176,1 LB,$5.65,0.00 LB,0.00 LB,$0.00
PEPPER BELL YELLOW        1 LB,EA,176,1 LB,$5.65,0.00 EA,0.00 EA,$0.00
PEPPER BELL RED           1 LB,LB,177,1 LB,$5.95,0.00 LB,0.00 LB,$0.00
PEPPER BELL RED           1 LB,EA,177,1 LB,$5.95,0.00 EA,0.00 EA,$0.00
ONION YELLOW JUMBO       10 LB,EA,178,10 LB,$7.41,0.00 EA,0.00 EA,$0.00
ONION YELLOW JUMBO       10 LB,EA,178,10 LB,$7.41,0.00 EA,0.00 EA,$0.00
PEPPER BELL GREEN         1 LB,LB,179,1 LB,$6.12,0.00 LB,0.00 LB,$0.00
PEPPER BELL GREEN         1 LB,EA,179,1 LB,$6.12,0.00 EA,0.00 EA,$0.00
WATER FLAVOR MANGO 5+1,CS,180,3/3 LTR,$59.56,0.00 CS,0.00 CS,$0.00
WATER FLAVOR MANGO 5+1,EA,180,3/3 LTR,$19.85,0.00 EA,0.00 EA,$0.00
WATER FLAVOR STRWBRY KIWI 5+1,CS,181,3/3 LTR,$59.56,0.00 CS,0.00 CS,$0.00
WATER FLAVOR STRWBRY KIWI 5+1,EA,181,3/3 LTR,$19.85,0.00 EA,0.00 EA,$0.00
JUICE APPLE CONC 5+1,CS,182,3/3 LTR,$81.20,0.00 CS,0.00 CS,$0.00
JUICE APPLE CONC 5+1,EA,182,3/3 LTR,$27.07,0.00 EA,0.00 EA,$0.00
WATER FLAVOR WTRMLN 5+1,CS,183,3/3 L,$59.56,0.00 CS,0.00 CS,$0.00
WATER FLAVOR WTRMLN 5+1,EA,183,3/3 L,$19.85,0.00 EA,0.00 EA,$0.00
BLACKBERRY                3 CT,EA,184,3 CT,$11.49,0.00 EA,0.00 EA,$0.00
BLACKBERRY                3 CT,EA,184,3 CT,$11.49,0.00 EA,0.00 EA,$0.00
BLUEBERRY                 3 CT,EA,185,3 CT,$14.24,0.00 EA,0.00 EA,$0.00
BLUEBERRY                 3 CT,EA,185,3 CT,$14.24,0.00 EA,0.00 EA,$0.00
LETTUCE GREEN LEAF        6 CT,EA,186,6 CT,$10.49,0.00 EA,0.00 EA,$0.00
LETTUCE GREEN LEAF        6 CT,EA,186,6 CT,$10.49,0.00 EA,0.00 EA,$0.00
TOMATO 6X6 LARGE (25 HALF CASE,EA,187,HALF CASE,$16.50,0.00 EA,0.00 EA,$0.00
TOMATO 6X6 LARGE (25 HALF CASE,EA,187,HALF CASE,$16.50,0.00 EA,0.00 EA,$0.00
PARSLEY (60 CT)      HALF CASE,EA,188,HALF CASE,$18.18,0.00 EA,0.00 EA,$0.00
PARSLEY (60 CT)      HALF CASE,EA,188,HALF CASE,$18.18,0.00 EA,0.00 EA,$0.00
SPINACH CELLO (4X2.5 HALF CASE,EA,189,HALF CASE,$14.25,0.00 EA,0.00 EA,$0.00
SPINACH CELLO (4X2.5 HALF CASE,EA,189,HALF CASE,$14.25,0.00 EA,0.00 EA,$0.00
MUSHROOM BUTTON          10 LB,CS,190,10 LB,$33.95,0.00 CS,0.00 CS,$0.00
MUSHROOM BUTTON          10 LB,EA,190,10 LB,$33.95,0.00 EA,0.00 EA,$0.00
BANANA                    5 LB,EA,191,5 LB,$7.05,0.00 EA,0.00 EA,$0.00
BANANA                    5 LB,EA,191,5 LB,$7.05,0.00 EA,0.00 EA,$0.00
FORK PLAS PP REFILL BLK SRS T,CS,192,24/40 CT,$38.05,0.00 CS,0.00 CS,$0.00
FORK PLAS PP REFILL BLK SRS T,EA,192,24/40 CT,$1.58,0.00 EA,0.00 EA,$0.00
CHEESE CHEDDAR MILD SLI,CS,193,6/1.5 LB,$26.25,0.00 CS,0.00 CS,$0.00
CHEESE CHEDDAR MILD SLI,EA,193,6/1.5 LB,$4.38,0.00 EA,0.00 EA,$0.00
SPICE ONION POWDER,EA,194,1/20OZ,$6.01,0.00 EA,0.00 EA,$0.00
SPICE ONION POWDER,EA,194,1/20OZ,$6.01,0.00 EA,0.00 EA,$0.00
LETTUCE ICEBERG LINER    24 CT,CS,195,24 CT,$33.30,0.00 CS,0.00 CS,$0.00
LETTUCE ICEBERG LINER    24 CT,EA,195,24 CT,$33.30,0.00 EA,0.00 EA,$0.00
LETTUCE SWISS CHARD GREE 12 CT,CS,196,12 CT,$42.20,0.00 CS,0.00 CS,$0.00
LETTUCE SWISS CHARD GREE 12 CT,EA,196,12 CT,$42.20,0.00 EA,0.00 EA,$0.00
LETTUCE SWISS CHARD RED  12 CT,CS,197,12 CT,$42.20,0.00 CS,0.00 CS,$0.00
LETTUCE SWISS CHARD RED  12 CT,EA,197,12 CT,$42.20,0.00 EA,0.00 EA,$0.00
TOMATO ROMA SLICED 1/8  4X5 LB,CS,198,4X5 LB,$71.20,0.00 CS,0.00 CS,$0.00
TOMATO ROMA SLICED 1/8  4X5 LB,EA,198,4X5 LB,$71.20,0.00 EA,0.00 EA,$0.00
POTATO YUKON GOLD B      50 LB,CS,199,50 LB,$76.20,0.00 CS,0.00 CS,$0.00
POTATO YUKON GOLD B      50 LB,EA,199,50 LB,$76.20,0.00 EA,0.00 EA,$0.00
CANTALOUPE (9-15 CT) HALF CASE,EA,200,HALF CASE,$15.15,0.00 EA,0.00 EA,$0.00
CANTALOUPE (9-15 CT) HALF CASE,EA,200,HALF CASE,$15.15,0.00 EA,0.00 EA,$0.00
CUCUMBER ENGLISH (12 HALF CASE,EA,201,HALF CASE,$13.73,0.00 EA,0.00 EA,$0.00
CUCUMBER ENGLISH (12 HALF CASE,EA,201,HALF CASE,$13.73,0.00 EA,0.00 EA,$0.00
CELERY                   12 CT,EA,202,12 CT,$14.50,0.00 EA,0.00 EA,$0.00
CELERY                   12 CT,EA,202,12 CT,$14.50,0.00 EA,0.00 EA,$0.00
TOMATO CHERRY             3 CT,EA,203,3 CT,$11.40,0.00 EA,0.00 EA,$0.00
TOMATO CHERRY             3 CT,EA,203,3 CT,$11.40,0.00 EA,0.00 EA,$0.00
WALNUT PIECES HALVES,CS,204,1/5 LB,$42.28,0.00 CS,0.00 CS,$0.00
WALNUT PIECES HALVES,EA,204,1/5 LB,$42.28,0.00 EA,0.00 EA,$0.00
LIMES                     5 LB,EA,205,5 LB,$13.64,0.00 EA,0.00 EA,$0.00
LIMES                     5 LB,EA,205,5 LB,$13.64,0.00 EA,0.00 EA,$0.00
DOUGH COOKIE CARNIVAL,CS,206,80/4 OZ,$65.41,0.00 CS,0.00 CS,$0.00
DOUGH COOKIE CARNIVAL,EA,206,80/4 OZ,$0.82,0.00 EA,0.00 EA,$0.00
CONTAINER PLAS HNG BL/CL 38.9Z,CS,207,138/8X8IN,$47.25,0.00 CS,0.00 CS,$0.00
CONTAINER PLAS HNG BL/CL 38.9Z,EA,207,138/8X8IN,$0.34,0.00 EA,0.00 EA,$0.00
GRAPE GREEN SEEDLESS HALF CASE,EA,208,HALF CASE,$18.83,0.00 EA,0.00 EA,$0.00
GRAPE GREEN SEEDLESS HALF CASE,EA,208,HALF CASE,$18.83,0.00 EA,0.00 EA,$0.00
WATERMELON  BIN SEEDLESS 60 CT,CS,209,60 CT,$489.20,0.00 CS,0.00 CS,$0.00
WATERMELON  BIN SEEDLESS 60 CT,EA,209,60 CT,$489.20,0.00 EA,0.00 EA,$0.00
EGG SHELL LG WHT PASTEURIZED,CS,210,1/15 DZ,$49.43,0.00 CS,0.00 CS,$0.00
EGG SHELL LG WHT PASTEURIZED,EA,210,1/15 DZ,$49.43,0.00 EA,0.00 EA,$0.00
CHICKEN CVP BRST B/S 5OZ HAL,CS,211,4/5 LB,$85.63,0.00 CS,0.00 CS,$0.00
CHICKEN CVP BRST B/S 5OZ HAL,EA,211,4/5 LB,$21.41,0.00 EA,0.00 EA,$0.00
SHRIMP WHT P&D TLON 16/20 POF,CS,212,4/2.5LB,$86.31,0.00 CS,0.00 CS,$0.00
SHRIMP WHT P&D TLON 16/20 POF,EA,212,4/2.5LB,$21.58,0.00 EA,0.00 EA,$0.00
BEEF STRIP LN 0X1 CH 1/4IN TRM,CS,213,6/12#AVG,$13.10,0.00 CS,0.00 CS,$0.00
DOUGH COOKIE DBLCHOCCHNK 4.875,CS,214,104/3OZ,$86.10,0.00 CS,0.00 CS,$0.00
DOUGH COOKIE DBLCHOCCHNK 4.875,EA,214,104/3OZ,$0.83,0.00 EA,0.00 EA,$0.00
LEMONS CHOICE           165 CT,CS,215,165 CT,$36.27,0.00 CS,0.00 CS,$0.00
LEMONS CHOICE           165 CT,EA,215,165 CT,$36.27,0.00 EA,0.00 EA,$0.00
SAUSAGE ANDOUILLE LINK,CS,216,1/38 EA,$63.77,0.00 CS,0.00 CS,$0.00
SAUSAGE ANDOUILLE LINK,EA,216,1/38 EA,$63.77,0.00 EA,0.00 EA,$0.00
CAULIFLOWER               9 CT,CS,217,9 CT,$35.20,0.00 CS,0.00 CS,$0.00
CAULIFLOWER               9 CT,EA,217,9 CT,$35.20,0.00 EA,0.00 EA,$0.00
CHURRO PRFRD STWBRY,CS,218,"100/10""",$87.63,0.00 CS,0.00 CS,$0.00
CHURRO PRFRD STWBRY,EA,218,"100/10""",$0.88,0.00 EA,0.00 EA,$0.00
CAKE SHEET TRES LECHES,CS,219,2/92 OZ,$71.57,0.00 CS,0.00 CS,$0.00
CAKE SHEET TRES LECHES,EA,219,2/92 OZ,$35.79,0.00 EA,0.00 EA,$0.00
HONEYDEW CHUNKS         4X5 LB,CS,220,4X5 LB,$64.15,0.00 CS,0.00 CS,$0.00
HONEYDEW CHUNKS         4X5 LB,EA,220,4X5 LB,$64.15,0.00 EA,0.00 EA,$0.00
CANTALOUPE CHUNKS       4X5 LB,CS,221,4X5 LB,$66.40,0.00 CS,0.00 CS,$0.00
CANTALOUPE CHUNKS       4X5 LB,EA,221,4X5 LB,$66.40,0.00 EA,0.00 EA,$0.00
CORN YELLOW              12 CT,EA,222,12 CT,$19.73,0.00 EA,0.00 EA,$0.00
CORN YELLOW              12 CT,EA,222,12 CT,$19.73,0.00 EA,0.00 EA,$0.00
PEPPER JALAPENO          10 LB,EA,223,10 LB,$22.55,0.00 EA,0.00 EA,$0.00
PEPPER JALAPENO          10 LB,EA,223,10 LB,$22.55,0.00 EA,0.00 EA,$0.00
CARROT JUMBO             25 LB,CS,224,25 LB,$17.43,0.00 CS,0.00 CS,$0.00
CARROT JUMBO             25 LB,EA,224,25 LB,$17.43,0.00 EA,0.00 EA,$0.00
PASTA SPAGHETTI,CS,225,20/1 LB,$33.52,0.00 CS,0.00 CS,$0.00
PASTA SPAGHETTI,EA,225,20/1 LB,$1.68,0.00 EA,0.00 EA,$0.00
SUGAR BROWN DARK CANE,CS,226,1/50LB,$51.54,0.00 CS,0.00 CS,$0.00
SUGAR BROWN DARK CANE,EA,226,1/50LB,$51.54,0.00 EA,0.00 EA,$0.00
WINE COOKING SHAOXING,CS,227,1/1 GAL,$19.35,0.00 CS,0.00 CS,$0.00
WINE COOKING SHAOXING,EA,227,1/1 GAL,$19.35,0.00 EA,0.00 EA,$0.00
SAUCE CARAMEL DESIGNER DESSERT,CS,228,12/17 OZ,$42.00,0.00 CS,0.00 CS,$0.00
SAUCE CARAMEL DESIGNER DESSERT,EA,228,12/17 OZ,$3.50,0.00 EA,0.00 EA,$0.00
SAUCE SOY TAMARI GF LS,CS,229,6/.5GAL,$82.28,0.00 CS,0.00 CS,$0.00
SAUCE SOY TAMARI GF LS,EA,229,6/.5GAL,$13.71,0.00 EA,0.00 EA,$0.00
SHRIMP WHT RAW 71-90 CT,CS,230,5/2 LB,$68.51,0.00 CS,0.00 CS,$0.00
SHRIMP WHT RAW 71-90 CT,EA,230,5/2 LB,$13.70,0.00 EA,0.00 EA,$0.00
CELERY                   30 CT,CS,231,30 CT,$43.25,0.00 CS,0.00 CS,$0.00
CELERY                   30 CT,EA,231,30 CT,$43.25,0.00 EA,0.00 EA,$0.00
SQUASH ZUCCHINI (20  HALF CASE,EA,232,HALF CASE,$14.35,0.00 EA,0.00 EA,$0.00
SQUASH ZUCCHINI (20  HALF CASE,EA,232,HALF CASE,$14.35,0.00 EA,0.00 EA,$0.00
POTATO YUKON GOLD A # 50 LB SK,EA,233,50 LB SK,$30.65,0.00 EA,0.00 EA,$0.00
POTATO YUKON GOLD A # 50 LB SK,EA,233,50 LB SK,$30.65,0.00 EA,0.00 EA,$0.00
CATFISH FIL SHANK BRD 4 OZ USA,CS,234,1/15LB,$101.36,0.00 CS,0.00 CS,$0.00
CATFISH FIL SHANK BRD 4 OZ USA,EA,234,1/15LB,$101.40,0.00 EA,0.00 EA,$0.00
SPICE BLEND GREEK FRK SLT FREE,CS,235,1/11.5OZ,$20.78,0.00 CS,0.00 CS,$0.00
SPICE BLEND GREEK FRK SLT FREE,EA,235,1/11.5OZ,$20.78,0.00 EA,0.00 EA,$0.00
SPICE BLEND RLLY RANCH SLT FR,CS,236,1/16 OZ,$23.35,0.00 CS,0.00 CS,$0.00
SPICE BLEND RLLY RANCH SLT FR,EA,236,1/16 OZ,$23.35,0.00 EA,0.00 EA,$0.00
SPICE BLEND CHIMICHURRI,CS,237,1/16 OZ,$20.69,0.00 CS,0.00 CS,$0.00
SPICE BLEND CHIMICHURRI,EA,237,1/16 OZ,$20.69,0.00 EA,0.00 EA,$0.00
SPICE BLEND BLACK & BLEU,CS,238,1/18 OZ,$29.24,0.00 CS,0.00 CS,$0.00
SPICE BLEND BLACK & BLEU,EA,238,1/18 OZ,$29.24,0.00 EA,0.00 EA,$0.00
SEASONING RUB MAPLE BOURBON,CS,239,1/22 OZ,$25.11,0.00 CS,0.00 CS,$0.00
SEASONING RUB MAPLE BOURBON,EA,239,1/22 OZ,$25.11,0.00 EA,0.00 EA,$0.00
SPICE BBQ KOREAN,CS,240,1/16 OZ,$24.40,0.00 CS,0.00 CS,$0.00
SPICE BBQ KOREAN,EA,240,1/16 OZ,$24.40,0.00 EA,0.00 EA,$0.00
DOUGH ROLL CINN FZ TO OVN,CS,241,200/1.5 OZ,$59.30,0.00 CS,0.00 CS,$0.00
DOUGH ROLL CINN FZ TO OVN,EA,241,200/1.5 OZ,$0.30,0.00 EA,0.00 EA,$0.00
CHEESE PARMESAN GRATED 100%,CS,242,200/6 GRAM,$24.64,0.00 CS,0.00 CS,$0.00
CHEESE PARMESAN GRATED 100%,EA,242,200/6 GRAM,$0.12,0.00 EA,0.00 EA,$0.00
SHRIMP WHT P&D TLOF 71/90,CS,243,4/2.5 LB,$64.59,0.00 CS,0.00 CS,$0.00
SHRIMP WHT P&D TLOF 71/90,EA,243,4/2.5 LB,$16.15,0.00 EA,0.00 EA,$0.00
EGG SHELL LG PASTEURIZED CF,CS,244,1/15 DZ,$63.35,0.00 CS,0.00 CS,$0.00
EGG SHELL LG PASTEURIZED CF,EA,244,1/15 DZ,$63.35,0.00 EA,0.00 EA,$0.00
SPOON PLAS PS REFILL BLK SRS T,CS,245,24/40 CT,$45.75,0.00 CS,0.00 CS,$0.00
SPOON PLAS PS REFILL BLK SRS T,EA,245,24/40 CT,$1.91,0.00 EA,0.00 EA,$0.00
TOMATO 5X6 EXTRA LARGE   25 LB,CS,246,25 LB,$37.04,0.00 CS,0.00 CS,$0.00
TOMATO 5X6 EXTRA LARGE   25 LB,EA,246,25 LB,$37.04,0.00 EA,0.00 EA,$0.00
MUSHROOM CRIMINI SLICED   5 LB,CS,247,5 LB,$24.70,0.00 CS,0.00 CS,$0.00
MUSHROOM CRIMINI SLICED   5 LB,EA,247,5 LB,$24.70,0.00 EA,0.00 EA,$0.00
ONION WHITE MEDIUM       50 LB,CS,248,50 LB,$24.70,0.00 CS,0.00 CS,$0.00
ONION WHITE MEDIUM       50 LB,EA,248,50 LB,$24.70,0.00 EA,0.00 EA,$0.00
PICKLE CHIP DILL KO RE KK 5/16,CS,249,1/5 GAL,$37.64,0.00 CS,0.00 CS,$0.00
PICKLE CHIP DILL KO RE KK 5/16,EA,249,1/5 GAL,$37.64,0.00 EA,0.00 EA,$0.00
CHEESE CHDR MILD YEL SLI INTLF,CS,250,8/1.5 LB,$35.78,0.00 CS,0.00 CS,$0.00
CHEESE CHDR MILD YEL SLI INTLF,EA,250,8/1.5 LB,$4.47,0.00 EA,0.00 EA,$0.00
CHEESE CHDR MILD FCY SHRD YEL,CS,251,4/5LB,$51.07,0.00 CS,0.00 CS,$0.00
CHEESE CHDR MILD FCY SHRD YEL,EA,251,4/5LB,$12.77,0.00 EA,0.00 EA,$0.00
CREAMER COFFEE LIQ HZLNT,CS,252,3/1.5GAL,$98.76,0.00 CS,0.00 CS,$0.00
CREAMER COFFEE LIQ HZLNT,EA,252,3/1.5GAL,$32.92,0.00 EA,0.00 EA,$0.00
CUP PAPER HOT 12OZ,CS,253,920/12 OZ,$96.65,0.00 CS,0.00 CS,$0.00
CUP PAPER HOT 12OZ,EA,253,920/12 OZ,$0.11,0.00 EA,0.00 EA,$0.00
PICK BAMBOO FRILL 3 IN,EA,254,1/1000CT,$4.51,0.00 EA,0.00 EA,$0.00
PICK BAMBOO FRILL 3 IN,EA,254,1/1000CT,$4.51,0.00 EA,0.00 EA,$0.00
CREAMER COFFEE NONDAIRY FR VAN,CS,255,180/3/8OZ,$13.78,0.00 CS,0.00 CS,$0.00
CREAMER COFFEE NONDAIRY FR VAN,EA,255,180/3/8OZ,$0.08,0.00 EA,0.00 EA,$0.00
SAUCE CHILI HOT SRIRACHA,CS,256,6/20 OZ,$22.37,0.00 CS,0.00 CS,$0.00
SAUCE CHILI HOT SRIRACHA,EA,256,6/20 OZ,$3.73,0.00 EA,0.00 EA,$0.00
SAUCE PONZU,CS,257,6/375 ML,$67.50,0.00 CS,0.00 CS,$0.00
SAUCE PONZU,EA,257,6/375 ML,$11.25,0.00 EA,0.00 EA,$0.00
CABBAGE BOK CHOY          5 LB,EA,258,5 LB,$8.78,0.00 EA,0.00 EA,$0.00
CABBAGE BOK CHOY          5 LB,EA,258,5 LB,$8.78,0.00 EA,0.00 EA,$0.00
MUFFIN ASST IW,CS,259,24/4 OZ,$28.00,0.00 CS,0.00 CS,$0.00
MUFFIN ASST IW,EA,259,24/4 OZ,$1.17,0.00 EA,0.00 EA,$0.00
POTATO FRY SURECRISP BTR,CS,260,6/5 LB,$52.67,0.00 CS,0.00 CS,$0.00
POTATO FRY SURECRISP BTR,EA,260,6/5 LB,$8.78,0.00 EA,0.00 EA,$0.00
CEREAL HOT GRITS OLD FSHN,CS,261,8/5 LB,$39.85,0.00 CS,0.00 CS,$0.00
CEREAL HOT GRITS OLD FSHN,EA,261,8/5 LB,$4.98,0.00 EA,0.00 EA,$0.00
LETTUCE LOLLA ROSA        2 LB,CS,262,2 LB,$24.20,0.00 CS,0.00 CS,$0.00
LETTUCE LOLLA ROSA        2 LB,EA,262,2 LB,$24.20,0.00 EA,0.00 EA,$0.00
JUICE LIME LTLY PAST,CS,263,4/1GAL,$53.82,0.00 CS,0.00 CS,$0.00
JUICE LIME LTLY PAST,EA,263,4/1GAL,$13.46,0.00 EA,0.00 EA,$0.00
CABBAGE BOK CHOY         50 LB,CS,264,50 LB,$49.20,0.00 CS,0.00 CS,$0.00
CABBAGE BOK CHOY         50 LB,EA,264,50 LB,$49.20,0.00 EA,0.00 EA,$0.00
ONION GREEN ICELESS      12 CT,EA,265,12 CT,,0.00 EA,0.00 EA,$0.00
ONION GREEN ICELESS      12 CT,EA,265,12 CT,$13.68,0.00 EA,0.00 EA,$0.00
RASPBERRY                12 CT,CS,266,12 CT,$35.80,0.00 CS,0.00 CS,$0.00
RASPBERRY                12 CT,EA,266,12 CT,$35.80,0.00 EA,0.00 EA,$0.00
PINEAPPLE RING          4X5 LB,CS,267,4X5 LB,$67.90,0.00 CS,0.00 CS,$0.00
PINEAPPLE RING          4X5 LB,EA,267,4X5 LB,$67.90,0.00 EA,0.00 EA,$0.00
PRETZEL SOFT BAVARIAN 7OZ,CS,268,10/4 PK,$63.28,0.00 CS,0.00 CS,$0.00
PRETZEL SOFT BAVARIAN 7OZ,EA,268,10/4 PK,$6.33,0.00 EA,0.00 EA,$0.00
ROLL HOAGIE 8 IN UNSL NY STY,CS,269,12/6 CT,$48.46,0.00 CS,0.00 CS,$0.00
ROLL HOAGIE 8 IN UNSL NY STY,EA,269,12/6 CT,$4.04,0.00 EA,0.00 EA,$0.00
CARROT JUMBO             50 LB,CS,270,50 LB,$39.01,0.00 CS,0.00 CS,$0.00
CARROT JUMBO             50 LB,EA,270,50 LB,$39.01,0.00 EA,0.00 EA,$0.00
LETTUCE ICEBERG LINE HALF CASE,EA,271,HALF CASE,$16.88,0.00 EA,0.00 EA,$0.00
LETTUCE ICEBERG LINE HALF CASE,EA,271,HALF CASE,$16.88,0.00 EA,0.00 EA,$0.00
PINEAPPLE CHUNKS        4X5 LB,CS,272,4X5 LB,$64.45,0.00 CS,0.00 CS,$0.00
PINEAPPLE CHUNKS        4X5 LB,EA,272,4X5 LB,$64.45,0.00 EA,0.00 EA,$0.00
PEPPER SHISHITO          10 LB,CS,273,10 LB,$84.20,0.00 CS,0.00 CS,$0.00
PEPPER SHISHITO          10 LB,EA,273,10 LB,$84.20,0.00 EA,0.00 EA,$0.00
TOMATILLO PEELED         10 LB,EA,274,10 LB,$19.09,0.00 EA,0.00 EA,$0.00
TOMATILLO PEELED         10 LB,EA,274,10 LB,$19.09,0.00 EA,0.00 EA,$0.00
PRETZEL TINY TWIST CLS LSS,CS,275,64/2 OZ,$45.90,0.00 CS,0.00 CS,$0.00
PRETZEL TINY TWIST CLS LSS,EA,275,64/2 OZ,$0.72,0.00 EA,0.00 EA,$0.00
SPICE PARSLEY FLAKE,EA,276,1/2OZ,$5.59,0.00 EA,0.00 EA,$0.00
SPICE PARSLEY FLAKE,EA,276,1/2OZ,$5.59,0.00 EA,0.00 EA,$0.00
MUSHROOM PORTABELLO CAP S 5 LB,CS,277,5 LB,$25.20,0.00 CS,0.00 CS,$0.00
MUSHROOM PORTABELLO CAP S 5 LB,EA,277,5 LB,$25.20,0.00 EA,0.00 EA,$0.00
MOLASSES PURE POMEGRANATE,CS,278,12/20 OZ,$135.15,0.00 CS,0.00 CS,$0.00
MOLASSES PURE POMEGRANATE,EA,278,12/20 OZ,$11.26,0.00 EA,0.00 EA,$0.00
BAG PLAS T-SHRT THNKYOU12X7X22,CS,279,1/1000CT,$36.54,0.00 CS,0.00 CS,$0.00
BAG PLAS T-SHRT THNKYOU12X7X22,EA,279,1/1000CT,$36.54,0.00 EA,0.00 EA,$0.00
ONION YELLOW JUMBO 5 HALF CASE,EA,280,HALF CASE,$14.82,0.00 EA,0.00 EA,$0.00
ONION YELLOW JUMBO 5 HALF CASE,EA,280,HALF CASE,$14.82,0.00 EA,0.00 EA,$0.00
WATERMELON CHUNKS         5 LB,EA,281,5 LB,$20.01,0.00 EA,0.00 EA,$0.00
WATERMELON CHUNKS         5 LB,EA,281,5 LB,$20.01,0.00 EA,0.00 EA,$0.00
SPOON PLAS SOUP PS REFILL BLK,CS,282,24/40 CT,$45.75,0.00 CS,0.00 CS,$0.00
SPOON PLAS SOUP PS REFILL BLK,EA,282,24/40 CT,$1.91,0.00 EA,0.00 EA,$0.00
CILANTRO                 12 CT,EA,283,12 CT,$8.25,0.00 EA,0.00 EA,$0.00
CILANTRO                 12 CT,EA,283,12 CT,$8.25,0.00 EA,0.00 EA,$0.00
ONION YELLOW JUMBO        5 LB,EA,284,5 LB,$5.86,0.00 EA,0.00 EA,$0.00
ONION YELLOW JUMBO        5 LB,EA,284,5 LB,$5.86,0.00 EA,0.00 EA,$0.00
SUGAR GRANULATED XFINE CANE,CS,285,1/25LB,$22.31,0.00 CS,0.00 CS,$0.00
SUGAR GRANULATED XFINE CANE,EA,285,1/25LB,$22.31,0.00 EA,0.00 EA,$0.00
SAUCE MASALA TIKKA,CS,286,2/4LBS,$38.19,0.00 CS,0.00 CS,$0.00
SAUCE MASALA TIKKA,EA,286,2/4LBS,$19.10,0.00 EA,0.00 EA,$0.00
CREPE PLAIN 6,CS,287,5/20 CT,$44.32,0.00 CS,0.00 CS,$0.00
CREPE PLAIN 6,EA,287,5/20 CT,$8.86,0.00 EA,0.00 EA,$0.00
PEARS BOSC                5 LB,EA,288,5 LB,$9.01,0.00 EA,0.00 EA,$0.00
PEARS BOSC                5 LB,EA,288,5 LB,$9.01,0.00 EA,0.00 EA,$0.00
SALAMI GENOA SLICED,CS,289,2/5 LB,$54.35,0.00 CS,0.00 CS,$0.00
SALAMI GENOA SLICED,EA,289,2/5 LB,$27.18,0.00 EA,0.00 EA,$0.00
COFFEE GRND VERONA REG US,CS,290,32/5 OZ,$153.55,0.00 CS,0.00 CS,$0.00
COFFEE GRND VERONA REG US,EA,290,32/5 OZ,$4.80,0.00 EA,0.00 EA,$0.00
SAUCE DEMI GLACE CONC NO COOK,CS,291,4/4.25LB,$123.48,0.00 CS,0.00 CS,$0.00
SAUCE DEMI GLACE CONC NO COOK,EA,291,4/4.25LB,$30.87,0.00 EA,0.00 EA,$0.00
CEREAL OATMEAL MAPLE BRN SUG,CS,292,24/1.69OZ,$30.59,0.00 CS,0.00 CS,$0.00
CEREAL OATMEAL MAPLE BRN SUG,EA,292,24/1.69OZ,$1.28,0.00 EA,0.00 EA,$0.00
CUP PAPER HOT WORLD COMPOST 12,CS,293,20/50 CT,$128.56,0.00 CS,0.00 CS,$0.00
CUP PAPER HOT WORLD COMPOST 12,EA,293,20/50 CT,$6.43,0.00 EA,0.00 EA,$0.00
SLEEVE FOR CUP HOT PCF RSK-20,CS,294,1/1200CT,$70.90,0.00 CS,0.00 CS,$0.00
SLEEVE FOR CUP HOT PCF RSK-20,EA,294,1/1200CT,$70.90,0.00 EA,0.00 EA,$0.00
POTATO A RED             50 LB,CS,295,50 LB,$31.70,0.00 CS,0.00 CS,$0.00
POTATO A RED             50 LB,EA,295,50 LB,$31.70,0.00 EA,0.00 EA,$0.00
